#pragma once

#include <Arduino.h>

#include "BitmapFont.h"

// Generated from MesloLGS NF Regular.ttf.
// Source SHA-256: d97946186e97f8d7c0139e8983abf40a1d2d086924f2c5dbf1c29bd8f2c6e57d
// Subset: printable ASCII, German umlauts/eszett and five icons.
// Grayscale coverage is converted to 1-bit with these thresholds:
// 16px=100, 20px=106, 24px=112, 36px=118

const uint8_t Meslo16Bitmaps[] PROGMEM = {
    0x0C, 0x03, 0x00, 0xC0, 0x30, 0x0C, 0x03, 0x00, 0xC0, 0x30, 0x00, 0x00,
    0x00, 0x00, 0x30, 0x63, 0x18, 0xC6, 0x31, 0x8C, 0x63, 0x00, 0x00, 0x00,
    0x00, 0x00, 0x00, 0x00, 0x00, 0x00, 0x09, 0x82, 0x41, 0x91, 0xFF, 0x13,
    0x04, 0x81, 0x20, 0xD8, 0xFF, 0x89, 0x02, 0x41, 0xB0, 0x04, 0x01, 0x01,
    0xF0, 0xF4, 0x64, 0x09, 0x03, 0xC0, 0x3C, 0x05, 0x81, 0x66, 0xD0, 0xF8,
    0x04, 0x01, 0x00, 0x40, 0x70, 0x32, 0x08, 0x83, 0x20, 0x73, 0x87, 0x07,
    0x70, 0x12, 0x0C, 0x81, 0x20, 0x70, 0x1E, 0x0C, 0x02, 0x00, 0xC0, 0x30,
    0x0E, 0x06, 0xCB, 0x32, 0xC6, 0x90, 0xE6, 0x38, 0xFE, 0x0C, 0x03, 0x00,
    0xC0, 0x30, 0x0C, 0x00, 0x00, 0x00, 0x00, 0x00, 0x00, 0x00, 0x00, 0x00,
    0x06, 0x03, 0x00, 0xC0, 0x20, 0x18, 0x06, 0x01, 0x80, 0x60, 0x18, 0x06,
    0x00, 0x80, 0x30, 0x0C, 0x01, 0x80, 0x10, 0x06, 0x00, 0x80, 0x30, 0x0C,
    0x01, 0x00, 0x40, 0x10, 0x04, 0x03, 0x00, 0xC0, 0x20, 0x18, 0x04, 0x00,
    0x0C, 0x03, 0x06, 0xD8, 0xFC, 0x1C, 0x0F, 0xC6, 0xD8, 0x30, 0x0C, 0x00,
    0x00, 0x00, 0x00, 0x0C, 0x03, 0x00, 0xC1, 0xFE, 0x0C, 0x03, 0x00, 0xC0,
    0x30, 0x00, 0x00, 0x1C, 0x07, 0x01, 0xC0, 0x60, 0x18, 0x00, 0x7F, 0x80,
    0x00, 0x00, 0x00, 0x00, 0x00, 0x00, 0x1C, 0x07, 0x01, 0xC0, 0x01, 0x00,
    0xC0, 0x20, 0x18, 0x04, 0x03, 0x00, 0x80, 0x60, 0x18, 0x0C, 0x03, 0x01,
    0x80, 0x60, 0x00, 0x1E, 0x0C, 0xC6, 0x31, 0x8C, 0x67, 0x9B, 0x66, 0x99,
    0xE6, 0x71, 0x18, 0xC3, 0x30, 0x78, 0x1C, 0x0F, 0x02, 0xC0, 0x30, 0x0C,
    0x03, 0x00, 0xC0, 0x30, 0x0C, 0x03, 0x00, 0xC0, 0xFE, 0x3E, 0x18, 0xC0,
    0x30, 0x0C, 0x03, 0x00, 0xC0, 0x60, 0x30, 0x18, 0x0C, 0x02, 0x01, 0xFC,
    0x3E, 0x00, 0xC0, 0x30, 0x0C, 0x03, 0x07, 0x80, 0x30, 0x04, 0x01, 0x80,
    0x44, 0x31, 0xF8, 0x06, 0x03, 0x80, 0xE0, 0x68, 0x12, 0x0C, 0x86, 0x21,
    0x08, 0x7F, 0x80, 0x80, 0x20, 0x08, 0x3F, 0x08, 0x02, 0x00, 0x80, 0x3E,
    0x01, 0xC0, 0x30, 0x04, 0x01, 0x00, 0xC4, 0x71, 0xF8, 0x1F, 0x0C, 0x02,
    0x01, 0x80, 0x7E, 0x1C, 0xC6, 0x11, 0x86, 0x61, 0x98, 0x43, 0x30, 0x78,
    0x7F, 0x80, 0xC0, 0x30, 0x08, 0x06, 0x01, 0x80, 0x40, 0x30, 0x0C, 0x06,
    0x01, 0x80, 0x60, 0x1E, 0x0C, 0xC6, 0x11, 0x84, 0x33, 0x07, 0x83, 0x31,
    0x86, 0x61, 0x98, 0x67, 0x30, 0x78, 0x3E, 0x0C, 0xC6, 0x31, 0x84, 0x61,
    0x98, 0xE3, 0x38, 0xF6, 0x01, 0x00, 0xC0, 0x60, 0xF0, 0x1C, 0x07, 0x01,
    0xC0, 0x00, 0x00, 0x00, 0x01, 0xC0, 0x70, 0x1C, 0x00, 0x1C, 0x07, 0x01,
    0xC0, 0x00, 0x00, 0x00, 0x01, 0xC0, 0x70, 0x1C, 0x06, 0x01, 0x80, 0x00,
    0x81, 0xE1, 0xE1, 0xC0, 0x70, 0x07, 0x80, 0x78, 0x02, 0x00, 0x00, 0x7F,
    0x80, 0x00, 0x00, 0x00, 0x7F, 0x80, 0x00, 0x00, 0x00, 0x40, 0x1E, 0x01,
    0xE0, 0x0E, 0x03, 0x87, 0x87, 0x01, 0x00, 0x00, 0x00, 0x3E, 0x08, 0xC0,
    0x30, 0x0C, 0x03, 0x01, 0x80, 0xC0, 0x30, 0x08, 0x02, 0x00, 0x00, 0x30,
    0x1F, 0x0C, 0x66, 0x09, 0x3E, 0xC9, 0xB6, 0x29, 0x8B, 0x26, 0xCF, 0x90,
    0x06, 0x00, 0xC0, 0x1F, 0x80, 0x0C, 0x07, 0x01, 0xE0, 0x58, 0x36, 0x0C,
    0xC3, 0x30, 0x8C, 0x7F, 0x18, 0x64, 0x1B, 0x06, 0x7E, 0x18, 0xC6, 0x11,
    0x86, 0x63, 0x1F, 0x86, 0x31, 0x86, 0x61, 0x98, 0x66, 0x39, 0xFC, 0x1F,
    0x0C, 0x42, 0x01, 0x80, 0x60, 0x18, 0x06, 0x01, 0x80, 0x60, 0x08, 0x03,
    0x10, 0x7C, 0x7C, 0x19, 0x86, 0x31, 0x84, 0x61, 0x98, 0x66, 0x19, 0x86,
    0x61, 0x18, 0xC6, 0x61, 0xF0, 0x7F, 0x98, 0x06, 0x01, 0x80, 0x60, 0x1F,
    0xC6, 0x01, 0x80, 0x60, 0x18, 0x06, 0x01, 0xFE, 0x3F, 0x8C, 0x03, 0x00,
    0xC0, 0x30, 0x0F, 0xC3, 0x00, 0xC0, 0x30, 0x0C, 0x03, 0x00, 0xC0, 0x1F,
    0x0C, 0x46, 0x01, 0x80, 0x60, 0x18, 0x06, 0x79, 0x86, 0x61, 0x98, 0x63,
    0x18, 0x7C, 0x61, 0x98, 0x66, 0x19, 0x86, 0x61, 0x9F, 0xE6, 0x19, 0x86,
    0x61, 0x98, 0x66, 0x19, 0x86, 0x7F, 0x03, 0x00, 0xC0, 0x30, 0x0C, 0x03,
    0x00, 0xC0, 0x30, 0x0C, 0x03, 0x00, 0xC1, 0xFC, 0x1F, 0x00, 0xC0, 0x30,
    0x0C, 0x03, 0x00, 0xC0, 0x30, 0x0C, 0x03, 0x00, 0x84, 0x61, 0xF0, 0x61,
    0x98, 0xC6, 0x61, 0xB0, 0x78, 0x1E, 0x07, 0xC1, 0x98, 0x66, 0x18, 0xC6,
    0x19, 0x86, 0x20, 0x08, 0x02, 0x00, 0x80, 0x20, 0x08, 0x02, 0x00, 0x80,
    0x20, 0x08, 0x02, 0x00, 0xFE, 0xE3, 0xB8, 0xEE, 0x7B, 0xDE, 0xD5, 0xB7,
    0x6D, 0xDB, 0x26, 0xC1, 0xB0, 0x6C, 0x1B, 0x06, 0xE1, 0xB8, 0x6F, 0x1B,
    0xC6, 0xD1, 0xB6, 0x6C, 0x9B, 0x36, 0xC5, 0xB1, 0xEC, 0x3B, 0x0E, 0x1E,
    0x0C, 0xC6, 0x11, 0x86, 0x61, 0x98, 0x66, 0x19, 0x86, 0x61, 0x98, 0x43,
    0x30, 0x78, 0x7E, 0x18, 0xC6, 0x19, 0x86, 0x61, 0x98, 0xC7, 0xE1, 0x80,
    0x60, 0x18, 0x06, 0x01, 0x80, 0x1E, 0x0C, 0xC6, 0x11, 0x86, 0x61, 0x98,
    0x66, 0x19, 0x86, 0x61, 0x98, 0x43, 0x30, 0x78, 0x07, 0x00, 0xC0, 0x7E,
    0x18, 0xC6, 0x31, 0x84, 0x63, 0x18, 0xC7, 0xE1, 0x98, 0x63, 0x18, 0x46,
    0x19, 0x82, 0x1F, 0x0C, 0x46, 0x01, 0x80, 0x70, 0x0F, 0x81, 0xF0, 0x0E,
    0x01, 0x80, 0x66, 0x31, 0xF8, 0xFF, 0x83, 0x00, 0xC0, 0x30, 0x0C, 0x03,
    0x00, 0xC0, 0x30, 0x0C, 0x03, 0x00, 0xC0, 0x30, 0x61, 0x98, 0x66, 0x19,
    0x86, 0x61, 0x98, 0x66, 0x19, 0x86, 0x61, 0x98, 0x43, 0x30, 0x78, 0xC1,
    0x98, 0x66, 0x19, 0x84, 0x23, 0x0C, 0xC3, 0x20, 0xC8, 0x16, 0x07, 0x81,
    0xC0, 0x30, 0xC0, 0xF0, 0x3C, 0x0B, 0x32, 0x4D, 0x97, 0x65, 0xD9, 0xDE,
    0x73, 0x9C, 0xC7, 0x30, 0x8C, 0x61, 0x98, 0x43, 0x30, 0x58, 0x1E, 0x03,
    0x01, 0xC0, 0x78, 0x33, 0x08, 0xC6, 0x1B, 0x06, 0xC1, 0x98, 0x62, 0x30,
    0xC8, 0x16, 0x07, 0x00, 0xC0, 0x30, 0x0C, 0x03, 0x00, 0xC0, 0x30, 0x7F,
    0x80, 0x60, 0x30, 0x0C, 0x06, 0x03, 0x00, 0xC0, 0x60, 0x10, 0x0C, 0x06,
    0x01, 0xFE, 0x0F, 0x03, 0x00, 0xC0, 0x30, 0x0C, 0x03, 0x00, 0xC0, 0x30,
    0x0C, 0x03, 0x00, 0xC0, 0x30, 0x0C, 0x03, 0xC0, 0x60, 0x18, 0x03, 0x00,
    0xC0, 0x18, 0x06, 0x00, 0x80, 0x30, 0x04, 0x01, 0x80, 0x20, 0x0C, 0x01,
    0x00, 0x3C, 0x03, 0x00, 0xC0, 0x30, 0x0C, 0x03, 0x00, 0xC0, 0x30, 0x0C,
    0x03, 0x00, 0xC0, 0x30, 0x0C, 0x0F, 0x00, 0x0C, 0x07, 0x83, 0x31, 0x86,
    0x40, 0x80, 0x00, 0x00, 0x00, 0x00, 0x00, 0x00, 0x00, 0x00, 0x00, 0x00,
    0x0F, 0xFC, 0x30, 0x06, 0x00, 0xC0, 0x00, 0x00, 0x00, 0x00, 0x00, 0x00,
    0x00, 0x00, 0x00, 0x00, 0x00, 0x00, 0x00, 0x3E, 0x08, 0xC0, 0x10, 0x04,
    0x3F, 0x18, 0x46, 0x31, 0x8C, 0x3D, 0x00, 0x60, 0x18, 0x06, 0x01, 0xB8,
    0x73, 0x18, 0x46, 0x19, 0x86, 0x61, 0x98, 0x47, 0x31, 0xF8, 0x1F, 0x0C,
    0x43, 0x00, 0x80, 0x60, 0x08, 0x03, 0x00, 0xC4, 0x1F, 0x00, 0x01, 0x00,
    0x40, 0x10, 0x7C, 0x33, 0x18, 0xC6, 0x11, 0x84, 0x61, 0x18, 0xC3, 0x30,
    0x7C, 0x1E, 0x0C, 0xC6, 0x19, 0xFE, 0x60, 0x18, 0x06, 0x00, 0xC4, 0x1F,
    0x00, 0x07, 0x03, 0x00, 0x81, 0xFC, 0x08, 0x02, 0x00, 0x80, 0x20, 0x08,
    0x02, 0x00, 0x80, 0x20, 0x1F, 0x0C, 0xC6, 0x31, 0x84, 0x61, 0x18, 0x46,
    0x30, 0xCC, 0x1F, 0x00, 0xC2, 0x30, 0xF8, 0x60, 0x18, 0x06, 0x01, 0xB8,
    0x73, 0x18, 0x46, 0x11, 0x84, 0x61, 0x18, 0x46, 0x11, 0x84, 0x04, 0x00,
    0x00, 0x00, 0xF0, 0x04, 0x01, 0x00, 0x40, 0x10, 0x04, 0x01, 0x00, 0x40,
    0xFE, 0x04, 0x00, 0x00, 0x00, 0xF0, 0x04, 0x01, 0x00, 0x40, 0x10, 0x04,
    0x01, 0x00, 0x40, 0x10, 0x04, 0x03, 0x07, 0x80, 0x20, 0x08, 0x02, 0x00,
    0x8C, 0x26, 0x0B, 0x03, 0xC0, 0xF0, 0x36, 0x08, 0xC2, 0x30, 0x86, 0x3C,
    0x03, 0x00, 0xC0, 0x30, 0x0C, 0x03, 0x00, 0xC0, 0x30, 0x0C, 0x03, 0x00,
    0xC0, 0x1E, 0x7B, 0x1B, 0x64, 0xD9, 0x36, 0x4D, 0x93, 0x64, 0xD9, 0x36,
    0x4D, 0x80, 0x6E, 0x1C, 0xC6, 0x11, 0x84, 0x61, 0x18, 0x46, 0x11, 0x84,
    0x61, 0x00, 0x1E, 0x0C, 0xC6, 0x11, 0x86, 0x61, 0x98, 0x66, 0x10, 0xCC,
    0x1E, 0x00, 0x7E, 0x1C, 0xC6, 0x11, 0x86, 0x61, 0x98, 0x66, 0x11, 0xCC,
    0x7E, 0x18, 0x06, 0x01, 0x80, 0x1F, 0x0C, 0xC6, 0x31, 0x84, 0x61, 0x18,
    0x46, 0x30, 0xCC, 0x1F, 0x00, 0x40, 0x10, 0x04, 0x17, 0x87, 0x21, 0x80,
    0x60, 0x10, 0x04, 0x01, 0x00, 0x40, 0x10, 0x00, 0x1E, 0x0C, 0x42, 0x00,
    0xE0, 0x1E, 0x01, 0xC0, 0x30, 0x8C, 0x3E, 0x00, 0x08, 0x06, 0x01, 0x81,
    0xFC, 0x18, 0x06, 0x01, 0x80, 0x60, 0x18, 0x06, 0x01, 0x80, 0x3C, 0x61,
    0x18, 0x46, 0x11, 0x84, 0x61, 0x18, 0x42, 0x30, 0xCC, 0x1D, 0x00, 0x61,
    0x98, 0x42, 0x30, 0xCC, 0x32, 0x05, 0x81, 0xE0, 0x70, 0x0C, 0x00, 0xC0,
    0xF0, 0x2C, 0x09, 0x36, 0x4D, 0x9F, 0x47, 0x70, 0xCC, 0x33, 0x00, 0x61,
    0x0C, 0xC1, 0x60, 0x70, 0x0C, 0x07, 0x83, 0x60, 0x8C, 0x61, 0x80, 0x61,
    0x98, 0x62, 0x30, 0xCC, 0x32, 0x05, 0x81, 0xE0, 0x30, 0x0C, 0x02, 0x01,
    0x81, 0xC0, 0x3F, 0x00, 0xC0, 0x60, 0x18, 0x0C, 0x06, 0x03, 0x00, 0xC0,
    0x7F, 0x00, 0x07, 0x03, 0x00, 0xC0, 0x30, 0x0C, 0x03, 0x00, 0xC1, 0xC0,
    0x18, 0x03, 0x00, 0xC0, 0x30, 0x0C, 0x03, 0x00, 0x70, 0x0C, 0x03, 0x00,
    0xC0, 0x30, 0x0C, 0x03, 0x00, 0xC0, 0x30, 0x0C, 0x03, 0x00, 0xC0, 0x30,
    0x0C, 0x03, 0x00, 0xC0, 0x30, 0x38, 0x02, 0x00, 0xC0, 0x30, 0x0C, 0x03,
    0x00, 0xC0, 0x1E, 0x0C, 0x03, 0x00, 0xC0, 0x30, 0x0C, 0x02, 0x03, 0x80,
    0x70, 0x12, 0x2C, 0xC8, 0x1C, 0x00, 0x00, 0x00, 0x00, 0x36, 0x00, 0x00,
    0xC0, 0x70, 0x1E, 0x05, 0x83, 0x60, 0xCC, 0x33, 0x08, 0xC7, 0xF1, 0x86,
    0x41, 0xB0, 0x60, 0x36, 0x00, 0x00, 0x00, 0x78, 0x33, 0x18, 0x46, 0x19,
    0x86, 0x61, 0x98, 0x66, 0x19, 0x86, 0x61, 0x0C, 0xC1, 0xE0, 0x36, 0x00,
    0x00, 0x01, 0x86, 0x61, 0x98, 0x66, 0x19, 0x86, 0x61, 0x98, 0x66, 0x19,
    0x86, 0x61, 0x0C, 0xC1, 0xE0, 0x1E, 0x0C, 0xC6, 0x31, 0x9C, 0x6C, 0x1B,
    0x06, 0xE1, 0x9C, 0x61, 0x98, 0x66, 0x19, 0xBC, 0x36, 0x00, 0x00, 0x00,
    0xF8, 0x23, 0x00, 0x40, 0x10, 0xFC, 0x61, 0x18, 0xC6, 0x30, 0xF4, 0x36,
    0x00, 0x00, 0x00, 0x78, 0x33, 0x18, 0x46, 0x19, 0x86, 0x61, 0x98, 0x43,
    0x30, 0x78, 0x36, 0x00, 0x00, 0x01, 0x84, 0x61, 0x18, 0x46, 0x11, 0x84,
    0x61, 0x08, 0xC3, 0x30, 0x74, 0x00, 0x01, 0xF8, 0x3F, 0xC7, 0x06, 0x62,
    0x3C, 0x23, 0xCE, 0x3C, 0x63, 0x60, 0x37, 0x06, 0x3F, 0xC1, 0xF8, 0x00,
    0x00, 0x06, 0x00, 0x38, 0x03, 0xC0, 0x1F, 0x01, 0x98, 0x0C, 0xE0, 0xF7,
    0x07, 0xFC, 0x79, 0xE7, 0xFF, 0x9F, 0xFC, 0x0F, 0x03, 0xFC, 0x70, 0x75,
    0xFA, 0x38, 0xC0, 0xF0, 0x0F, 0x00, 0x60, 0x00, 0x00, 0x00, 0x00, 0x03,
    0xFC, 0x70, 0xE7, 0xFE, 0x40, 0x34, 0x03, 0xC0, 0x3F, 0xFF, 0xFF, 0xFD,
    0xF9, 0xDF, 0xFF, 0xFF, 0x70, 0x66, 0x06, 0x00, 0x00, 0x00, 0x07, 0xFE,
    0xFF, 0xFC, 0x03, 0xC0, 0x3C, 0x03, 0xFF, 0xFF, 0xFF, 0xF9, 0xFF, 0x9F,
    0xF9, 0xF7, 0xFE, 0x1F, 0x83, 0xFC, 0x00, 0x00
};

const BitmapGlyph Meslo16Glyphs[] PROGMEM = {
    { 0x0020,     0, 10,  0, 10,   0,   0 },
    { 0x0021,     0, 10, 12, 10,   0, -12 },
    { 0x0022,    15, 10, 12, 10,   0, -12 },
    { 0x0023,    30, 10, 12, 10,   0, -12 },
    { 0x0024,    45, 10, 15, 10,   0, -12 },
    { 0x0025,    64, 10, 11, 10,   0, -11 },
    { 0x0026,    78, 10, 12, 10,   0, -12 },
    { 0x0027,    93, 10, 12, 10,   0, -12 },
    { 0x0028,   108, 10, 14, 10,   0, -13 },
    { 0x0029,   126, 10, 14, 10,   0, -13 },
    { 0x002A,   144, 10, 12, 10,   0, -12 },
    { 0x002B,   159, 10,  9, 10,   0,  -9 },
    { 0x002C,   171, 10,  5, 10,   0,  -2 },
    { 0x002D,   178, 10,  6, 10,   0,  -6 },
    { 0x002E,   186, 10,  3, 10,   0,  -3 },
    { 0x002F,   190, 10, 13, 10,   0, -12 },
    { 0x0030,   207, 10, 12, 10,   0, -12 },
    { 0x0031,   222, 10, 12, 10,   0, -12 },
    { 0x0032,   237, 10, 12, 10,   0, -12 },
    { 0x0033,   252, 10, 12, 10,   0, -12 },
    { 0x0034,   267, 10, 12, 10,   0, -12 },
    { 0x0035,   282, 10, 12, 10,   0, -12 },
    { 0x0036,   297, 10, 12, 10,   0, -12 },
    { 0x0037,   312, 10, 12, 10,   0, -12 },
    { 0x0038,   327, 10, 12, 10,   0, -12 },
    { 0x0039,   342, 10, 12, 10,   0, -12 },
    { 0x003A,   357, 10,  9, 10,   0,  -9 },
    { 0x003B,   369, 10, 11, 10,   0,  -9 },
    { 0x003C,   383, 10,  9, 10,   0,  -9 },
    { 0x003D,   395, 10,  8, 10,   0,  -8 },
    { 0x003E,   405, 10,  9, 10,   0,  -9 },
    { 0x003F,   417, 10, 12, 10,   0, -12 },
    { 0x0040,   432, 10, 13, 10,   0, -11 },
    { 0x0041,   449, 10, 12, 10,   0, -12 },
    { 0x0042,   464, 10, 12, 10,   0, -12 },
    { 0x0043,   479, 10, 12, 10,   0, -12 },
    { 0x0044,   494, 10, 12, 10,   0, -12 },
    { 0x0045,   509, 10, 12, 10,   0, -12 },
    { 0x0046,   524, 10, 12, 10,   0, -12 },
    { 0x0047,   539, 10, 12, 10,   0, -12 },
    { 0x0048,   554, 10, 12, 10,   0, -12 },
    { 0x0049,   569, 10, 12, 10,   0, -12 },
    { 0x004A,   584, 10, 12, 10,   0, -12 },
    { 0x004B,   599, 10, 12, 10,   0, -12 },
    { 0x004C,   614, 10, 12, 10,   0, -12 },
    { 0x004D,   629, 10, 12, 10,   0, -12 },
    { 0x004E,   644, 10, 12, 10,   0, -12 },
    { 0x004F,   659, 10, 12, 10,   0, -12 },
    { 0x0050,   674, 10, 12, 10,   0, -12 },
    { 0x0051,   689, 10, 14, 10,   0, -12 },
    { 0x0052,   707, 10, 12, 10,   0, -12 },
    { 0x0053,   722, 10, 12, 10,   0, -12 },
    { 0x0054,   737, 10, 12, 10,   0, -12 },
    { 0x0055,   752, 10, 12, 10,   0, -12 },
    { 0x0056,   767, 10, 12, 10,   0, -12 },
    { 0x0057,   782, 10, 12, 10,   0, -12 },
    { 0x0058,   797, 10, 12, 10,   0, -12 },
    { 0x0059,   812, 10, 12, 10,   0, -12 },
    { 0x005A,   827, 10, 12, 10,   0, -12 },
    { 0x005B,   842, 10, 14, 10,   0, -13 },
    { 0x005C,   860, 10, 13, 10,   0, -12 },
    { 0x005D,   877, 10, 14, 10,   0, -13 },
    { 0x005E,   895, 10, 12, 10,   0, -12 },
    { 0x005F,   910, 10,  3, 10,   0,   0 },
    { 0x0060,   914, 10, 13, 10,   0, -13 },
    { 0x0061,   931, 10,  9, 10,   0,  -9 },
    { 0x0062,   943, 10, 12, 10,   0, -12 },
    { 0x0063,   958, 10,  9, 10,   0,  -9 },
    { 0x0064,   970, 10, 12, 10,   0, -12 },
    { 0x0065,   985, 10,  9, 10,   0,  -9 },
    { 0x0066,   997, 10, 12, 10,   0, -12 },
    { 0x0067,  1012, 10, 12, 10,   0,  -9 },
    { 0x0068,  1027, 10, 12, 10,   0, -12 },
    { 0x0069,  1042, 10, 12, 10,   0, -12 },
    { 0x006A,  1057, 10, 15, 10,   0, -12 },
    { 0x006B,  1076, 10, 12, 10,   0, -12 },
    { 0x006C,  1091, 10, 12, 10,   0, -12 },
    { 0x006D,  1106, 10,  9, 10,   0,  -9 },
    { 0x006E,  1118, 10,  9, 10,   0,  -9 },
    { 0x006F,  1130, 10,  9, 10,   0,  -9 },
    { 0x0070,  1142, 10, 12, 10,   0,  -9 },
    { 0x0071,  1157, 10, 12, 10,   0,  -9 },
    { 0x0072,  1172, 10,  9, 10,   0,  -9 },
    { 0x0073,  1184, 10,  9, 10,   0,  -9 },
    { 0x0074,  1196, 10, 12, 10,   0, -12 },
    { 0x0075,  1211, 10,  9, 10,   0,  -9 },
    { 0x0076,  1223, 10,  9, 10,   0,  -9 },
    { 0x0077,  1235, 10,  9, 10,   0,  -9 },
    { 0x0078,  1247, 10,  9, 10,   0,  -9 },
    { 0x0079,  1259, 10, 12, 10,   0,  -9 },
    { 0x007A,  1274, 10,  9, 10,   0,  -9 },
    { 0x007B,  1286, 10, 15, 10,   0, -14 },
    { 0x007C,  1305, 10, 16, 10,   0, -12 },
    { 0x007D,  1325, 10, 15, 10,   0, -14 },
    { 0x007E,  1344, 10,  7, 10,   0,  -7 },
    { 0x00C4,  1353, 10, 14, 10,   0, -14 },
    { 0x00D6,  1371, 10, 15, 10,   0, -15 },
    { 0x00DC,  1390, 10, 15, 10,   0, -15 },
    { 0x00DF,  1409, 10, 12, 10,   0, -12 },
    { 0x00E4,  1424, 10, 12, 10,   0, -12 },
    { 0x00F6,  1439, 10, 12, 10,   0, -12 },
    { 0x00FC,  1454, 10, 12, 10,   0, -12 },
    { 0xF017,  1469, 12, 13, 10,  -1, -12 },
    { 0xF071,  1489, 13, 11, 10,  -1, -11 },
    { 0xF1EB,  1507, 12, 10, 10,  -1, -10 },
    { 0xF207,  1522, 12, 15, 10,  -1, -13 },
    { 0xF238,  1545, 12, 15, 10,  -1, -13 }
};

const BitmapFont Meslo16 = {
    Meslo16Bitmaps,
    Meslo16Glyphs,
    107,
    21,
    16
};

constexpr uint8_t Meslo16CoverageThreshold = 100;

const uint8_t Meslo20Bitmaps[] PROGMEM = {
    0x06, 0x00, 0x60, 0x06, 0x00, 0x60, 0x06, 0x00, 0x60, 0x06, 0x00, 0x60,
    0x06, 0x00, 0x00, 0x00, 0x00, 0x00, 0x07, 0x00, 0x70, 0x31, 0x83, 0x18,
    0x31, 0x83, 0x18, 0x31, 0x83, 0x18, 0x00, 0x00, 0x00, 0x00, 0x00, 0x00,
    0x00, 0x00, 0x00, 0x00, 0x00, 0x00, 0x00, 0x00, 0x06, 0x60, 0x22, 0x03,
    0x30, 0xFF, 0xE7, 0xFF, 0x04, 0x40, 0x66, 0x03, 0x30, 0xFF, 0xE7, 0xFF,
    0x0C, 0xC0, 0x66, 0x03, 0x30, 0x11, 0x00, 0x02, 0x00, 0x20, 0x0F, 0x83,
    0xFC, 0x32, 0x43, 0x20, 0x32, 0x01, 0xE0, 0x0F, 0x80, 0x3C, 0x02, 0x60,
    0x26, 0x22, 0xE3, 0xFC, 0x1F, 0x80, 0x20, 0x02, 0x00, 0x20, 0x38, 0x07,
    0xC0, 0xC4, 0x0C, 0x60, 0xC4, 0x07, 0xC7, 0x3B, 0xC0, 0xF0, 0x39, 0xCE,
    0x3E, 0x06, 0x30, 0x63, 0x03, 0xE0, 0x1C, 0x0F, 0x01, 0xF8, 0x38, 0x03,
    0x00, 0x18, 0x01, 0x80, 0x3C, 0x06, 0x63, 0x63, 0x34, 0x1A, 0x61, 0xE7,
    0x0E, 0x3F, 0xE1, 0xF3, 0x06, 0x00, 0x60, 0x06, 0x00, 0x60, 0x06, 0x00,
    0x60, 0x00, 0x00, 0x00, 0x00, 0x00, 0x00, 0x00, 0x00, 0x00, 0x00, 0x00,
    0x00, 0x00, 0x00, 0x03, 0x00, 0x30, 0x06, 0x00, 0x60, 0x06, 0x00, 0xC0,
    0x0C, 0x00, 0xC0, 0x0C, 0x00, 0xC0, 0x0C, 0x00, 0xC0, 0x0C, 0x00, 0x60,
    0x06, 0x00, 0x60, 0x03, 0x00, 0x30, 0x08, 0x00, 0xC0, 0x04, 0x00, 0x60,
    0x06, 0x00, 0x60, 0x03, 0x00, 0x30, 0x03, 0x00, 0x30, 0x03, 0x00, 0x30,
    0x06, 0x00, 0x60, 0x06, 0x00, 0x40, 0x0C, 0x00, 0x80, 0x06, 0x00, 0x60,
    0x46, 0x27, 0x6E, 0x1F, 0x80, 0xF0, 0x1F, 0x87, 0x6E, 0x46, 0x20, 0x60,
    0x06, 0x00, 0x00, 0x00, 0x00, 0x00, 0x06, 0x00, 0x60, 0x06, 0x00, 0x60,
    0x7F, 0xE7, 0xFE, 0x06, 0x00, 0x60, 0x06, 0x00, 0x60, 0x00, 0x00, 0x0E,
    0x00, 0xE0, 0x0E, 0x00, 0xE0, 0x0E, 0x00, 0xC0, 0x1C, 0x00, 0x7F, 0xE7,
    0xFE, 0x00, 0x00, 0x00, 0x00, 0x00, 0x00, 0x00, 0x00, 0x0E, 0x00, 0xE0,
    0x0E, 0x00, 0xE0, 0x00, 0xC0, 0x0C, 0x01, 0x80, 0x18, 0x03, 0x00, 0x30,
    0x06, 0x00, 0x60, 0x06, 0x00, 0xC0, 0x0C, 0x01, 0x80, 0x18, 0x03, 0x00,
    0x30, 0x06, 0x00, 0x0F, 0x01, 0xF8, 0x39, 0xC3, 0x0C, 0x71, 0xE6, 0x36,
    0x66, 0x66, 0x46, 0x7C, 0x67, 0x8E, 0x30, 0xC3, 0x9C, 0x1F, 0x80, 0xF0,
    0x0F, 0x03, 0xF0, 0x33, 0x00, 0x30, 0x03, 0x00, 0x30, 0x03, 0x00, 0x30,
    0x03, 0x00, 0x30, 0x03, 0x00, 0x30, 0x1F, 0xE1, 0xFE, 0x1F, 0x03, 0xF8,
    0x21, 0xC0, 0x0C, 0x00, 0xC0, 0x0C, 0x01, 0x80, 0x30, 0x06, 0x00, 0xC0,
    0x18, 0x03, 0x00, 0x7F, 0xC7, 0xFC, 0x3F, 0x03, 0xFC, 0x01, 0xC0, 0x0C,
    0x01, 0xC0, 0xF8, 0x0F, 0x80, 0x1C, 0x00, 0xC0, 0x0E, 0x00, 0xE6, 0x1C,
    0x7F, 0xC3, 0xF0, 0x03, 0x80, 0x38, 0x07, 0x80, 0xD8, 0x0D, 0x81, 0x98,
    0x31, 0x83, 0x18, 0x61, 0x87, 0xFE, 0x7F, 0xE0, 0x18, 0x01, 0x80, 0x18,
    0x3F, 0x83, 0xF8, 0x30, 0x03, 0x00, 0x3F, 0x03, 0xF8, 0x21, 0xC0, 0x0C,
    0x00, 0xC0, 0x0C, 0x00, 0xC6, 0x1C, 0x7F, 0x83, 0xF0, 0x0F, 0x81, 0xFC,
    0x38, 0x03, 0x00, 0x67, 0x87, 0xFC, 0x78, 0xC7, 0x0E, 0x70, 0x67, 0x06,
    0x30, 0xE3, 0x8C, 0x1F, 0xC0, 0xF8, 0x7F, 0xE7, 0xFC, 0x00, 0xC0, 0x0C,
    0x01, 0x80, 0x18, 0x03, 0x00, 0x30, 0x03, 0x00, 0x60, 0x06, 0x00, 0xC0,
    0x0C, 0x01, 0xC0, 0x1F, 0x83, 0xFC, 0x30, 0xC3, 0x0C, 0x30, 0xC1, 0xF8,
    0x1F, 0x83, 0x0C, 0x70, 0xE6, 0x06, 0x70, 0xE3, 0x0E, 0x3F, 0xC1, 0xF8,
    0x1F, 0x03, 0xF8, 0x31, 0xC6, 0x0C, 0x60, 0xE6, 0x0E, 0x31, 0xE3, 0xFE,
    0x1E, 0x60, 0x0E, 0x00, 0xC0, 0x1C, 0x3F, 0x81, 0xF0, 0x0E, 0x00, 0xE0,
    0x0E, 0x00, 0x00, 0x00, 0x00, 0x00, 0x00, 0x00, 0xE0, 0x0E, 0x00, 0xE0,
    0x0E, 0x00, 0x0E, 0x00, 0xE0, 0x0E, 0x00, 0x00, 0x00, 0x00, 0x00, 0x00,
    0x00, 0xE0, 0x0E, 0x00, 0xE0, 0x0E, 0x00, 0xC0, 0x1C, 0x00, 0x00, 0x00,
    0x06, 0x01, 0xE0, 0xF8, 0x3C, 0x07, 0x00, 0x78, 0x01, 0xF0, 0x03, 0xE0,
    0x0E, 0x00, 0x00, 0x00, 0x7F, 0xE7, 0xFE, 0x00, 0x00, 0x00, 0x7F, 0xE7,
    0xFE, 0x00, 0x00, 0x00, 0x00, 0x00, 0x00, 0x06, 0x00, 0x78, 0x01, 0xF0,
    0x03, 0xC0, 0x0E, 0x01, 0xE0, 0xF8, 0x3C, 0x07, 0x00, 0x00, 0x00, 0x00,
    0x0F, 0x03, 0xFC, 0x31, 0xC0, 0x0C, 0x00, 0xC0, 0x18, 0x03, 0x00, 0x60,
    0x06, 0x00, 0x60, 0x06, 0x00, 0x00, 0x06, 0x00, 0x60, 0x0F, 0x81, 0xFC,
    0x38, 0x66, 0x02, 0x63, 0xB4, 0x7F, 0xCE, 0x7C, 0xC3, 0xCC, 0x3C, 0xC3,
    0xCE, 0x74, 0x7F, 0x63, 0xB7, 0x00, 0x38, 0x01, 0xFE, 0x07, 0xE0, 0x06,
    0x00, 0xF0, 0x0F, 0x00, 0xF0, 0x19, 0x81, 0x98, 0x19, 0x83, 0x0C, 0x30,
    0xC3, 0xFC, 0x7F, 0xE6, 0x06, 0x60, 0x6E, 0x07, 0x3F, 0x83, 0xFC, 0x30,
    0xE3, 0x0E, 0x30, 0xC3, 0xF8, 0x3F, 0xC3, 0x0E, 0x30, 0x63, 0x06, 0x30,
    0x63, 0x0E, 0x3F, 0xC3, 0xF8, 0x07, 0xC1, 0xFE, 0x38, 0x63, 0x00, 0x30,
    0x07, 0x00, 0x70, 0x07, 0x00, 0x70, 0x03, 0x00, 0x30, 0x03, 0x86, 0x1F,
    0xE0, 0x7C, 0x7F, 0x07, 0xF8, 0x61, 0xC6, 0x0C, 0x60, 0xE6, 0x06, 0x60,
    0x66, 0x06, 0x60, 0x66, 0x0E, 0x60, 0xC6, 0x1C, 0x7F, 0x87, 0xF0, 0x3F,
    0xE3, 0xFE, 0x30, 0x03, 0x00, 0x30, 0x03, 0xFC, 0x3F, 0xC3, 0x00, 0x30,
    0x03, 0x00, 0x30, 0x03, 0x00, 0x3F, 0xE3, 0xFE, 0x3F, 0xE3, 0xFE, 0x30,
    0x03, 0x00, 0x30, 0x03, 0xFC, 0x3F, 0xC3, 0x00, 0x30, 0x03, 0x00, 0x30,
    0x03, 0x00, 0x30, 0x03, 0x00, 0x0F, 0x81, 0xFC, 0x38, 0x43, 0x00, 0x60,
    0x06, 0x00, 0x61, 0xE6, 0x1E, 0x60, 0x66, 0x06, 0x30, 0x63, 0x86, 0x1F,
    0xC0, 0xF8, 0x60, 0x66, 0x06, 0x60, 0x66, 0x06, 0x60, 0x67, 0xFE, 0x7F,
    0xE6, 0x06, 0x60, 0x66, 0x06, 0x60, 0x66, 0x06, 0x60, 0x66, 0x06, 0x3F,
    0xC3, 0xFC, 0x06, 0x00, 0x60, 0x06, 0x00, 0x60, 0x06, 0x00, 0x60, 0x06,
    0x00, 0x60, 0x06, 0x00, 0x60, 0x3F, 0xC3, 0xFC, 0x0F, 0x80, 0xF8, 0x01,
    0x80, 0x18, 0x01, 0x80, 0x18, 0x01, 0x80, 0x18, 0x01, 0x80, 0x18, 0x01,
    0x86, 0x38, 0x7F, 0x83, 0xF0, 0x60, 0x66, 0x0C, 0x61, 0x86, 0x30, 0x66,
    0x06, 0xE0, 0x7E, 0x07, 0x60, 0x73, 0x06, 0x38, 0x61, 0xC6, 0x0C, 0x60,
    0xE6, 0x07, 0x30, 0x03, 0x00, 0x30, 0x03, 0x00, 0x30, 0x03, 0x00, 0x30,
    0x03, 0x00, 0x30, 0x03, 0x00, 0x30, 0x03, 0x00, 0x3F, 0xE3, 0xFE, 0xE0,
    0xEF, 0x1E, 0xF1, 0xED, 0x16, 0xDB, 0x6D, 0xB6, 0xCE, 0x6C, 0xE6, 0xC6,
    0x6C, 0x06, 0xC0, 0x6C, 0x06, 0xC0, 0x6C, 0x06, 0xE0, 0xEF, 0x0E, 0xF0,
    0xEF, 0x8E, 0xD8, 0xEC, 0xCE, 0xCC, 0xEC, 0x6E, 0xC6, 0xEC, 0x3E, 0xC3,
    0xEC, 0x1E, 0xC1, 0xEC, 0x0E, 0x0F, 0x03, 0xFC, 0x39, 0xC7, 0x0E, 0x70,
    0x66, 0x06, 0x60, 0x66, 0x06, 0x60, 0x67, 0x06, 0x70, 0xE3, 0x9C, 0x3F,
    0xC0, 0xF0, 0x3F, 0x83, 0xFC, 0x30, 0xE3, 0x06, 0x30, 0x63, 0x0E, 0x3F,
    0xC3, 0xF8, 0x30, 0x03, 0x00, 0x30, 0x03, 0x00, 0x30, 0x03, 0x00, 0x0F,
    0x03, 0xFC, 0x39, 0xC7, 0x0E, 0x70, 0x66, 0x06, 0x60, 0x66, 0x06, 0x60,
    0x67, 0x06, 0x70, 0xE3, 0x9C, 0x3F, 0x80, 0xF8, 0x01, 0x80, 0x0C, 0x00,
    0x00, 0x7F, 0x03, 0xFE, 0x18, 0x70, 0xC1, 0x86, 0x0C, 0x30, 0xE1, 0xFE,
    0x0F, 0xE0, 0x61, 0x83, 0x06, 0x18, 0x30, 0xC0, 0xC6, 0x06, 0x30, 0x18,
    0x1F, 0x83, 0xFC, 0x30, 0xC6, 0x00, 0x60, 0x03, 0x00, 0x1E, 0x00, 0x3C,
    0x00, 0xC0, 0x06, 0x00, 0x66, 0x0E, 0x7F, 0xC1, 0xF8, 0xFF, 0xFF, 0xFF,
    0x06, 0x00, 0x60, 0x06, 0x00, 0x60, 0x06, 0x00, 0x60, 0x06, 0x00, 0x60,
    0x06, 0x00, 0x60, 0x06, 0x00, 0x60, 0x70, 0x67, 0x06, 0x70, 0x67, 0x06,
    0x70, 0x67, 0x06, 0x70, 0x67, 0x06, 0x70, 0x67, 0x06, 0x70, 0xE3, 0x0C,
    0x3F, 0xC1, 0xF8, 0x60, 0x66, 0x06, 0x60, 0x63, 0x0E, 0x30, 0xC3, 0x0C,
    0x30, 0xC1, 0x98, 0x19, 0x81, 0x98, 0x0F, 0x00, 0xF0, 0x0F, 0x00, 0x60,
    0xC0, 0x36, 0x01, 0xB0, 0x0D, 0x8C, 0x66, 0x66, 0x37, 0xB1, 0xBD, 0x8D,
    0xEC, 0x69, 0x63, 0xCF, 0x0E, 0x70, 0x73, 0x83, 0x0C, 0x18, 0x60, 0x60,
    0x63, 0x0E, 0x38, 0xC1, 0x98, 0x0D, 0x80, 0xF0, 0x06, 0x00, 0xF0, 0x0F,
    0x01, 0x98, 0x38, 0xC3, 0x0C, 0x60, 0x6E, 0x07, 0x60, 0x66, 0x06, 0x30,
    0xC3, 0x9C, 0x19, 0x80, 0xF0, 0x0F, 0x00, 0x60, 0x06, 0x00, 0x60, 0x06,
    0x00, 0x60, 0x06, 0x00, 0x60, 0x3F, 0xE3, 0xFE, 0x00, 0xE0, 0x0C, 0x01,
    0x80, 0x38, 0x03, 0x00, 0x60, 0x0C, 0x01, 0xC0, 0x18, 0x03, 0x00, 0x7F,
    0xF7, 0xFF, 0x07, 0xC0, 0x7C, 0x06, 0x00, 0x60, 0x06, 0x00, 0x60, 0x06,
    0x00, 0x60, 0x06, 0x00, 0x60, 0x06, 0x00, 0x60, 0x06, 0x00, 0x60, 0x06,
    0x00, 0x60, 0x07, 0xC0, 0x7C, 0x60, 0x03, 0x00, 0x30, 0x01, 0x80, 0x18,
    0x00, 0xC0, 0x0C, 0x00, 0x60, 0x06, 0x00, 0x60, 0x03, 0x00, 0x30, 0x01,
    0x80, 0x18, 0x00, 0xC0, 0x0C, 0x1E, 0x01, 0xE0, 0x06, 0x00, 0x60, 0x06,
    0x00, 0x60, 0x06, 0x00, 0x60, 0x06, 0x00, 0x60, 0x06, 0x00, 0x60, 0x06,
    0x00, 0x60, 0x06, 0x00, 0x60, 0x1E, 0x01, 0xE0, 0x06, 0x00, 0xF0, 0x1D,
    0x83, 0x8C, 0x70, 0x64, 0x02, 0x00, 0x00, 0x00, 0x00, 0x00, 0x00, 0x00,
    0x00, 0x00, 0x00, 0x00, 0x00, 0x00, 0x0F, 0xFF, 0xFF, 0xF0, 0x18, 0x00,
    0xC0, 0x0C, 0x00, 0x60, 0x00, 0x00, 0x00, 0x00, 0x00, 0x00, 0x00, 0x00,
    0x00, 0x00, 0x00, 0x00, 0x00, 0x00, 0x00, 0x00, 0x00, 0x00, 0x1F, 0x03,
    0xFC, 0x20, 0xC0, 0x0C, 0x1F, 0xC3, 0xFC, 0x70, 0xC6, 0x0C, 0x71, 0xC3,
    0xFC, 0x1E, 0xC0, 0x30, 0x03, 0x00, 0x30, 0x03, 0x00, 0x37, 0x83, 0xFC,
    0x38, 0xC3, 0x0E, 0x30, 0x63, 0x06, 0x30, 0x63, 0x0E, 0x38, 0xC3, 0xFC,
    0x37, 0x80, 0x07, 0x81, 0xFC, 0x1C, 0x43, 0x00, 0x30, 0x03, 0x00, 0x30,
    0x03, 0x00, 0x1C, 0x41, 0xFC, 0x07, 0xC0, 0x00, 0xC0, 0x0C, 0x00, 0xC0,
    0x0C, 0x1E, 0xC3, 0xFC, 0x31, 0xC7, 0x0C, 0x60, 0xC6, 0x0C, 0x60, 0xC7,
    0x0C, 0x31, 0xC3, 0xFC, 0x1E, 0xC0, 0x0F, 0x81, 0xFC, 0x38, 0xC7, 0x06,
    0x7F, 0xE7, 0xFE, 0x60, 0x07, 0x00, 0x38, 0x41, 0xFE, 0x0F, 0x80, 0x03,
    0xC0, 0x7C, 0x06, 0x00, 0x60, 0x3F, 0xC3, 0xFC, 0x06, 0x00, 0x60, 0x06,
    0x00, 0x60, 0x06, 0x00, 0x60, 0x06, 0x00, 0x60, 0x06, 0x00, 0x1E, 0xC3,
    0xFC, 0x31, 0xC7, 0x0C, 0x60, 0xC6, 0x0C, 0x60, 0xC7, 0x0C, 0x31, 0xC3,
    0xFC, 0x1E, 0xC0, 0x0C, 0x01, 0xC3, 0xF8, 0x1F, 0x00, 0x30, 0x03, 0x00,
    0x30, 0x03, 0x00, 0x37, 0x83, 0xFC, 0x38, 0xC3, 0x0C, 0x30, 0xC3, 0x0C,
    0x30, 0xC3, 0x0C, 0x30, 0xC3, 0x0C, 0x30, 0xC0, 0x03, 0x00, 0x30, 0x00,
    0x00, 0x00, 0x1F, 0x01, 0xF0, 0x03, 0x00, 0x30, 0x03, 0x00, 0x30, 0x03,
    0x00, 0x30, 0x03, 0x03, 0xFE, 0x3F, 0xE0, 0x03, 0x00, 0x30, 0x00, 0x00,
    0x00, 0x1F, 0x01, 0xF0, 0x03, 0x00, 0x30, 0x03, 0x00, 0x30, 0x03, 0x00,
    0x30, 0x03, 0x00, 0x30, 0x03, 0x00, 0x30, 0x07, 0x03, 0xE0, 0x3C, 0x00,
    0x30, 0x03, 0x00, 0x30, 0x03, 0x00, 0x30, 0xE3, 0x1C, 0x33, 0x83, 0x70,
    0x3E, 0x03, 0xF0, 0x33, 0x83, 0x18, 0x30, 0xC3, 0x0E, 0x30, 0x60, 0x3E,
    0x03, 0xE0, 0x06, 0x00, 0x60, 0x06, 0x00, 0x60, 0x06, 0x00, 0x60, 0x06,
    0x00, 0x60, 0x06, 0x00, 0x60, 0x07, 0x00, 0x3E, 0x01, 0xE0, 0x7D, 0xC7,
    0xFE, 0x66, 0x66, 0x66, 0x66, 0x66, 0x66, 0x66, 0x66, 0x66, 0x66, 0x66,
    0x66, 0x66, 0x60, 0x37, 0x83, 0xFC, 0x38, 0xC3, 0x0C, 0x30, 0xC3, 0x0C,
    0x30, 0xC3, 0x0C, 0x30, 0xC3, 0x0C, 0x30, 0xC0, 0x0F, 0x03, 0xFC, 0x39,
    0xC7, 0x0E, 0x60, 0x66, 0x06, 0x60, 0x67, 0x0E, 0x39, 0xC3, 0xFC, 0x0F,
    0x00, 0x37, 0x83, 0xFC, 0x38, 0xC3, 0x0E, 0x30, 0x63, 0x06, 0x30, 0x63,
    0x0E, 0x38, 0xC3, 0xFC, 0x37, 0x83, 0x00, 0x30, 0x03, 0x00, 0x30, 0x00,
    0x1E, 0xC3, 0xFC, 0x39, 0xC7, 0x0C, 0x60, 0xC6, 0x0C, 0x60, 0xC7, 0x0C,
    0x39, 0xC3, 0xFC, 0x1E, 0xC0, 0x0C, 0x00, 0xC0, 0x0C, 0x00, 0xC0, 0x19,
    0xE1, 0xFE, 0x1E, 0x21, 0xC0, 0x1C, 0x01, 0x80, 0x18, 0x01, 0x80, 0x18,
    0x01, 0x80, 0x18, 0x00, 0x0F, 0x83, 0xFC, 0x38, 0x83, 0x00, 0x18, 0x00,
    0xF8, 0x00, 0xC0, 0x0C, 0x21, 0xC3, 0xFC, 0x1F, 0x00, 0x0C, 0x00, 0xC0,
    0x0C, 0x07, 0xFC, 0x7F, 0xC0, 0xC0, 0x0C, 0x00, 0xC0, 0x0C, 0x00, 0xC0,
    0x0C, 0x00, 0xE0, 0x0F, 0xC0, 0x7C, 0x30, 0xC3, 0x0C, 0x30, 0xC3, 0x0C,
    0x30, 0xC3, 0x0C, 0x30, 0xC3, 0x0C, 0x39, 0xC3, 0xFC, 0x1E, 0xC0, 0x60,
    0x66, 0x06, 0x30, 0xC3, 0x0C, 0x30, 0xC1, 0x98, 0x19, 0x80, 0xD0, 0x0F,
    0x00, 0xF0, 0x06, 0x00, 0xC0, 0x36, 0x01, 0xB0, 0x0C, 0xCC, 0xC6, 0x66,
    0x33, 0xB1, 0xBD, 0x85, 0x28, 0x39, 0xC1, 0xCE, 0x0E, 0x30, 0x70, 0xE3,
    0x0C, 0x19, 0x80, 0xF0, 0x0F, 0x00, 0x60, 0x0F, 0x01, 0x98, 0x19, 0x83,
    0x0C, 0x60, 0x60, 0x60, 0x63, 0x06, 0x30, 0xC3, 0x0C, 0x18, 0xC1, 0x98,
    0x0D, 0x80, 0xF0, 0x0F, 0x00, 0x70, 0x06, 0x00, 0x60, 0x0C, 0x03, 0xC0,
    0x38, 0x00, 0x3F, 0xC3, 0xFC, 0x00, 0xC0, 0x18, 0x03, 0x00, 0x60, 0x0C,
    0x01, 0x80, 0x30, 0x03, 0xFC, 0x3F, 0xC0, 0x03, 0xC0, 0x3C, 0x07, 0x00,
    0x60, 0x06, 0x00, 0x60, 0x06, 0x00, 0xE0, 0x3C, 0x03, 0xC0, 0x0E, 0x00,
    0x60, 0x06, 0x00, 0x60, 0x06, 0x00, 0x70, 0x03, 0xC0, 0x3C, 0x06, 0x00,
    0x60, 0x06, 0x00, 0x60, 0x06, 0x00, 0x60, 0x06, 0x00, 0x60, 0x06, 0x00,
    0x60, 0x06, 0x00, 0x60, 0x06, 0x00, 0x60, 0x06, 0x00, 0x60, 0x06, 0x00,
    0x60, 0x06, 0x00, 0x60, 0x3C, 0x03, 0xE0, 0x0E, 0x00, 0x60, 0x06, 0x00,
    0x60, 0x06, 0x00, 0x70, 0x03, 0xE0, 0x3E, 0x07, 0x00, 0x60, 0x06, 0x00,
    0x60, 0x06, 0x00, 0xE0, 0x3E, 0x03, 0xC0, 0x38, 0x07, 0xC0, 0xEE, 0x3C,
    0x77, 0x03, 0xE0, 0x1C, 0x00, 0x00, 0x00, 0x00, 0x00, 0x19, 0x81, 0x98,
    0x00, 0x00, 0x00, 0x06, 0x00, 0xF0, 0x0F, 0x00, 0xF0, 0x19, 0x81, 0x98,
    0x19, 0x83, 0x0C, 0x30, 0xC3, 0xFC, 0x7F, 0xE6, 0x06, 0x60, 0x6E, 0x07,
    0x19, 0x81, 0x98, 0x00, 0x00, 0x00, 0x0F, 0x03, 0xFC, 0x39, 0xC7, 0x0E,
    0x70, 0x66, 0x06, 0x60, 0x66, 0x06, 0x60, 0x67, 0x06, 0x70, 0xE3, 0x9C,
    0x3F, 0xC0, 0xF0, 0x19, 0x81, 0x98, 0x00, 0x00, 0x00, 0x70, 0x67, 0x06,
    0x70, 0x67, 0x06, 0x70, 0x67, 0x06, 0x70, 0x67, 0x06, 0x70, 0x67, 0x06,
    0x70, 0xE3, 0x0C, 0x3F, 0xC1, 0xF8, 0x1F, 0x03, 0xF8, 0x39, 0xC3, 0x0C,
    0x31, 0xC3, 0x70, 0x36, 0x03, 0x60, 0x33, 0x83, 0x0C, 0x30, 0x63, 0x06,
    0x30, 0x63, 0xFE, 0x37, 0xC0, 0x19, 0x81, 0x98, 0x00, 0x00, 0x00, 0x1F,
    0x03, 0xFC, 0x20, 0xC0, 0x0C, 0x1F, 0xC3, 0xFC, 0x70, 0xC6, 0x0C, 0x71,
    0xC3, 0xFC, 0x1E, 0xC0, 0x19, 0x81, 0x98, 0x00, 0x00, 0x00, 0x0F, 0x03,
    0xFC, 0x39, 0xC7, 0x0E, 0x60, 0x66, 0x06, 0x60, 0x67, 0x0E, 0x39, 0xC3,
    0xFC, 0x0F, 0x00, 0x19, 0x81, 0x98, 0x00, 0x00, 0x00, 0x30, 0xC3, 0x0C,
    0x30, 0xC3, 0x0C, 0x30, 0xC3, 0x0C, 0x30, 0xC3, 0x0C, 0x39, 0xC3, 0xFC,
    0x1E, 0xC0, 0x00, 0x00, 0x1F, 0xC0, 0x7F, 0xC1, 0xC3, 0xC7, 0x01, 0xCC,
    0x31, 0xB8, 0x63, 0xE0, 0xC7, 0xC7, 0x8F, 0xC0, 0x1D, 0x80, 0x33, 0x80,
    0xE3, 0x83, 0x83, 0xFE, 0x03, 0xF8, 0x00, 0x00, 0x01, 0x00, 0x07, 0x00,
    0x0E, 0x00, 0x3E, 0x00, 0xFC, 0x01, 0x9C, 0x07, 0x38, 0x0E, 0x78, 0x3E,
    0xF8, 0x7F, 0xF1, 0xF3, 0xF3, 0xF7, 0xEF, 0xFF, 0xEF, 0xFF, 0x80, 0x00,
    0x00, 0x1F, 0xC0, 0xFF, 0xE3, 0x81, 0xE6, 0xFE, 0xC3, 0xFE, 0x06, 0x0C,
    0x03, 0xE0, 0x07, 0xC0, 0x02, 0x00, 0x04, 0x00, 0x00, 0x00, 0x00, 0x00,
    0x00, 0x00, 0x3F, 0xE0, 0xC0, 0x63, 0xFF, 0xE6, 0x00, 0xC8, 0x01, 0x90,
    0x01, 0x60, 0x03, 0xC0, 0x07, 0xFF, 0xFF, 0xFF, 0xFE, 0x7F, 0x3C, 0xFE,
    0x7F, 0xFF, 0xFF, 0xFF, 0xB8, 0x0E, 0x70, 0x18, 0x40, 0x10, 0x00, 0x00,
    0xFF, 0xF3, 0xFF, 0xF6, 0x00, 0x3C, 0x00, 0x78, 0x00, 0xF0, 0x01, 0xE0,
    0x03, 0xFF, 0xFF, 0xFF, 0xFF, 0xF1, 0xFF, 0xE3, 0xFF, 0xC7, 0xEF, 0xFF,
    0x8F, 0xFE, 0x07, 0xF0, 0x1F, 0xF0, 0x3F, 0xE0
};

const BitmapGlyph Meslo20Glyphs[] PROGMEM = {
    { 0x0020,     0, 12,  0, 12,   0,   0 },
    { 0x0021,     0, 12, 14, 12,   0, -14 },
    { 0x0022,    21, 12, 15, 12,   0, -15 },
    { 0x0023,    44, 13, 14, 12,   0, -14 },
    { 0x0024,    67, 12, 18, 12,   0, -15 },
    { 0x0025,    94, 12, 14, 12,   0, -14 },
    { 0x0026,   115, 12, 14, 12,   0, -14 },
    { 0x0027,   136, 12, 15, 12,   0, -15 },
    { 0x0028,   159, 12, 18, 12,   0, -16 },
    { 0x0029,   186, 12, 18, 12,   0, -16 },
    { 0x002A,   213, 12, 14, 12,   0, -14 },
    { 0x002B,   234, 12, 11, 12,   0, -11 },
    { 0x002C,   251, 12,  7, 12,   0,  -4 },
    { 0x002D,   262, 12,  7, 12,   0,  -7 },
    { 0x002E,   273, 12,  4, 12,   0,  -4 },
    { 0x002F,   279, 12, 16, 12,   0, -14 },
    { 0x0030,   303, 12, 14, 12,   0, -14 },
    { 0x0031,   324, 12, 14, 12,   0, -14 },
    { 0x0032,   345, 12, 14, 12,   0, -14 },
    { 0x0033,   366, 12, 14, 12,   0, -14 },
    { 0x0034,   387, 12, 14, 12,   0, -14 },
    { 0x0035,   408, 12, 14, 12,   0, -14 },
    { 0x0036,   429, 12, 14, 12,   0, -14 },
    { 0x0037,   450, 12, 14, 12,   0, -14 },
    { 0x0038,   471, 12, 14, 12,   0, -14 },
    { 0x0039,   492, 12, 14, 12,   0, -14 },
    { 0x003A,   513, 12, 11, 12,   0, -11 },
    { 0x003B,   530, 12, 13, 12,   0, -11 },
    { 0x003C,   550, 12, 12, 12,   0, -12 },
    { 0x003D,   568, 12,  9, 12,   0,  -9 },
    { 0x003E,   582, 12, 12, 12,   0, -12 },
    { 0x003F,   600, 12, 14, 12,   0, -14 },
    { 0x0040,   621, 12, 17, 12,   0, -14 },
    { 0x0041,   647, 12, 14, 12,   0, -14 },
    { 0x0042,   668, 12, 14, 12,   0, -14 },
    { 0x0043,   689, 12, 14, 12,   0, -14 },
    { 0x0044,   710, 12, 14, 12,   0, -14 },
    { 0x0045,   731, 12, 14, 12,   0, -14 },
    { 0x0046,   752, 12, 14, 12,   0, -14 },
    { 0x0047,   773, 12, 14, 12,   0, -14 },
    { 0x0048,   794, 12, 14, 12,   0, -14 },
    { 0x0049,   815, 12, 14, 12,   0, -14 },
    { 0x004A,   836, 12, 14, 12,   0, -14 },
    { 0x004B,   857, 12, 14, 12,   0, -14 },
    { 0x004C,   878, 12, 14, 12,   0, -14 },
    { 0x004D,   899, 12, 14, 12,   0, -14 },
    { 0x004E,   920, 12, 14, 12,   0, -14 },
    { 0x004F,   941, 12, 14, 12,   0, -14 },
    { 0x0050,   962, 12, 14, 12,   0, -14 },
    { 0x0051,   983, 12, 17, 12,   0, -14 },
    { 0x0052,  1009, 13, 14, 12,   0, -14 },
    { 0x0053,  1032, 12, 14, 12,   0, -14 },
    { 0x0054,  1053, 12, 14, 12,   0, -14 },
    { 0x0055,  1074, 12, 14, 12,   0, -14 },
    { 0x0056,  1095, 12, 14, 12,   0, -14 },
    { 0x0057,  1116, 13, 14, 12,   0, -14 },
    { 0x0058,  1139, 12, 14, 12,   0, -14 },
    { 0x0059,  1160, 12, 14, 12,   0, -14 },
    { 0x005A,  1181, 12, 14, 12,   0, -14 },
    { 0x005B,  1202, 12, 18, 12,   0, -16 },
    { 0x005C,  1229, 12, 16, 12,   0, -14 },
    { 0x005D,  1253, 12, 18, 12,   0, -16 },
    { 0x005E,  1280, 12, 14, 12,   0, -14 },
    { 0x005F,  1301, 12,  3, 12,   0,   0 },
    { 0x0060,  1306, 12, 16, 12,   0, -16 },
    { 0x0061,  1330, 12, 11, 12,   0, -11 },
    { 0x0062,  1347, 12, 15, 12,   0, -15 },
    { 0x0063,  1370, 12, 11, 12,   0, -11 },
    { 0x0064,  1387, 12, 15, 12,   0, -15 },
    { 0x0065,  1410, 12, 11, 12,   0, -11 },
    { 0x0066,  1427, 12, 15, 12,   0, -15 },
    { 0x0067,  1450, 12, 15, 12,   0, -11 },
    { 0x0068,  1473, 12, 15, 12,   0, -15 },
    { 0x0069,  1496, 12, 15, 12,   0, -15 },
    { 0x006A,  1519, 12, 19, 12,   0, -15 },
    { 0x006B,  1548, 12, 15, 12,   0, -15 },
    { 0x006C,  1571, 12, 15, 12,   0, -15 },
    { 0x006D,  1594, 12, 11, 12,   0, -11 },
    { 0x006E,  1611, 12, 11, 12,   0, -11 },
    { 0x006F,  1628, 12, 11, 12,   0, -11 },
    { 0x0070,  1645, 12, 15, 12,   0, -11 },
    { 0x0071,  1668, 12, 15, 12,   0, -11 },
    { 0x0072,  1691, 12, 11, 12,   0, -11 },
    { 0x0073,  1708, 12, 11, 12,   0, -11 },
    { 0x0074,  1725, 12, 14, 12,   0, -14 },
    { 0x0075,  1746, 12, 11, 12,   0, -11 },
    { 0x0076,  1763, 12, 11, 12,   0, -11 },
    { 0x0077,  1780, 13, 11, 12,   0, -11 },
    { 0x0078,  1798, 12, 11, 12,   0, -11 },
    { 0x0079,  1815, 12, 15, 12,   0, -11 },
    { 0x007A,  1838, 12, 11, 12,   0, -11 },
    { 0x007B,  1855, 12, 18, 12,   0, -16 },
    { 0x007C,  1882, 12, 20, 12,   0, -15 },
    { 0x007D,  1912, 12, 18, 12,   0, -16 },
    { 0x007E,  1939, 12,  9, 12,   0,  -9 },
    { 0x00C4,  1953, 12, 18, 12,   0, -18 },
    { 0x00D6,  1980, 12, 18, 12,   0, -18 },
    { 0x00DC,  2007, 12, 18, 12,   0, -18 },
    { 0x00DF,  2034, 12, 15, 12,   0, -15 },
    { 0x00E4,  2057, 12, 15, 12,   0, -15 },
    { 0x00F6,  2080, 12, 15, 12,   0, -15 },
    { 0x00FC,  2103, 12, 15, 12,   0, -15 },
    { 0xF017,  2126, 15, 16, 12,  -1, -15 },
    { 0xF071,  2156, 15, 14, 12,  -1, -14 },
    { 0xF1EB,  2183, 15, 13, 12,  -1, -13 },
    { 0xF207,  2208, 15, 18, 12,  -1, -16 },
    { 0xF238,  2242, 15, 18, 12,  -1, -16 }
};

const BitmapFont Meslo20 = {
    Meslo20Bitmaps,
    Meslo20Glyphs,
    107,
    26,
    20
};

constexpr uint8_t Meslo20CoverageThreshold = 106;

const uint8_t Meslo24Bitmaps[] PROGMEM = {
    0x03, 0x80, 0x0E, 0x00, 0x38, 0x00, 0xE0, 0x03, 0x80, 0x0E, 0x00, 0x38,
    0x00, 0xE0, 0x03, 0x80, 0x0E, 0x00, 0x38, 0x00, 0x60, 0x00, 0x00, 0x00,
    0x00, 0x00, 0x00, 0x00, 0x03, 0x80, 0x0E, 0x00, 0x38, 0xE0, 0xE3, 0x83,
    0x8E, 0x0E, 0x38, 0x38, 0xE0, 0xE3, 0x83, 0x8E, 0x00, 0x00, 0x00, 0x00,
    0x00, 0x00, 0x00, 0x00, 0x00, 0x00, 0x00, 0x00, 0x00, 0x00, 0x00, 0x00,
    0x00, 0x00, 0x00, 0x00, 0x00, 0x00, 0x03, 0x18, 0x06, 0x60, 0x18, 0xC0,
    0x31, 0x87, 0xFF, 0xEF, 0xFF, 0xC3, 0x18, 0x06, 0x30, 0x0C, 0x60, 0x18,
    0xC0, 0x33, 0x07, 0xFF, 0xCF, 0xFF, 0x83, 0x18, 0x06, 0x60, 0x18, 0xC0,
    0x31, 0x80, 0x63, 0x00, 0x01, 0x00, 0x04, 0x00, 0x10, 0x01, 0xF8, 0x1F,
    0xF0, 0x64, 0xC3, 0x90, 0x0C, 0x40, 0x39, 0x00, 0x74, 0x00, 0xFC, 0x01,
    0xFC, 0x01, 0x78, 0x04, 0x60, 0x11, 0x80, 0x46, 0x31, 0x38, 0xFF, 0xC0,
    0xFE, 0x00, 0x40, 0x01, 0x00, 0x04, 0x00, 0x10, 0x00, 0x3C, 0x00, 0xFC,
    0x01, 0x98, 0x06, 0x18, 0x0C, 0x30, 0x18, 0x60, 0x19, 0xC3, 0x3F, 0x1E,
    0x3D, 0xF0, 0x0F, 0x00, 0xFB, 0xC3, 0x8F, 0xC4, 0x18, 0xC0, 0x21, 0x80,
    0x43, 0x00, 0xC6, 0x01, 0xF8, 0x01, 0xE0, 0x07, 0xC0, 0x3F, 0x80, 0x71,
    0x00, 0xC0, 0x01, 0x80, 0x03, 0x00, 0x07, 0x00, 0x0F, 0x00, 0x3E, 0x00,
    0x66, 0x19, 0x8E, 0x33, 0x0E, 0x66, 0x0E, 0xCC, 0x0F, 0x1C, 0x1E, 0x3C,
    0x3C, 0x3F, 0xF8, 0x1F, 0x38, 0x03, 0x80, 0x0E, 0x00, 0x38, 0x00, 0xE0,
    0x03, 0x80, 0x0E, 0x00, 0x38, 0x00, 0xE0, 0x00, 0x00, 0x00, 0x00, 0x00,
    0x00, 0x00, 0x00, 0x00, 0x00, 0x00, 0x00, 0x00, 0x00, 0x00, 0x00, 0x00,
    0x00, 0x00, 0x00, 0x00, 0xC0, 0x06, 0x00, 0x18, 0x00, 0xC0, 0x03, 0x00,
    0x1C, 0x00, 0x70, 0x01, 0x80, 0x06, 0x00, 0x18, 0x00, 0x60, 0x01, 0x80,
    0x06, 0x00, 0x18, 0x00, 0x60, 0x01, 0xC0, 0x07, 0x00, 0x0C, 0x00, 0x30,
    0x00, 0x60, 0x01, 0x80, 0x03, 0x00, 0x0C, 0x00, 0x18, 0x00, 0x60, 0x00,
    0xC0, 0x03, 0x00, 0x0E, 0x00, 0x18, 0x00, 0x60, 0x01, 0x80, 0x06, 0x00,
    0x18, 0x00, 0x60, 0x01, 0x80, 0x06, 0x00, 0x18, 0x00, 0x60, 0x03, 0x80,
    0x0C, 0x00, 0x30, 0x01, 0x80, 0x06, 0x00, 0x30, 0x00, 0x03, 0x00, 0x0C,
    0x00, 0x30, 0x18, 0xC3, 0x7B, 0x38, 0x7F, 0xC0, 0x7C, 0x01, 0xF0, 0x1F,
    0xE1, 0xEC, 0xE6, 0x31, 0xC0, 0xC0, 0x03, 0x00, 0x0C, 0x00, 0x00, 0x00,
    0x00, 0x00, 0x00, 0x00, 0x00, 0x03, 0x80, 0x0E, 0x00, 0x38, 0x00, 0xE0,
    0x03, 0x80, 0x0E, 0x07, 0xFF, 0xDF, 0xFF, 0x03, 0x80, 0x0E, 0x00, 0x38,
    0x00, 0xE0, 0x03, 0x80, 0x00, 0x00, 0x07, 0x80, 0x1E, 0x00, 0x78, 0x01,
    0xE0, 0x07, 0x00, 0x3C, 0x00, 0xE0, 0x03, 0x80, 0x7F, 0xFD, 0xFF, 0xF0,
    0x00, 0x00, 0x00, 0x00, 0x00, 0x00, 0x00, 0x00, 0x00, 0x00, 0x00, 0x00,
    0x0F, 0x80, 0x3E, 0x00, 0xF8, 0x03, 0xE0, 0x0F, 0x80, 0x00, 0x30, 0x00,
    0xC0, 0x07, 0x00, 0x18, 0x00, 0xE0, 0x03, 0x00, 0x1C, 0x00, 0x60, 0x01,
    0x80, 0x0C, 0x00, 0x30, 0x01, 0xC0, 0x06, 0x00, 0x38, 0x00, 0xC0, 0x07,
    0x00, 0x18, 0x00, 0xE0, 0x03, 0x00, 0x0C, 0x00, 0x20, 0x00, 0x07, 0xC0,
    0x3F, 0x81, 0xC7, 0x0E, 0x1C, 0x38, 0x70, 0xC3, 0xE3, 0x0F, 0x8C, 0x6E,
    0x33, 0xB8, 0xCC, 0xE3, 0x63, 0x8F, 0x8E, 0x3C, 0x38, 0xE0, 0xC3, 0x83,
    0x07, 0x1C, 0x0F, 0xE0, 0x1F, 0x00, 0x03, 0x80, 0x3E, 0x03, 0xF8, 0x0E,
    0x60, 0x01, 0x80, 0x06, 0x00, 0x18, 0x00, 0x60, 0x01, 0x80, 0x06, 0x00,
    0x18, 0x00, 0x60, 0x01, 0x80, 0x06, 0x00, 0x18, 0x00, 0x60, 0x1F, 0xF8,
    0x7F, 0xE0, 0x1F, 0x80, 0xFF, 0x83, 0x0F, 0x00, 0x1C, 0x00, 0x30, 0x00,
    0xC0, 0x03, 0x00, 0x1C, 0x00, 0xE0, 0x03, 0x00, 0x1C, 0x00, 0xE0, 0x07,
    0x00, 0x38, 0x01, 0xC0, 0x0E, 0x00, 0x3F, 0xF0, 0xFF, 0xC0, 0x1F, 0xC0,
    0xFF, 0x83, 0x07, 0x00, 0x0C, 0x00, 0x30, 0x00, 0xC0, 0x07, 0x01, 0xF0,
    0x07, 0xC0, 0x03, 0xC0, 0x03, 0x00, 0x0E, 0x00, 0x38, 0x00, 0xE0, 0x03,
    0x0C, 0x3C, 0x3F, 0xE0, 0x7F, 0x00, 0x00, 0xE0, 0x07, 0x80, 0x1E, 0x00,
    0xF8, 0x06, 0x60, 0x19, 0x80, 0xC6, 0x03, 0x18, 0x18, 0x60, 0xE1, 0x83,
    0x06, 0x18, 0x18, 0x7F, 0xF9, 0xFF, 0xE0, 0x06, 0x00, 0x18, 0x00, 0x60,
    0x01, 0x80, 0x3F, 0xE0, 0xFF, 0x83, 0x80, 0x0E, 0x00, 0x38, 0x00, 0xE0,
    0x03, 0xF8, 0x0F, 0xF8, 0x30, 0xF0, 0x01, 0xC0, 0x03, 0x00, 0x0E, 0x00,
    0x38, 0x00, 0xC0, 0x07, 0x08, 0x3C, 0x3F, 0xE0, 0xFE, 0x00, 0x07, 0xE0,
    0x3F, 0xC1, 0xC1, 0x06, 0x00, 0x38, 0x00, 0xC0, 0x03, 0x3C, 0x0F, 0xF8,
    0x3C, 0x70, 0xE0, 0xE3, 0x03, 0x8C, 0x0E, 0x30, 0x38, 0xC0, 0xE3, 0x83,
    0x87, 0x1C, 0x1F, 0xE0, 0x1F, 0x00, 0x3F, 0xF8, 0xFF, 0xE0, 0x03, 0x00,
    0x1C, 0x00, 0x60, 0x01, 0x80, 0x0E, 0x00, 0x30, 0x01, 0xC0, 0x07, 0x00,
    0x18, 0x00, 0xE0, 0x03, 0x00, 0x0C, 0x00, 0x70, 0x01, 0x80, 0x0E, 0x00,
    0x38, 0x00, 0x0F, 0xC0, 0x7F, 0x83, 0x87, 0x0E, 0x0C, 0x30, 0x38, 0xE0,
    0xC1, 0x87, 0x03, 0xF8, 0x0F, 0xE0, 0x71, 0xC3, 0x83, 0x8C, 0x0E, 0x30,
    0x38, 0xC0, 0xE3, 0x83, 0x8F, 0x1C, 0x1F, 0xF0, 0x3F, 0x00, 0x0F, 0xC0,
    0x7F, 0x83, 0x87, 0x0C, 0x0C, 0x30, 0x31, 0xC0, 0xE7, 0x03, 0x8C, 0x0E,
    0x30, 0x38, 0xE1, 0xE1, 0xFF, 0x83, 0xEE, 0x00, 0x38, 0x00, 0xC0, 0x07,
    0x04, 0x38, 0x1F, 0xC0, 0x7E, 0x00, 0x07, 0x80, 0x1E, 0x00, 0x78, 0x01,
    0xE0, 0x00, 0x00, 0x00, 0x00, 0x00, 0x00, 0x00, 0x00, 0x00, 0x00, 0x00,
    0x78, 0x01, 0xE0, 0x07, 0x80, 0x1E, 0x00, 0x07, 0x80, 0x1E, 0x00, 0x78,
    0x01, 0xE0, 0x00, 0x00, 0x00, 0x00, 0x00, 0x00, 0x00, 0x00, 0x00, 0x1E,
    0x00, 0x78, 0x01, 0xE0, 0x07, 0x80, 0x1C, 0x00, 0x70, 0x03, 0x80, 0x0E,
    0x00, 0x00, 0x00, 0x00, 0x60, 0x0F, 0x80, 0xFC, 0x1F, 0x81, 0xF0, 0x07,
    0x00, 0x1F, 0x00, 0x0F, 0x80, 0x0F, 0xC0, 0x07, 0x80, 0x06, 0x00, 0x00,
    0x00, 0x00, 0x7F, 0xF9, 0xFF, 0xE0, 0x00, 0x00, 0x00, 0x00, 0x00, 0x00,
    0x07, 0xFF, 0x9F, 0xFE, 0x00, 0x00, 0x00, 0x00, 0x00, 0x00, 0x00, 0x00,
    0x01, 0x80, 0x07, 0xC0, 0x07, 0xE0, 0x03, 0xE0, 0x03, 0xE0, 0x03, 0x80,
    0x3E, 0x07, 0xE0, 0x7C, 0x07, 0xC0, 0x18, 0x00, 0x00, 0x00, 0x00, 0x00,
    0x07, 0xC0, 0x7F, 0x81, 0x87, 0x00, 0x0C, 0x00, 0x30, 0x00, 0xC0, 0x07,
    0x00, 0x38, 0x01, 0xC0, 0x0E, 0x00, 0x30, 0x00, 0xC0, 0x03, 0x00, 0x0C,
    0x00, 0x00, 0x00, 0x00, 0x03, 0x00, 0x0C, 0x00, 0x03, 0xE0, 0x3F, 0xC1,
    0xC3, 0x8E, 0x06, 0x70, 0x0D, 0x87, 0xB6, 0x3F, 0xD1, 0xC7, 0xC6, 0x0F,
    0x18, 0x3C, 0x60, 0xF1, 0x83, 0xC6, 0x0D, 0x9C, 0x76, 0x3F, 0xD8, 0x7B,
    0x30, 0x00, 0xE0, 0x01, 0xE0, 0x03, 0xFE, 0x03, 0xF8, 0x03, 0x80, 0x0F,
    0x00, 0x1E, 0x00, 0x36, 0x00, 0xEC, 0x01, 0x98, 0x03, 0x38, 0x0E, 0x30,
    0x18, 0x60, 0x30, 0xE0, 0x60, 0xC1, 0xFF, 0x83, 0xFF, 0x06, 0x07, 0x1C,
    0x06, 0x38, 0x0C, 0x60, 0x1C, 0xC0, 0x38, 0x3F, 0xC0, 0xFF, 0xC3, 0x07,
    0x0C, 0x0E, 0x30, 0x38, 0xC0, 0xE3, 0x07, 0x0F, 0xF8, 0x3F, 0xE0, 0xC1,
    0xC3, 0x03, 0x8C, 0x06, 0x30, 0x18, 0xC0, 0x63, 0x01, 0x8C, 0x0E, 0x3F,
    0xF0, 0xFF, 0x80, 0x03, 0xF0, 0x3F, 0xE1, 0xE1, 0x87, 0x00, 0x38, 0x00,
    0xE0, 0x03, 0x00, 0x0C, 0x00, 0x30, 0x00, 0xC0, 0x03, 0x00, 0x0C, 0x00,
    0x38, 0x00, 0xE0, 0x01, 0xC0, 0x07, 0x86, 0x0F, 0xF8, 0x0F, 0xC0, 0x3F,
    0x80, 0xFF, 0x03, 0x0E, 0x0C, 0x1C, 0x30, 0x30, 0xC0, 0xE3, 0x03, 0x8C,
    0x0E, 0x30, 0x38, 0xC0, 0xE3, 0x03, 0x8C, 0x0E, 0x30, 0x38, 0xC0, 0xC3,
    0x07, 0x0C, 0x38, 0x3F, 0xC0, 0xFE, 0x00, 0x3F, 0xF8, 0xFF, 0xE3, 0x80,
    0x0E, 0x00, 0x38, 0x00, 0xE0, 0x03, 0x80, 0x0F, 0xFC, 0x3F, 0xF0, 0xE0,
    0x03, 0x80, 0x0E, 0x00, 0x38, 0x00, 0xE0, 0x03, 0x80, 0x0E, 0x00, 0x3F,
    0xF8, 0xFF, 0xE0, 0x1F, 0xF8, 0x7F, 0xE1, 0x80, 0x06, 0x00, 0x18, 0x00,
    0x60, 0x01, 0x80, 0x07, 0xFC, 0x1F, 0xF0, 0x60, 0x01, 0x80, 0x06, 0x00,
    0x18, 0x00, 0x60, 0x01, 0x80, 0x06, 0x00, 0x18, 0x00, 0x60, 0x00, 0x07,
    0xE0, 0x3F, 0xC1, 0xC3, 0x0E, 0x00, 0x38, 0x00, 0xC0, 0x07, 0x00, 0x1C,
    0x00, 0x70, 0xF9, 0xC3, 0xE7, 0x01, 0x9C, 0x06, 0x30, 0x18, 0xC0, 0x63,
    0x81, 0x87, 0x0E, 0x0F, 0xF8, 0x1F, 0x80, 0x30, 0x38, 0xC0, 0xE3, 0x03,
    0x8C, 0x0E, 0x30, 0x38, 0xC0, 0xE3, 0x03, 0x8F, 0xFE, 0x3F, 0xF8, 0xC0,
    0xE3, 0x03, 0x8C, 0x0E, 0x30, 0x38, 0xC0, 0xE3, 0x03, 0x8C, 0x0E, 0x30,
    0x38, 0xC0, 0xE0, 0x3F, 0xF0, 0xFF, 0xC0, 0x30, 0x00, 0xC0, 0x03, 0x00,
    0x0C, 0x00, 0x30, 0x00, 0xC0, 0x03, 0x00, 0x0C, 0x00, 0x30, 0x00, 0xC0,
    0x03, 0x00, 0x0C, 0x00, 0x30, 0x00, 0xC0, 0x3F, 0xF0, 0xFF, 0xC0, 0x0F,
    0xE0, 0x3F, 0x80, 0x06, 0x00, 0x18, 0x00, 0x60, 0x01, 0x80, 0x06, 0x00,
    0x18, 0x00, 0x60, 0x01, 0x80, 0x06, 0x00, 0x18, 0x00, 0x60, 0x01, 0x84,
    0x0E, 0x1C, 0x38, 0x7F, 0xC0, 0x7E, 0x00, 0x30, 0x1C, 0x60, 0x70, 0xC1,
    0xC1, 0x87, 0x03, 0x1C, 0x06, 0x70, 0x0D, 0xC0, 0x1F, 0x80, 0x3F, 0x00,
    0x77, 0x00, 0xC6, 0x01, 0x8E, 0x03, 0x0E, 0x06, 0x0C, 0x0C, 0x1C, 0x18,
    0x1C, 0x30, 0x38, 0x60, 0x38, 0x38, 0x00, 0xE0, 0x03, 0x80, 0x0E, 0x00,
    0x38, 0x00, 0xE0, 0x03, 0x80, 0x0E, 0x00, 0x38, 0x00, 0xE0, 0x03, 0x80,
    0x0E, 0x00, 0x38, 0x00, 0xE0, 0x03, 0x80, 0x0E, 0x00, 0x3F, 0xF8, 0xFF,
    0xE0, 0xF0, 0x7B, 0xC1, 0xEF, 0x07, 0xBE, 0x3E, 0xF8, 0xDB, 0xA3, 0x6E,
    0xD9, 0xBB, 0x66, 0xE7, 0x9B, 0x9C, 0x6E, 0x71, 0xB8, 0x86, 0xE0, 0x1B,
    0x80, 0x6E, 0x01, 0xB8, 0x06, 0xE0, 0x1B, 0x80, 0x60, 0xF0, 0x3B, 0xC0,
    0xEF, 0x83, 0xBE, 0x0E, 0xFC, 0x3B, 0xB0, 0xEE, 0xE3, 0xB9, 0x8E, 0xE6,
    0x3B, 0x8C, 0xEE, 0x33, 0xB8, 0x6E, 0xE1, 0xBB, 0x87, 0xEE, 0x0F, 0xB8,
    0x3E, 0xE0, 0x7B, 0x81, 0xE0, 0x07, 0xC0, 0x7F, 0x81, 0xC7, 0x0E, 0x0C,
    0x30, 0x38, 0xC0, 0xE7, 0x03, 0x9C, 0x0E, 0x70, 0x19, 0xC0, 0x67, 0x01,
    0x9C, 0x0E, 0x30, 0x38, 0xC0, 0xE3, 0x83, 0x07, 0x1C, 0x1F, 0xE0, 0x1F,
    0x00, 0x3F, 0xC0, 0xFF, 0xC3, 0x87, 0x8E, 0x0E, 0x38, 0x18, 0xE0, 0x63,
    0x81, 0x8E, 0x0E, 0x38, 0x78, 0xFF, 0xC3, 0xFE, 0x0E, 0x00, 0x38, 0x00,
    0xE0, 0x03, 0x80, 0x0E, 0x00, 0x38, 0x00, 0xE0, 0x00, 0x07, 0xC0, 0x7F,
    0x81, 0xC7, 0x0E, 0x0C, 0x30, 0x38, 0xC0, 0xE7, 0x03, 0x9C, 0x0E, 0x70,
    0x19, 0xC0, 0x67, 0x01, 0x9C, 0x0E, 0x30, 0x38, 0xC0, 0xE3, 0x83, 0x07,
    0x1C, 0x1F, 0xE0, 0x1F, 0x00, 0x0E, 0x00, 0x1C, 0x00, 0x20, 0x3F, 0xC0,
    0x7F, 0xC0, 0xC3, 0xC1, 0x81, 0x83, 0x03, 0x86, 0x06, 0x0C, 0x0C, 0x18,
    0x38, 0x3F, 0xE0, 0x7F, 0x80, 0xC3, 0x81, 0x83, 0x03, 0x07, 0x06, 0x06,
    0x0C, 0x0E, 0x18, 0x0C, 0x30, 0x1C, 0x60, 0x18, 0x07, 0xE0, 0x7F, 0xC3,
    0xC3, 0x0C, 0x00, 0x30, 0x00, 0xC0, 0x03, 0x80, 0x0F, 0x80, 0x1F, 0xC0,
    0x1F, 0xC0, 0x07, 0x00, 0x0E, 0x00, 0x38, 0x00, 0xE0, 0x03, 0x8C, 0x1C,
    0x3F, 0xF0, 0x7F, 0x00, 0xFF, 0xFF, 0xFF, 0xF0, 0x30, 0x00, 0xC0, 0x03,
    0x00, 0x0C, 0x00, 0x30, 0x00, 0xC0, 0x03, 0x00, 0x0C, 0x00, 0x30, 0x00,
    0xC0, 0x03, 0x00, 0x0C, 0x00, 0x30, 0x00, 0xC0, 0x03, 0x00, 0x0C, 0x00,
    0x30, 0x38, 0xC0, 0xE3, 0x03, 0x8C, 0x0E, 0x30, 0x38, 0xC0, 0xE3, 0x03,
    0x8C, 0x0E, 0x30, 0x38, 0xC0, 0xE3, 0x03, 0x8C, 0x0E, 0x30, 0x38, 0xC0,
    0xE3, 0x03, 0x0E, 0x1C, 0x1F, 0xE0, 0x1F, 0x00, 0x60, 0x1D, 0xC0, 0x67,
    0x01, 0x8C, 0x0E, 0x30, 0x38, 0xE0, 0xC3, 0x83, 0x06, 0x1C, 0x18, 0x60,
    0x71, 0x80, 0xC6, 0x03, 0x38, 0x0C, 0xC0, 0x3B, 0x00, 0x6C, 0x01, 0xE0,
    0x07, 0x80, 0x0E, 0x00, 0xC0, 0x0D, 0xC0, 0x1B, 0x80, 0x37, 0x00, 0x66,
    0x38, 0xCC, 0x73, 0x99, 0xE7, 0x33, 0xCC, 0x66, 0x98, 0xCD, 0xB1, 0xD3,
    0x61, 0xE6, 0xC3, 0xCD, 0x87, 0x8F, 0x0F, 0x1C, 0x1C, 0x38, 0x38, 0x70,
    0x70, 0xE0, 0x70, 0x1C, 0x60, 0x70, 0xE0, 0xC0, 0xE3, 0x80, 0xC6, 0x01,
    0xDC, 0x01, 0xF0, 0x03, 0xC0, 0x03, 0x80, 0x0F, 0x00, 0x1F, 0x00, 0x76,
    0x00, 0xC6, 0x03, 0x8E, 0x0E, 0x0C, 0x18, 0x1C, 0x70, 0x19, 0xC0, 0x38,
    0x60, 0x1C, 0xE0, 0x30, 0xC0, 0xE1, 0xC1, 0x81, 0x87, 0x03, 0x9C, 0x03,
    0x30, 0x03, 0xE0, 0x07, 0x80, 0x07, 0x00, 0x0C, 0x00, 0x18, 0x00, 0x30,
    0x00, 0x60, 0x00, 0xC0, 0x01, 0x80, 0x03, 0x00, 0x06, 0x00, 0x3F, 0xFC,
    0xFF, 0xE0, 0x03, 0x80, 0x0C, 0x00, 0x70, 0x03, 0x80, 0x0C, 0x00, 0x70,
    0x01, 0x80, 0x0E, 0x00, 0x70, 0x01, 0x80, 0x0E, 0x00, 0x70, 0x01, 0x80,
    0x0E, 0x00, 0x3F, 0xFC, 0xFF, 0xF0, 0x01, 0xF0, 0x07, 0xC0, 0x18, 0x00,
    0x60, 0x01, 0x80, 0x06, 0x00, 0x18, 0x00, 0x60, 0x01, 0x80, 0x06, 0x00,
    0x18, 0x00, 0x60, 0x01, 0x80, 0x06, 0x00, 0x18, 0x00, 0x60, 0x01, 0x80,
    0x06, 0x00, 0x18, 0x00, 0x60, 0x01, 0xF0, 0x07, 0xC0, 0x70, 0x00, 0xC0,
    0x03, 0x80, 0x06, 0x00, 0x1C, 0x00, 0x30, 0x00, 0xC0, 0x01, 0x80, 0x06,
    0x00, 0x1C, 0x00, 0x30, 0x00, 0xE0, 0x01, 0x80, 0x07, 0x00, 0x0C, 0x00,
    0x30, 0x00, 0x60, 0x01, 0x80, 0x07, 0x00, 0x0C, 0x00, 0x10, 0x1F, 0x80,
    0x7E, 0x00, 0x38, 0x00, 0xE0, 0x03, 0x80, 0x0E, 0x00, 0x38, 0x00, 0xE0,
    0x03, 0x80, 0x0E, 0x00, 0x38, 0x00, 0xE0, 0x03, 0x80, 0x0E, 0x00, 0x38,
    0x00, 0xE0, 0x03, 0x80, 0x0E, 0x00, 0x38, 0x00, 0xE0, 0x1F, 0x80, 0x7E,
    0x00, 0x03, 0x80, 0x0F, 0x00, 0x3F, 0x00, 0xE7, 0x01, 0xC7, 0x07, 0x07,
    0x1C, 0x06, 0x30, 0x04, 0x00, 0x00, 0x00, 0x00, 0x00, 0x00, 0x00, 0x00,
    0x00, 0x00, 0x00, 0x00, 0x00, 0x00, 0x00, 0x00, 0x00, 0x00, 0x00, 0x00,
    0x00, 0x00, 0x03, 0xFF, 0xF7, 0xFF, 0xE0, 0x08, 0x00, 0x30, 0x00, 0x60,
    0x00, 0xC0, 0x01, 0x80, 0x00, 0x00, 0x00, 0x00, 0x00, 0x00, 0x00, 0x00,
    0x00, 0x00, 0x00, 0x00, 0x00, 0x00, 0x00, 0x00, 0x00, 0x00, 0x00, 0x00,
    0x00, 0x00, 0x00, 0x00, 0x00, 0x00, 0x0F, 0xC0, 0xFF, 0x83, 0x07, 0x00,
    0x0C, 0x00, 0x30, 0x3F, 0xC1, 0xFF, 0x0E, 0x0C, 0x30, 0x30, 0xC0, 0xC3,
    0x07, 0x0E, 0x3C, 0x3F, 0xF0, 0x3C, 0xC0, 0x30, 0x00, 0xC0, 0x03, 0x00,
    0x0C, 0x00, 0x30, 0x00, 0xCF, 0x03, 0xFE, 0x0F, 0x1C, 0x38, 0x38, 0xE0,
    0xE3, 0x81, 0x8E, 0x06, 0x38, 0x18, 0xE0, 0x63, 0x83, 0x8E, 0x0E, 0x3C,
    0x70, 0xFF, 0x83, 0x3C, 0x00, 0x03, 0xE0, 0x3F, 0xC1, 0xE1, 0x87, 0x00,
    0x18, 0x00, 0xE0, 0x03, 0x80, 0x0E, 0x00, 0x38, 0x00, 0x60, 0x01, 0xC0,
    0x07, 0x86, 0x0F, 0xF0, 0x0F, 0x80, 0x00, 0x30, 0x00, 0xC0, 0x03, 0x00,
    0x0C, 0x00, 0x30, 0x3E, 0xC1, 0xFF, 0x0E, 0x3C, 0x30, 0x70, 0xC0, 0xC7,
    0x03, 0x1C, 0x0C, 0x70, 0x31, 0xC0, 0xC3, 0x03, 0x0C, 0x1C, 0x38, 0xF0,
    0x7F, 0xC0, 0xFB, 0x00, 0x07, 0xC0, 0x3F, 0x81, 0xC7, 0x0E, 0x0E, 0x30,
    0x19, 0xFF, 0xE7, 0xFF, 0x9C, 0x00, 0x70, 0x00, 0xC0, 0x03, 0x80, 0x07,
    0x0E, 0x0F, 0xF8, 0x1F, 0x80, 0x01, 0xF8, 0x0F, 0xE0, 0x38, 0x00, 0xC0,
    0x03, 0x00, 0xFF, 0xE3, 0xFF, 0x80, 0xC0, 0x03, 0x00, 0x0C, 0x00, 0x30,
    0x00, 0xC0, 0x03, 0x00, 0x0C, 0x00, 0x30, 0x00, 0xC0, 0x03, 0x00, 0x0C,
    0x00, 0x30, 0x00, 0x0F, 0x30, 0x7F, 0xC3, 0x8F, 0x0E, 0x1C, 0x30, 0x31,
    0xC0, 0xC7, 0x03, 0x1C, 0x0C, 0x70, 0x30, 0xC0, 0xC3, 0x87, 0x0E, 0x3C,
    0x1F, 0xF0, 0x3E, 0xC0, 0x03, 0x00, 0x0C, 0x10, 0x60, 0x7F, 0x80, 0xF8,
    0x00, 0x38, 0x00, 0xE0, 0x03, 0x80, 0x0E, 0x00, 0x38, 0x00, 0xEF, 0x03,
    0xFE, 0x0F, 0x1C, 0x38, 0x30, 0xE0, 0xC3, 0x83, 0x0E, 0x0C, 0x38, 0x30,
    0xE0, 0xC3, 0x83, 0x0E, 0x0C, 0x38, 0x30, 0xE0, 0xC3, 0x83, 0x00, 0x01,
    0x80, 0x06, 0x00, 0x00, 0x00, 0x00, 0x00, 0x00, 0x3E, 0x00, 0xF8, 0x00,
    0x60, 0x01, 0x80, 0x06, 0x00, 0x18, 0x00, 0x60, 0x01, 0x80, 0x06, 0x00,
    0x18, 0x00, 0x60, 0x01, 0x80, 0x7F, 0xF1, 0xFF, 0xC0, 0x01, 0x80, 0x06,
    0x00, 0x00, 0x00, 0x00, 0x00, 0x00, 0x7E, 0x01, 0xF8, 0x00, 0x60, 0x01,
    0x80, 0x06, 0x00, 0x18, 0x00, 0x60, 0x01, 0x80, 0x06, 0x00, 0x18, 0x00,
    0x60, 0x01, 0x80, 0x06, 0x00, 0x18, 0x00, 0x60, 0x01, 0x80, 0x0E, 0x03,
    0xF0, 0x0F, 0x80, 0x18, 0x00, 0x30, 0x00, 0x60, 0x00, 0xC0, 0x01, 0x80,
    0x03, 0x07, 0x06, 0x1C, 0x0C, 0x70, 0x19, 0xC0, 0x37, 0x00, 0x7C, 0x00,
    0xFC, 0x01, 0xDC, 0x03, 0x18, 0x06, 0x38, 0x0C, 0x38, 0x18, 0x30, 0x30,
    0x70, 0x60, 0x70, 0x1F, 0x00, 0x7C, 0x00, 0x30, 0x00, 0xC0, 0x03, 0x00,
    0x0C, 0x00, 0x30, 0x00, 0xC0, 0x03, 0x00, 0x0C, 0x00, 0x30, 0x00, 0xC0,
    0x03, 0x00, 0x0C, 0x00, 0x38, 0x00, 0xE0, 0x01, 0x80, 0x07, 0xE0, 0x0F,
    0x80, 0x6E, 0x71, 0xFF, 0xE7, 0x39, 0x98, 0xC6, 0x63, 0x19, 0x8C, 0x66,
    0x31, 0x98, 0xC6, 0x63, 0x19, 0x8C, 0x66, 0x31, 0x98, 0xC6, 0x63, 0x19,
    0x8C, 0x60, 0x3B, 0xC0, 0xFF, 0x83, 0xC7, 0x0E, 0x0C, 0x38, 0x30, 0xE0,
    0xC3, 0x83, 0x0E, 0x0C, 0x38, 0x30, 0xE0, 0xC3, 0x83, 0x0E, 0x0C, 0x38,
    0x30, 0xE0, 0xC0, 0x07, 0xC0, 0x7F, 0x81, 0xC7, 0x0E, 0x0C, 0x30, 0x38,
    0xC0, 0xE3, 0x03, 0x8C, 0x0E, 0x30, 0x38, 0xC0, 0xE3, 0x83, 0x07, 0x1C,
    0x1F, 0xE0, 0x1F, 0x00, 0x33, 0xC0, 0xFF, 0x83, 0xC7, 0x0E, 0x0C, 0x38,
    0x38, 0xE0, 0x63, 0x01, 0x8C, 0x06, 0x38, 0x18, 0xE0, 0xE3, 0x83, 0x8F,
    0x1C, 0x3F, 0xE0, 0xCF, 0x03, 0x00, 0x0C, 0x00, 0x30, 0x00, 0xC0, 0x03,
    0x00, 0x00, 0x0F, 0xB0, 0x7F, 0xC1, 0xC7, 0x0E, 0x1C, 0x30, 0x30, 0xC0,
    0xC3, 0x03, 0x0C, 0x0C, 0x30, 0x30, 0xC0, 0xC3, 0x87, 0x07, 0x1C, 0x1F,
    0xF0, 0x3E, 0xC0, 0x03, 0x00, 0x0C, 0x00, 0x30, 0x00, 0xC0, 0x03, 0x00,
    0x0C, 0x78, 0x37, 0xF0, 0xF8, 0xC3, 0x80, 0x0E, 0x00, 0x38, 0x00, 0xE0,
    0x03, 0x00, 0x0C, 0x00, 0x30, 0x00, 0xC0, 0x03, 0x00, 0x0C, 0x00, 0x30,
    0x00, 0x07, 0xC0, 0x7F, 0x81, 0xC2, 0x06, 0x00, 0x18, 0x00, 0x70, 0x00,
    0xFC, 0x00, 0xF8, 0x00, 0x70, 0x00, 0xC0, 0x03, 0x0C, 0x1C, 0x3F, 0xE0,
    0x3F, 0x00, 0x06, 0x00, 0x18, 0x00, 0x60, 0x01, 0x80, 0x7F, 0xF1, 0xFF,
    0xC0, 0x60, 0x01, 0x80, 0x06, 0x00, 0x18, 0x00, 0x60, 0x01, 0x80, 0x06,
    0x00, 0x18, 0x00, 0x60, 0x01, 0xC0, 0x03, 0xF0, 0x07, 0xC0, 0x38, 0x30,
    0xE0, 0xC3, 0x83, 0x0E, 0x0C, 0x38, 0x30, 0xE0, 0xC3, 0x83, 0x0E, 0x0C,
    0x38, 0x30, 0xE0, 0xC3, 0x87, 0x07, 0x1C, 0x1F, 0xF0, 0x3C, 0xC0, 0x70,
    0x18, 0xC0, 0xE3, 0x03, 0x8E, 0x0C, 0x18, 0x30, 0x61, 0xC1, 0xC6, 0x03,
    0x18, 0x0C, 0xE0, 0x3B, 0x00, 0x6C, 0x01, 0xF0, 0x07, 0x80, 0x0E, 0x00,
    0xC0, 0x0D, 0xC0, 0x1B, 0x80, 0x33, 0x00, 0x66, 0x31, 0xCC, 0x73, 0x1C,
    0xE6, 0x1B, 0xCC, 0x36, 0x98, 0x69, 0xE0, 0xF3, 0xC1, 0xE3, 0x81, 0xC7,
    0x03, 0x0E, 0x00, 0x30, 0x38, 0xE0, 0xC1, 0x86, 0x03, 0x38, 0x0E, 0xC0,
    0x1E, 0x00, 0x38, 0x01, 0xE0, 0x07, 0xC0, 0x3B, 0x01, 0xC6, 0x06, 0x1C,
    0x30, 0x39, 0xC0, 0x60, 0x70, 0x18, 0xC0, 0x63, 0x03, 0x8E, 0x0C, 0x18,
    0x30, 0x71, 0xC0, 0xC6, 0x03, 0x38, 0x0E, 0xC0, 0x1B, 0x00, 0x7C, 0x01,
    0xE0, 0x03, 0x80, 0x0E, 0x00, 0x30, 0x01, 0xC0, 0x06, 0x00, 0xF8, 0x03,
    0xC0, 0x00, 0x1F, 0xF0, 0x7F, 0xC0, 0x07, 0x00, 0x18, 0x00, 0xE0, 0x07,
    0x00, 0x38, 0x00, 0xC0, 0x06, 0x00, 0x38, 0x01, 0xC0, 0x06, 0x00, 0x3F,
    0xF0, 0xFF, 0xC0, 0x00, 0xF0, 0x07, 0xC0, 0x18, 0x00, 0xE0, 0x03, 0x80,
    0x0E, 0x00, 0x38, 0x00, 0xE0, 0x03, 0x80, 0x0E, 0x00, 0x70, 0x0F, 0x80,
    0x3E, 0x00, 0x1C, 0x00, 0x38, 0x00, 0xE0, 0x03, 0x80, 0x0E, 0x00, 0x38,
    0x00, 0xE0, 0x01, 0x80, 0x07, 0xC0, 0x0F, 0x00, 0x01, 0x80, 0x06, 0x00,
    0x18, 0x00, 0x60, 0x01, 0x80, 0x06, 0x00, 0x18, 0x00, 0x60, 0x01, 0x80,
    0x06, 0x00, 0x18, 0x00, 0x60, 0x01, 0x80, 0x06, 0x00, 0x18, 0x00, 0x60,
    0x01, 0x80, 0x06, 0x00, 0x18, 0x00, 0x60, 0x01, 0x80, 0x06, 0x00, 0x18,
    0x00, 0x60, 0x01, 0x80, 0x3E, 0x00, 0xFC, 0x00, 0x70, 0x00, 0xC0, 0x03,
    0x00, 0x0C, 0x00, 0x30, 0x00, 0xC0, 0x03, 0x00, 0x0E, 0x00, 0x38, 0x00,
    0x3E, 0x00, 0xF8, 0x07, 0x00, 0x38, 0x00, 0xC0, 0x03, 0x00, 0x0C, 0x00,
    0x30, 0x00, 0xC0, 0x07, 0x00, 0xFC, 0x03, 0xE0, 0x00, 0x1C, 0x00, 0x7C,
    0x01, 0x9C, 0x37, 0x18, 0x6C, 0x19, 0xC0, 0x3F, 0x00, 0x1C, 0x00, 0x00,
    0x00, 0x00, 0x00, 0x00, 0x00, 0x00, 0x0C, 0xE0, 0x19, 0xC0, 0x00, 0x00,
    0x00, 0x00, 0x00, 0x00, 0x70, 0x01, 0xE0, 0x03, 0xC0, 0x06, 0xC0, 0x1D,
    0x80, 0x33, 0x00, 0x67, 0x01, 0xC6, 0x03, 0x0C, 0x06, 0x1C, 0x0C, 0x18,
    0x3F, 0xF0, 0x7F, 0xE0, 0xC0, 0xE3, 0x80, 0xC7, 0x01, 0x8C, 0x03, 0x98,
    0x07, 0x00, 0x0C, 0xE0, 0x33, 0x80, 0x00, 0x00, 0x00, 0x00, 0x00, 0x1F,
    0x01, 0xFE, 0x07, 0x1C, 0x38, 0x30, 0xC0, 0xE3, 0x03, 0x9C, 0x0E, 0x70,
    0x39, 0xC0, 0x67, 0x01, 0x9C, 0x06, 0x70, 0x38, 0xC0, 0xE3, 0x03, 0x8E,
    0x0C, 0x1C, 0x70, 0x7F, 0x80, 0x7C, 0x00, 0x0C, 0xE0, 0x33, 0x80, 0x00,
    0x00, 0x00, 0x00, 0x00, 0xC0, 0xE3, 0x03, 0x8C, 0x0E, 0x30, 0x38, 0xC0,
    0xE3, 0x03, 0x8C, 0x0E, 0x30, 0x38, 0xC0, 0xE3, 0x03, 0x8C, 0x0E, 0x30,
    0x38, 0xC0, 0xE3, 0x03, 0x8C, 0x0C, 0x38, 0x70, 0x7F, 0x80, 0x7C, 0x00,
    0x0F, 0xC0, 0x7F, 0x81, 0xC7, 0x0E, 0x0C, 0x38, 0x30, 0xC3, 0xC3, 0x18,
    0x0C, 0xE0, 0x33, 0x00, 0xCE, 0x03, 0x1C, 0x0C, 0x3C, 0x30, 0x38, 0xC0,
    0x63, 0x01, 0x8C, 0x06, 0x30, 0x38, 0xDF, 0xE3, 0x7E, 0x00, 0x0C, 0xE0,
    0x33, 0x80, 0x00, 0x00, 0x00, 0x00, 0x00, 0x3F, 0x03, 0xFE, 0x0C, 0x1C,
    0x00, 0x30, 0x00, 0xC0, 0xFF, 0x07, 0xFC, 0x38, 0x30, 0xC0, 0xC3, 0x03,
    0x0C, 0x1C, 0x38, 0xF0, 0xFF, 0xC0, 0xF3, 0x00, 0x0C, 0xE0, 0x33, 0x80,
    0x00, 0x00, 0x00, 0x00, 0x00, 0x1F, 0x01, 0xFE, 0x07, 0x1C, 0x38, 0x30,
    0xC0, 0xE3, 0x03, 0x8C, 0x0E, 0x30, 0x38, 0xC0, 0xE3, 0x03, 0x8E, 0x0C,
    0x1C, 0x70, 0x7F, 0x80, 0x7C, 0x00, 0x0C, 0xE0, 0x33, 0x80, 0x00, 0x00,
    0x00, 0x00, 0x00, 0xE0, 0xC3, 0x83, 0x0E, 0x0C, 0x38, 0x30, 0xE0, 0xC3,
    0x83, 0x0E, 0x0C, 0x38, 0x30, 0xE0, 0xC3, 0x83, 0x0E, 0x1C, 0x1C, 0x70,
    0x7F, 0xC0, 0xF3, 0x00, 0x03, 0xF0, 0x03, 0xFF, 0x01, 0xFF, 0xE0, 0xF0,
    0x3C, 0x70, 0x47, 0x1C, 0x10, 0xEE, 0x04, 0x3B, 0x81, 0x06, 0xE0, 0xC1,
    0xB8, 0xF0, 0x6E, 0x00, 0x3B, 0x80, 0x0E, 0x70, 0x07, 0x9E, 0x03, 0xC3,
    0xE3, 0xE0, 0x7F, 0xF0, 0x07, 0xF8, 0x00, 0x00, 0x00, 0x00, 0x00, 0x00,
    0x1C, 0x00, 0x03, 0xC0, 0x00, 0xF8, 0x00, 0x1F, 0x80, 0x07, 0xF0, 0x00,
    0xC7, 0x00, 0x38, 0xE0, 0x07, 0x1E, 0x01, 0xF3, 0xC0, 0x3F, 0xFC, 0x0F,
    0xFF, 0x83, 0xF9, 0xF8, 0x7F, 0x3F, 0x9F, 0xFF, 0xF3, 0xFF, 0xFE, 0x3F,
    0xFF, 0xC0, 0x00, 0x80, 0x03, 0xFF, 0x03, 0xFF, 0xE1, 0xE0, 0x3E, 0xE7,
    0xF3, 0x93, 0xFF, 0x01, 0xE3, 0xE0, 0x67, 0x10, 0x07, 0xF0, 0x01, 0xFC,
    0x00, 0x00, 0x00, 0x07, 0x00, 0x00, 0x80, 0x00, 0x00, 0x00, 0x00, 0x00,
    0x00, 0x00, 0x07, 0xFF, 0x03, 0x80, 0xE1, 0xFF, 0xFC, 0x7F, 0xFF, 0x18,
    0x00, 0xC6, 0x00, 0x19, 0x80, 0x06, 0xC0, 0x01, 0xB0, 0x00, 0x6E, 0x00,
    0x1B, 0xFF, 0xFE, 0xFF, 0xFF, 0xB3, 0xFE, 0x2C, 0xFF, 0x8B, 0x3F, 0xF6,
    0xFF, 0xFF, 0xBF, 0xFF, 0xE7, 0x00, 0x71, 0xC0, 0x1C, 0x30, 0x02, 0x00,
    0x00, 0x00, 0x0F, 0xFF, 0xC7, 0xFF, 0xFB, 0xFF, 0xFE, 0xC0, 0x01, 0xB0,
    0x00, 0x6C, 0x00, 0x1B, 0x00, 0x06, 0xC0, 0x01, 0xBF, 0xFF, 0xEF, 0xFF,
    0xFB, 0xFF, 0xFE, 0xFE, 0x3F, 0xBF, 0x87, 0xEF, 0xE1, 0xFB, 0xFD, 0xFE,
    0x7F, 0xFF, 0x07, 0xFF, 0x80, 0xFF, 0x80, 0x7F, 0xF0, 0x1F, 0xFE, 0x00
};

const BitmapGlyph Meslo24Glyphs[] PROGMEM = {
    { 0x0020,     0, 14,  0, 14,   0,   0 },
    { 0x0021,     0, 14, 18, 14,   0, -18 },
    { 0x0022,    32, 14, 19, 14,   0, -19 },
    { 0x0023,    66, 15, 18, 14,   0, -18 },
    { 0x0024,   100, 14, 23, 14,   0, -19 },
    { 0x0025,   141, 15, 18, 14,   0, -18 },
    { 0x0026,   175, 15, 18, 14,   0, -18 },
    { 0x0027,   209, 14, 19, 14,   0, -19 },
    { 0x0028,   243, 14, 22, 14,   0, -20 },
    { 0x0029,   282, 14, 22, 14,   0, -20 },
    { 0x002A,   321, 14, 18, 14,   0, -18 },
    { 0x002B,   353, 14, 14, 14,   0, -14 },
    { 0x002C,   378, 14,  8, 14,   0,  -4 },
    { 0x002D,   392, 14,  9, 14,   0,  -9 },
    { 0x002E,   408, 14,  5, 14,   0,  -5 },
    { 0x002F,   417, 14, 21, 14,   0, -18 },
    { 0x0030,   454, 14, 18, 14,   0, -18 },
    { 0x0031,   486, 14, 18, 14,   0, -18 },
    { 0x0032,   518, 14, 18, 14,   0, -18 },
    { 0x0033,   550, 14, 18, 14,   0, -18 },
    { 0x0034,   582, 14, 18, 14,   0, -18 },
    { 0x0035,   614, 14, 18, 14,   0, -18 },
    { 0x0036,   646, 14, 18, 14,   0, -18 },
    { 0x0037,   678, 14, 18, 14,   0, -18 },
    { 0x0038,   710, 14, 18, 14,   0, -18 },
    { 0x0039,   742, 14, 18, 14,   0, -18 },
    { 0x003A,   774, 14, 14, 14,   0, -14 },
    { 0x003B,   799, 14, 17, 14,   0, -14 },
    { 0x003C,   829, 14, 14, 14,   0, -14 },
    { 0x003D,   854, 14, 12, 14,   0, -12 },
    { 0x003E,   875, 14, 14, 14,   0, -14 },
    { 0x003F,   900, 14, 18, 14,   0, -18 },
    { 0x0040,   932, 14, 21, 14,   0, -17 },
    { 0x0041,   969, 15, 18, 14,   0, -18 },
    { 0x0042,  1003, 14, 18, 14,   0, -18 },
    { 0x0043,  1035, 14, 18, 14,   0, -18 },
    { 0x0044,  1067, 14, 18, 14,   0, -18 },
    { 0x0045,  1099, 14, 18, 14,   0, -18 },
    { 0x0046,  1131, 14, 18, 14,   0, -18 },
    { 0x0047,  1163, 14, 18, 14,   0, -18 },
    { 0x0048,  1195, 14, 18, 14,   0, -18 },
    { 0x0049,  1227, 14, 18, 14,   0, -18 },
    { 0x004A,  1259, 14, 18, 14,   0, -18 },
    { 0x004B,  1291, 15, 18, 14,   0, -18 },
    { 0x004C,  1325, 14, 18, 14,   0, -18 },
    { 0x004D,  1357, 14, 18, 14,   0, -18 },
    { 0x004E,  1389, 14, 18, 14,   0, -18 },
    { 0x004F,  1421, 14, 18, 14,   0, -18 },
    { 0x0050,  1453, 14, 18, 14,   0, -18 },
    { 0x0051,  1485, 14, 21, 14,   0, -18 },
    { 0x0052,  1522, 15, 18, 14,   0, -18 },
    { 0x0053,  1556, 14, 18, 14,   0, -18 },
    { 0x0054,  1588, 14, 18, 14,   0, -18 },
    { 0x0055,  1620, 14, 18, 14,   0, -18 },
    { 0x0056,  1652, 14, 18, 14,   0, -18 },
    { 0x0057,  1684, 15, 18, 14,   0, -18 },
    { 0x0058,  1718, 15, 18, 14,   0, -18 },
    { 0x0059,  1752, 15, 18, 14,   0, -18 },
    { 0x005A,  1786, 14, 18, 14,   0, -18 },
    { 0x005B,  1818, 14, 22, 14,   0, -20 },
    { 0x005C,  1857, 14, 21, 14,   0, -18 },
    { 0x005D,  1894, 14, 22, 14,   0, -20 },
    { 0x005E,  1933, 15, 18, 14,   0, -18 },
    { 0x005F,  1967, 15,  4, 14,   0,   0 },
    { 0x0060,  1975, 14, 20, 14,   0, -20 },
    { 0x0061,  2010, 14, 14, 14,   0, -14 },
    { 0x0062,  2035, 14, 19, 14,   0, -19 },
    { 0x0063,  2069, 14, 14, 14,   0, -14 },
    { 0x0064,  2094, 14, 19, 14,   0, -19 },
    { 0x0065,  2128, 14, 14, 14,   0, -14 },
    { 0x0066,  2153, 14, 19, 14,   0, -19 },
    { 0x0067,  2187, 14, 19, 14,   0, -14 },
    { 0x0068,  2221, 14, 19, 14,   0, -19 },
    { 0x0069,  2255, 14, 19, 14,   0, -19 },
    { 0x006A,  2289, 14, 24, 14,   0, -19 },
    { 0x006B,  2331, 15, 19, 14,   0, -19 },
    { 0x006C,  2367, 14, 19, 14,   0, -19 },
    { 0x006D,  2401, 14, 14, 14,   0, -14 },
    { 0x006E,  2426, 14, 14, 14,   0, -14 },
    { 0x006F,  2451, 14, 14, 14,   0, -14 },
    { 0x0070,  2476, 14, 19, 14,   0, -14 },
    { 0x0071,  2510, 14, 19, 14,   0, -14 },
    { 0x0072,  2544, 14, 14, 14,   0, -14 },
    { 0x0073,  2569, 14, 14, 14,   0, -14 },
    { 0x0074,  2594, 14, 18, 14,   0, -18 },
    { 0x0075,  2626, 14, 14, 14,   0, -14 },
    { 0x0076,  2651, 14, 14, 14,   0, -14 },
    { 0x0077,  2676, 15, 14, 14,   0, -14 },
    { 0x0078,  2703, 14, 14, 14,   0, -14 },
    { 0x0079,  2728, 14, 19, 14,   0, -14 },
    { 0x007A,  2762, 14, 14, 14,   0, -14 },
    { 0x007B,  2787, 14, 23, 14,   0, -21 },
    { 0x007C,  2828, 14, 25, 14,   0, -19 },
    { 0x007D,  2872, 14, 23, 14,   0, -21 },
    { 0x007E,  2913, 15, 11, 14,   0, -11 },
    { 0x00C4,  2934, 15, 23, 14,   0, -23 },
    { 0x00D6,  2978, 14, 23, 14,   0, -23 },
    { 0x00DC,  3019, 14, 23, 14,   0, -23 },
    { 0x00DF,  3060, 14, 19, 14,   0, -19 },
    { 0x00E4,  3094, 14, 19, 14,   0, -19 },
    { 0x00F6,  3128, 14, 19, 14,   0, -19 },
    { 0x00FC,  3162, 14, 19, 14,   0, -19 },
    { 0xF017,  3196, 18, 18, 14,  -1, -17 },
    { 0xF071,  3237, 19, 17, 14,  -2, -17 },
    { 0xF1EB,  3278, 18, 15, 14,  -1, -15 },
    { 0xF207,  3312, 18, 21, 14,  -1, -19 },
    { 0xF238,  3360, 18, 21, 14,  -1, -19 }
};

const BitmapFont Meslo24 = {
    Meslo24Bitmaps,
    Meslo24Glyphs,
    107,
    31,
    24
};

constexpr uint8_t Meslo24CoverageThreshold = 112;

const uint8_t Meslo36Bitmaps[] PROGMEM = {
    0x00, 0x38, 0x00, 0x00, 0xE0, 0x00, 0x03, 0x80, 0x00, 0x0E, 0x00, 0x00,
    0x38, 0x00, 0x00, 0xE0, 0x00, 0x03, 0x80, 0x00, 0x0E, 0x00, 0x00, 0x38,
    0x00, 0x00, 0xE0, 0x00, 0x03, 0x80, 0x00, 0x0E, 0x00, 0x00, 0x38, 0x00,
    0x00, 0xE0, 0x00, 0x03, 0x80, 0x00, 0x0E, 0x00, 0x00, 0x38, 0x00, 0x00,
    0x00, 0x00, 0x00, 0x00, 0x00, 0x00, 0x00, 0x00, 0x00, 0x00, 0x00, 0x00,
    0x00, 0x07, 0xC0, 0x00, 0x1F, 0x00, 0x00, 0x7C, 0x00, 0x01, 0xF0, 0x00,
    0x1E, 0x07, 0x80, 0x78, 0x1E, 0x01, 0xE0, 0x78, 0x07, 0x81, 0xE0, 0x1E,
    0x07, 0x80, 0x78, 0x1E, 0x01, 0xE0, 0x78, 0x07, 0x81, 0xE0, 0x1E, 0x07,
    0x80, 0x78, 0x1E, 0x01, 0xE0, 0x78, 0x00, 0x00, 0x00, 0x00, 0x00, 0x00,
    0x00, 0x00, 0x00, 0x00, 0x00, 0x00, 0x00, 0x00, 0x00, 0x00, 0x00, 0x00,
    0x00, 0x00, 0x00, 0x00, 0x00, 0x00, 0x00, 0x00, 0x00, 0x00, 0x00, 0x00,
    0x00, 0x00, 0x00, 0x00, 0x00, 0x00, 0x00, 0x00, 0x00, 0x00, 0x00, 0x00,
    0x00, 0x00, 0x00, 0x00, 0x70, 0xE0, 0x01, 0xC3, 0x80, 0x06, 0x0E, 0x00,
    0x38, 0x70, 0x00, 0xE1, 0xC0, 0x03, 0x87, 0x03, 0xFF, 0xFF, 0xCF, 0xFF,
    0xFF, 0x3F, 0xFF, 0xFC, 0x07, 0x0E, 0x00, 0x18, 0x38, 0x00, 0xE1, 0xC0,
    0x03, 0x87, 0x00, 0x0E, 0x1C, 0x00, 0x30, 0x70, 0x01, 0xC3, 0x80, 0xFF,
    0xFF, 0xF3, 0xFF, 0xFF, 0xCF, 0xFF, 0xFF, 0x03, 0x83, 0x00, 0x0E, 0x1C,
    0x00, 0x38, 0x70, 0x00, 0xC1, 0xC0, 0x07, 0x0E, 0x00, 0x1C, 0x38, 0x00,
    0x70, 0xE0, 0x00, 0x00, 0x30, 0x00, 0x00, 0xC0, 0x00, 0x03, 0x00, 0x00,
    0x3F, 0xC0, 0x03, 0xFF, 0xC0, 0x1F, 0xFF, 0x00, 0xF3, 0x1C, 0x03, 0x8C,
    0x10, 0x1E, 0x30, 0x00, 0x78, 0xC0, 0x01, 0xE3, 0x00, 0x03, 0x8C, 0x00,
    0x0F, 0x30, 0x00, 0x1F, 0xC0, 0x00, 0x3F, 0xE0, 0x00, 0x3F, 0xE0, 0x00,
    0x3F, 0xC0, 0x00, 0xC7, 0x80, 0x03, 0x0E, 0x00, 0x0C, 0x3C, 0x00, 0x30,
    0xF0, 0x00, 0xC3, 0xC1, 0x83, 0x0E, 0x07, 0x8C, 0xF8, 0x1F, 0xFF, 0xC0,
    0x3F, 0xFE, 0x00, 0x1F, 0xE0, 0x00, 0x0C, 0x00, 0x00, 0x30, 0x00, 0x00,
    0xC0, 0x00, 0x03, 0x00, 0x00, 0x0C, 0x00, 0x0F, 0x80, 0x00, 0xFF, 0x00,
    0x07, 0xFE, 0x00, 0x1C, 0x38, 0x00, 0x60, 0x70, 0x01, 0x81, 0xC0, 0x06,
    0x07, 0x00, 0x1C, 0x38, 0x04, 0x7F, 0xE0, 0x78, 0xFF, 0x07, 0xE0, 0xF8,
    0xFC, 0x00, 0x0F, 0xC0, 0x00, 0xFC, 0x00, 0x0F, 0xC0, 0x01, 0xF8, 0x7C,
    0x1F, 0x83, 0xF8, 0x78, 0x1F, 0xF1, 0x80, 0xF1, 0xE0, 0x03, 0x83, 0x80,
    0x0C, 0x06, 0x00, 0x38, 0x38, 0x00, 0xF1, 0xE0, 0x01, 0xFF, 0x00, 0x03,
    0xF8, 0x00, 0x07, 0xC0, 0x00, 0xFC, 0x00, 0x0F, 0xF8, 0x00, 0x7F, 0xE0,
    0x03, 0xE0, 0x80, 0x0F, 0x00, 0x00, 0x38, 0x00, 0x00, 0xE0, 0x00, 0x03,
    0xC0, 0x00, 0x07, 0x00, 0x00, 0x1E, 0x00, 0x00, 0x3C, 0x00, 0x01, 0xF0,
    0x00, 0x1F, 0xE0, 0x00, 0x73, 0xC0, 0xE3, 0x87, 0x83, 0x8E, 0x0F, 0x0E,
    0x70, 0x1C, 0x39, 0xC0, 0x78, 0xE7, 0x00, 0xF3, 0x1C, 0x01, 0xFC, 0x78,
    0x03, 0xE0, 0xF0, 0x0F, 0x83, 0xE0, 0x3E, 0x07, 0xFF, 0xFC, 0x0F, 0xFF,
    0x70, 0x1F, 0xF1, 0xE0, 0x04, 0x00, 0x00, 0x00, 0x78, 0x00, 0x01, 0xE0,
    0x00, 0x07, 0x80, 0x00, 0x1E, 0x00, 0x00, 0x78, 0x00, 0x01, 0xE0, 0x00,
    0x07, 0x80, 0x00, 0x1E, 0x00, 0x00, 0x78, 0x00, 0x01, 0xE0, 0x00, 0x07,
    0x80, 0x00, 0x00, 0x00, 0x00, 0x00, 0x00, 0x00, 0x00, 0x00, 0x00, 0x00,
    0x00, 0x00, 0x00, 0x00, 0x00, 0x00, 0x00, 0x00, 0x00, 0x00, 0x00, 0x00,
    0x00, 0x00, 0x00, 0x00, 0x00, 0x00, 0x00, 0x00, 0x00, 0x00, 0x00, 0x00,
    0x00, 0x00, 0x00, 0x00, 0x00, 0x00, 0x00, 0x00, 0x00, 0x00, 0x00, 0x0E,
    0x00, 0x00, 0x70, 0x00, 0x01, 0xC0, 0x00, 0x0E, 0x00, 0x00, 0x38, 0x00,
    0x01, 0xC0, 0x00, 0x07, 0x00, 0x00, 0x3C, 0x00, 0x00, 0xE0, 0x00, 0x03,
    0x80, 0x00, 0x0E, 0x00, 0x00, 0x78, 0x00, 0x01, 0xE0, 0x00, 0x07, 0x80,
    0x00, 0x1C, 0x00, 0x00, 0x70, 0x00, 0x01, 0xC0, 0x00, 0x07, 0x00, 0x00,
    0x1E, 0x00, 0x00, 0x78, 0x00, 0x01, 0xE0, 0x00, 0x03, 0x80, 0x00, 0x0E,
    0x00, 0x00, 0x38, 0x00, 0x00, 0xF0, 0x00, 0x01, 0xC0, 0x00, 0x07, 0x00,
    0x00, 0x0E, 0x00, 0x00, 0x38, 0x00, 0x00, 0x70, 0x00, 0x01, 0xC0, 0x00,
    0x03, 0x80, 0x03, 0x80, 0x00, 0x07, 0x00, 0x00, 0x1C, 0x00, 0x00, 0x38,
    0x00, 0x00, 0xE0, 0x00, 0x01, 0xC0, 0x00, 0x07, 0x00, 0x00, 0x1E, 0x00,
    0x00, 0x38, 0x00, 0x00, 0xE0, 0x00, 0x03, 0xC0, 0x00, 0x0F, 0x00, 0x00,
    0x3C, 0x00, 0x00, 0x70, 0x00, 0x01, 0xC0, 0x00, 0x07, 0x00, 0x00, 0x1C,
    0x00, 0x00, 0x70, 0x00, 0x01, 0xC0, 0x00, 0x0F, 0x00, 0x00, 0x3C, 0x00,
    0x00, 0xF0, 0x00, 0x03, 0x80, 0x00, 0x0E, 0x00, 0x00, 0x78, 0x00, 0x01,
    0xC0, 0x00, 0x07, 0x00, 0x00, 0x38, 0x00, 0x00, 0xE0, 0x00, 0x07, 0x00,
    0x00, 0x1C, 0x00, 0x00, 0xE0, 0x00, 0x00, 0x30, 0x00, 0x00, 0xC0, 0x00,
    0x03, 0x00, 0x00, 0x0C, 0x00, 0x20, 0x30, 0x31, 0xE0, 0xC1, 0xC3, 0xE3,
    0x1F, 0x03, 0xED, 0xF0, 0x03, 0xFF, 0x00, 0x03, 0xF0, 0x00, 0x0F, 0xC0,
    0x00, 0xFF, 0xC0, 0x0F, 0xF7, 0xC0, 0xF8, 0xC7, 0x87, 0x83, 0x0F, 0x8C,
    0x0C, 0x0C, 0x00, 0x30, 0x00, 0x00, 0xC0, 0x00, 0x03, 0x00, 0x00, 0x0C,
    0x00, 0x00, 0x00, 0x00, 0x00, 0x00, 0x00, 0x00, 0x00, 0x00, 0x00, 0x00,
    0x00, 0x00, 0x00, 0x00, 0x00, 0x00, 0x00, 0x38, 0x00, 0x00, 0xE0, 0x00,
    0x03, 0x80, 0x00, 0x0E, 0x00, 0x00, 0x38, 0x00, 0x00, 0xE0, 0x00, 0x03,
    0x80, 0x0F, 0xFF, 0xFE, 0x3F, 0xFF, 0xF8, 0xFF, 0xFF, 0xE0, 0x03, 0x80,
    0x00, 0x0E, 0x00, 0x00, 0x38, 0x00, 0x00, 0xE0, 0x00, 0x03, 0x80, 0x00,
    0x0E, 0x00, 0x00, 0x38, 0x00, 0x00, 0xE0, 0x00, 0x00, 0x00, 0x00, 0x00,
    0x00, 0x00, 0xF8, 0x00, 0x03, 0xE0, 0x00, 0x0F, 0x80, 0x00, 0x3E, 0x00,
    0x00, 0xF8, 0x00, 0x07, 0xE0, 0x00, 0x1F, 0x00, 0x00, 0x7C, 0x00, 0x01,
    0xE0, 0x00, 0x0F, 0x80, 0x00, 0x3C, 0x00, 0x00, 0xF0, 0x00, 0x3F, 0xFF,
    0xF0, 0xFF, 0xFF, 0xC3, 0xFF, 0xFF, 0x00, 0x00, 0x00, 0x00, 0x00, 0x00,
    0x00, 0x00, 0x00, 0x00, 0x00, 0x00, 0x00, 0x00, 0x00, 0x00, 0x00, 0x00,
    0x00, 0x00, 0x00, 0x00, 0x00, 0x00, 0x00, 0x00, 0x00, 0x00, 0x01, 0xF8,
    0x00, 0x07, 0xE0, 0x00, 0x1F, 0x80, 0x00, 0x7E, 0x00, 0x01, 0xF8, 0x00,
    0x07, 0xE0, 0x00, 0x1F, 0x80, 0x00, 0x00, 0x01, 0xE0, 0x00, 0x07, 0x00,
    0x00, 0x3C, 0x00, 0x00, 0xE0, 0x00, 0x07, 0x80, 0x00, 0x1C, 0x00, 0x00,
    0x70, 0x00, 0x03, 0x80, 0x00, 0x0E, 0x00, 0x00, 0x78, 0x00, 0x01, 0xC0,
    0x00, 0x0F, 0x00, 0x00, 0x38, 0x00, 0x01, 0xE0, 0x00, 0x07, 0x00, 0x00,
    0x3C, 0x00, 0x00, 0xE0, 0x00, 0x07, 0x80, 0x00, 0x1C, 0x00, 0x00, 0xF0,
    0x00, 0x03, 0x80, 0x00, 0x0E, 0x00, 0x00, 0x70, 0x00, 0x01, 0xC0, 0x00,
    0x0F, 0x00, 0x00, 0x38, 0x00, 0x01, 0xE0, 0x00, 0x07, 0x00, 0x00, 0x3C,
    0x00, 0x00, 0xE0, 0x00, 0x00, 0x00, 0xFC, 0x00, 0x0F, 0xF8, 0x00, 0x7F,
    0xF8, 0x03, 0xE1, 0xE0, 0x0F, 0x03, 0xC0, 0x78, 0x0F, 0x01, 0xE0, 0x3E,
    0x07, 0x81, 0xF8, 0x1C, 0x0F, 0xE0, 0x70, 0x3B, 0x83, 0xC1, 0xCE, 0x0F,
    0x0E, 0x38, 0x3C, 0x38, 0xE0, 0xF1, 0xC3, 0x83, 0xCE, 0x0E, 0x0F, 0x38,
    0x38, 0x3D, 0xC0, 0xE0, 0x7E, 0x07, 0x81, 0xF8, 0x1E, 0x07, 0xC0, 0x78,
    0x1E, 0x01, 0xC0, 0x3C, 0x0F, 0x00, 0xF0, 0x7C, 0x01, 0xFF, 0xE0, 0x03,
    0xFF, 0x00, 0x07, 0xF8, 0x00, 0x02, 0x00, 0x00, 0x00, 0x7C, 0x00, 0x07,
    0xF0, 0x00, 0x7F, 0xC0, 0x03, 0xFF, 0x00, 0x0F, 0xBC, 0x00, 0x30, 0xF0,
    0x00, 0x03, 0xC0, 0x00, 0x0F, 0x00, 0x00, 0x3C, 0x00, 0x00, 0xF0, 0x00,
    0x03, 0xC0, 0x00, 0x0F, 0x00, 0x00, 0x3C, 0x00, 0x00, 0xF0, 0x00, 0x03,
    0xC0, 0x00, 0x0F, 0x00, 0x00, 0x3C, 0x00, 0x00, 0xF0, 0x00, 0x03, 0xC0,
    0x00, 0x0F, 0x00, 0x00, 0x3C, 0x00, 0x00, 0xF0, 0x00, 0x03, 0xC0, 0x01,
    0xFF, 0xF8, 0x07, 0xFF, 0xE0, 0x1F, 0xFF, 0x80, 0x03, 0xF8, 0x00, 0x7F,
    0xF8, 0x01, 0xFF, 0xF8, 0x07, 0x83, 0xE0, 0x10, 0x03, 0xC0, 0x00, 0x0F,
    0x00, 0x00, 0x1C, 0x00, 0x00, 0x70, 0x00, 0x01, 0xC0, 0x00, 0x0F, 0x00,
    0x00, 0x3C, 0x00, 0x01, 0xE0, 0x00, 0x07, 0x00, 0x00, 0x3C, 0x00, 0x01,
    0xE0, 0x00, 0x0F, 0x00, 0x00, 0x78, 0x00, 0x03, 0xC0, 0x00, 0x1E, 0x00,
    0x00, 0xF0, 0x00, 0x07, 0x80, 0x00, 0x3C, 0x00, 0x01, 0xE0, 0x00, 0x07,
    0xFF, 0xF8, 0x1F, 0xFF, 0xE0, 0x7F, 0xFF, 0x80, 0x03, 0xFC, 0x00, 0x7F,
    0xFC, 0x01, 0xFF, 0xF8, 0x07, 0x01, 0xE0, 0x00, 0x03, 0xC0, 0x00, 0x07,
    0x00, 0x00, 0x1C, 0x00, 0x00, 0x70, 0x00, 0x01, 0xC0, 0x00, 0x0F, 0x00,
    0x00, 0xF8, 0x00, 0x7F, 0xC0, 0x01, 0xFC, 0x00, 0x07, 0xFC, 0x00, 0x00,
    0xF8, 0x00, 0x00, 0xF0, 0x00, 0x01, 0xE0, 0x00, 0x07, 0x80, 0x00, 0x1E,
    0x00, 0x00, 0x78, 0x00, 0x01, 0xE0, 0x00, 0x07, 0x83, 0x00, 0x7C, 0x0F,
    0xFF, 0xF0, 0x3F, 0xFF, 0x80, 0x7F, 0xF8, 0x00, 0x04, 0x00, 0x00, 0x00,
    0x0F, 0x00, 0x00, 0x7C, 0x00, 0x01, 0xF0, 0x00, 0x0F, 0xC0, 0x00, 0x77,
    0x00, 0x01, 0xDC, 0x00, 0x0E, 0x70, 0x00, 0x31, 0xC0, 0x01, 0xC7, 0x00,
    0x0E, 0x1C, 0x00, 0x38, 0x70, 0x01, 0xC1, 0xC0, 0x0E, 0x07, 0x00, 0x38,
    0x1C, 0x01, 0xC0, 0x70, 0x0F, 0x01, 0xC0, 0x38, 0x07, 0x00, 0xFF, 0xFF,
    0xC3, 0xFF, 0xFF, 0x0F, 0xFF, 0xFC, 0x00, 0x07, 0x00, 0x00, 0x1C, 0x00,
    0x00, 0x70, 0x00, 0x01, 0xC0, 0x00, 0x07, 0x00, 0x00, 0x1C, 0x00, 0x0F,
    0xFF, 0x80, 0x3F, 0xFE, 0x00, 0xFF, 0xF8, 0x03, 0x80, 0x00, 0x0E, 0x00,
    0x00, 0x38, 0x00, 0x00, 0xE0, 0x00, 0x03, 0x80, 0x00, 0x0E, 0x00, 0x00,
    0x3F, 0xE0, 0x00, 0xFF, 0xE0, 0x03, 0xFF, 0xE0, 0x0C, 0x0F, 0x80, 0x00,
    0x1F, 0x00, 0x00, 0x3C, 0x00, 0x00, 0x78, 0x00, 0x01, 0xE0, 0x00, 0x07,
    0x80, 0x00, 0x1E, 0x00, 0x00, 0x78, 0x00, 0x01, 0xC0, 0x00, 0x0F, 0x03,
    0x00, 0x7C, 0x0F, 0xFF, 0xE0, 0x3F, 0xFF, 0x00, 0x7F, 0xF0, 0x00, 0x0C,
    0x00, 0x00, 0x00, 0x7F, 0x00, 0x07, 0xFE, 0x00, 0x3F, 0xF8, 0x01, 0xF0,
    0x60, 0x0F, 0x00, 0x00, 0x38, 0x00, 0x01, 0xE0, 0x00, 0x07, 0x00, 0x00,
    0x1C, 0x00, 0x00, 0x71, 0xF8, 0x03, 0xDF, 0xF0, 0x0F, 0xFF, 0xE0, 0x3F,
    0x87, 0xC0, 0xFC, 0x07, 0x83, 0xE0, 0x1E, 0x0F, 0x80, 0x38, 0x3C, 0x00,
    0xE0, 0x70, 0x03, 0x81, 0xC0, 0x0E, 0x07, 0x00, 0x38, 0x1E, 0x01, 0xE0,
    0x38, 0x07, 0x80, 0xF0, 0x3C, 0x01, 0xFF, 0xF0, 0x07, 0xFF, 0x80, 0x07,
    0xFC, 0x00, 0x01, 0x00, 0x00, 0x3F, 0xFF, 0xE0, 0xFF, 0xFF, 0x83, 0xFF,
    0xFE, 0x00, 0x00, 0x70, 0x00, 0x03, 0xC0, 0x00, 0x0E, 0x00, 0x00, 0x38,
    0x00, 0x01, 0xE0, 0x00, 0x07, 0x00, 0x00, 0x3C, 0x00, 0x00, 0xF0, 0x00,
    0x03, 0x80, 0x00, 0x1E, 0x00, 0x00, 0x70, 0x00, 0x03, 0xC0, 0x00, 0x0F,
    0x00, 0x00, 0x38, 0x00, 0x01, 0xE0, 0x00, 0x07, 0x00, 0x00, 0x3C, 0x00,
    0x00, 0xF0, 0x00, 0x03, 0x80, 0x00, 0x1E, 0x00, 0x00, 0x78, 0x00, 0x03,
    0xC0, 0x00, 0x0F, 0x00, 0x00, 0x01, 0xFC, 0x00, 0x1F, 0xFC, 0x00, 0xFF,
    0xF8, 0x03, 0xE1, 0xF0, 0x1E, 0x03, 0xC0, 0x78, 0x07, 0x81, 0xE0, 0x1E,
    0x07, 0x80, 0x78, 0x1E, 0x01, 0xC0, 0x38, 0x0F, 0x00, 0xF0, 0x78, 0x00,
    0xFF, 0xC0, 0x01, 0xFE, 0x00, 0x1F, 0xFE, 0x00, 0xF0, 0x7C, 0x07, 0x80,
    0x78, 0x1C, 0x01, 0xE0, 0xF0, 0x03, 0x83, 0xC0, 0x0E, 0x0F, 0x00, 0x38,
    0x3C, 0x01, 0xE0, 0x78, 0x07, 0x81, 0xF0, 0x3E, 0x03, 0xFF, 0xF0, 0x07,
    0xFF, 0x80, 0x0F, 0xFC, 0x00, 0x02, 0x00, 0x00, 0x01, 0xFC, 0x00, 0x1F,
    0xF8, 0x00, 0xFF, 0xF8, 0x07, 0xC1, 0xE0, 0x1E, 0x03, 0xC0, 0x70, 0x07,
    0x03, 0xC0, 0x1E, 0x0F, 0x00, 0x78, 0x3C, 0x01, 0xE0, 0xF0, 0x07, 0x83,
    0xC0, 0x1E, 0x07, 0x00, 0x78, 0x1E, 0x03, 0xE0, 0x7C, 0x1F, 0x80, 0xFF,
    0xEE, 0x01, 0xFF, 0x38, 0x01, 0xF8, 0xE0, 0x00, 0x07, 0x80, 0x00, 0x1E,
    0x00, 0x00, 0x70, 0x00, 0x03, 0xC0, 0x00, 0x0F, 0x00, 0x80, 0x78, 0x03,
    0xFF, 0xC0, 0x0F, 0xFE, 0x00, 0x3F, 0xF0, 0x00, 0x0C, 0x00, 0x00, 0x00,
    0xF8, 0x00, 0x03, 0xE0, 0x00, 0x0F, 0x80, 0x00, 0x3E, 0x00, 0x00, 0xF8,
    0x00, 0x03, 0xE0, 0x00, 0x00, 0x00, 0x00, 0x00, 0x00, 0x00, 0x00, 0x00,
    0x00, 0x00, 0x00, 0x00, 0x00, 0x00, 0x00, 0x00, 0x00, 0x00, 0x00, 0x00,
    0x00, 0x00, 0x0F, 0x80, 0x00, 0x3E, 0x00, 0x00, 0xF8, 0x00, 0x03, 0xE0,
    0x00, 0x0F, 0x80, 0x00, 0x3E, 0x00, 0x00, 0xF8, 0x00, 0x03, 0xE0, 0x00,
    0x0F, 0x80, 0x00, 0x3E, 0x00, 0x00, 0xF8, 0x00, 0x03, 0xE0, 0x00, 0x00,
    0x00, 0x00, 0x00, 0x00, 0x00, 0x00, 0x00, 0x00, 0x00, 0x00, 0x00, 0x00,
    0x00, 0x00, 0x00, 0x00, 0x00, 0x00, 0x03, 0xE0, 0x00, 0x0F, 0x80, 0x00,
    0x3E, 0x00, 0x00, 0xF8, 0x00, 0x03, 0xE0, 0x00, 0x1F, 0x80, 0x00, 0x7C,
    0x00, 0x01, 0xF0, 0x00, 0x07, 0x80, 0x00, 0x3E, 0x00, 0x00, 0xF0, 0x00,
    0x00, 0x00, 0x00, 0x00, 0x00, 0x40, 0x00, 0x0F, 0x00, 0x01, 0xFC, 0x00,
    0x1F, 0xE0, 0x03, 0xFE, 0x00, 0x3F, 0xC0, 0x07, 0xF8, 0x00, 0x3F, 0x80,
    0x00, 0xF0, 0x00, 0x03, 0xE0, 0x00, 0x0F, 0xF0, 0x00, 0x07, 0xF8, 0x00,
    0x07, 0xF8, 0x00, 0x03, 0xFC, 0x00, 0x03, 0xFC, 0x00, 0x01, 0xF0, 0x00,
    0x01, 0xC0, 0x00, 0x00, 0x00, 0x00, 0x00, 0x00, 0x00, 0x00, 0x3F, 0xFF,
    0xF0, 0xFF, 0xFF, 0xC3, 0xFF, 0xFF, 0x00, 0x00, 0x00, 0x00, 0x00, 0x00,
    0x00, 0x00, 0x00, 0x00, 0x00, 0x00, 0x00, 0x00, 0x3F, 0xFF, 0xF0, 0xFF,
    0xFF, 0xC3, 0xFF, 0xFF, 0x00, 0x00, 0x00, 0x00, 0x00, 0x00, 0x00, 0x00,
    0x00, 0x00, 0x00, 0x00, 0x00, 0x00, 0x00, 0x00, 0x00, 0x00, 0x00, 0x00,
    0x80, 0x00, 0x03, 0xC0, 0x00, 0x0F, 0xC0, 0x00, 0x3F, 0xE0, 0x00, 0x1F,
    0xE0, 0x00, 0x0F, 0xF0, 0x00, 0x0F, 0xF0, 0x00, 0x07, 0xF0, 0x00, 0x03,
    0xC0, 0x00, 0x3F, 0x00, 0x03, 0xF8, 0x00, 0x7F, 0x80, 0x0F, 0xF0, 0x00,
    0xFF, 0x00, 0x0F, 0xE0, 0x00, 0x3E, 0x00, 0x00, 0xC0, 0x00, 0x00, 0x00,
    0x00, 0x00, 0x00, 0x00, 0x00, 0x00, 0x00, 0x00, 0xFC, 0x00, 0x1F, 0xFC,
    0x00, 0xFF, 0xF8, 0x03, 0xC1, 0xF0, 0x0C, 0x03, 0xC0, 0x00, 0x07, 0x00,
    0x00, 0x1C, 0x00, 0x00, 0xF0, 0x00, 0x03, 0xC0, 0x00, 0x1E, 0x00, 0x00,
    0xF0, 0x00, 0x07, 0x80, 0x00, 0x3C, 0x00, 0x01, 0xE0, 0x00, 0x07, 0x80,
    0x00, 0x1C, 0x00, 0x00, 0x70, 0x00, 0x01, 0xC0, 0x00, 0x07, 0x00, 0x00,
    0x00, 0x00, 0x00, 0x00, 0x00, 0x00, 0x00, 0x00, 0x07, 0x00, 0x00, 0x1C,
    0x00, 0x00, 0x70, 0x00, 0x01, 0xC0, 0x00, 0x00, 0x7F, 0x00, 0x07, 0xFF,
    0x00, 0x7F, 0xFE, 0x03, 0xF0, 0x78, 0x1F, 0x00, 0xF0, 0x70, 0x01, 0xC3,
    0xC0, 0x03, 0x8E, 0x07, 0xCE, 0x70, 0x3F, 0xB9, 0xC1, 0xFF, 0xE7, 0x0F,
    0x0F, 0x98, 0x38, 0x1E, 0x61, 0xC0, 0x39, 0x87, 0x00, 0xEE, 0x1C, 0x03,
    0xB8, 0x70, 0x0E, 0x61, 0xC0, 0x39, 0x83, 0x81, 0xE7, 0x0F, 0x0F, 0x9C,
    0x1F, 0xFE, 0x70, 0x3F, 0xB8, 0xE0, 0x7C, 0xC3, 0x80, 0x00, 0x0F, 0x00,
    0x00, 0x1E, 0x00, 0x00, 0x3C, 0x00, 0x00, 0x7E, 0x00, 0x00, 0xFF, 0xFC,
    0x01, 0xFF, 0xF0, 0x00, 0xFF, 0xC0, 0x00, 0xF8, 0x00, 0x03, 0xE0, 0x00,
    0x0F, 0xC0, 0x00, 0x3F, 0x00, 0x01, 0xDC, 0x00, 0x07, 0x78, 0x00, 0x1C,
    0xE0, 0x00, 0xF3, 0x80, 0x03, 0x8F, 0x00, 0x0E, 0x1C, 0x00, 0x78, 0x70,
    0x01, 0xC1, 0xE0, 0x07, 0x03, 0x80, 0x3C, 0x0E, 0x00, 0xF0, 0x3C, 0x03,
    0x80, 0xF0, 0x0F, 0xFF, 0xC0, 0x7F, 0xFF, 0x01, 0xFF, 0xFE, 0x07, 0x00,
    0x38, 0x3C, 0x00, 0xE0, 0xF0, 0x03, 0xC3, 0x80, 0x0F, 0x1E, 0x00, 0x1C,
    0x78, 0x00, 0x79, 0xE0, 0x01, 0xE0, 0x1F, 0xFE, 0x00, 0x7F, 0xFE, 0x01,
    0xFF, 0xFC, 0x07, 0x80, 0xF0, 0x1E, 0x01, 0xE0, 0x78, 0x07, 0x81, 0xE0,
    0x1E, 0x07, 0x80, 0x78, 0x1E, 0x01, 0xE0, 0x78, 0x1F, 0x01, 0xFF, 0xF8,
    0x07, 0xFF, 0xC0, 0x1F, 0xFF, 0x80, 0x78, 0x0F, 0x01, 0xE0, 0x1E, 0x07,
    0x80, 0x3C, 0x1E, 0x00, 0xF0, 0x78, 0x03, 0xC1, 0xE0, 0x0F, 0x07, 0x80,
    0x3C, 0x1E, 0x00, 0xF0, 0x78, 0x07, 0xC1, 0xE0, 0x3E, 0x07, 0xFF, 0xF0,
    0x1F, 0xFF, 0x80, 0x7F, 0xF8, 0x00, 0x00, 0x3F, 0x80, 0x07, 0xFF, 0x80,
    0x3F, 0xFE, 0x01, 0xF8, 0x38, 0x07, 0x80, 0x20, 0x3C, 0x00, 0x00, 0xE0,
    0x00, 0x07, 0x80, 0x00, 0x1E, 0x00, 0x00, 0x78, 0x00, 0x01, 0xC0, 0x00,
    0x0F, 0x00, 0x00, 0x3C, 0x00, 0x00, 0xF0, 0x00, 0x03, 0xC0, 0x00, 0x07,
    0x00, 0x00, 0x1C, 0x00, 0x00, 0x78, 0x00, 0x01, 0xE0, 0x00, 0x07, 0x80,
    0x00, 0x0F, 0x00, 0x00, 0x3C, 0x00, 0x00, 0x7C, 0x06, 0x00, 0xFF, 0xF8,
    0x01, 0xFF, 0xE0, 0x03, 0xFF, 0x00, 0x00, 0x40, 0x00, 0x3F, 0xF0, 0x00,
    0xFF, 0xF0, 0x03, 0xFF, 0xF0, 0x0F, 0x07, 0xE0, 0x3C, 0x07, 0xC0, 0xF0,
    0x0F, 0x03, 0xC0, 0x1C, 0x0F, 0x00, 0x78, 0x3C, 0x01, 0xE0, 0xF0, 0x07,
    0x83, 0xC0, 0x0E, 0x0F, 0x00, 0x38, 0x3C, 0x00, 0xE0, 0xF0, 0x03, 0x83,
    0xC0, 0x0E, 0x0F, 0x00, 0x38, 0x3C, 0x01, 0xE0, 0xF0, 0x07, 0x83, 0xC0,
    0x1E, 0x0F, 0x00, 0x70, 0x3C, 0x03, 0xC0, 0xF0, 0x1F, 0x03, 0xC1, 0xF8,
    0x0F, 0xFF, 0xC0, 0x3F, 0xFC, 0x00, 0xFF, 0xC0, 0x00, 0x1F, 0xFF, 0xE0,
    0x7F, 0xFF, 0x81, 0xFF, 0xFE, 0x07, 0x80, 0x00, 0x1E, 0x00, 0x00, 0x78,
    0x00, 0x01, 0xE0, 0x00, 0x07, 0x80, 0x00, 0x1E, 0x00, 0x00, 0x78, 0x00,
    0x01, 0xFF, 0xFE, 0x07, 0xFF, 0xF8, 0x1F, 0xFF, 0xE0, 0x78, 0x00, 0x01,
    0xE0, 0x00, 0x07, 0x80, 0x00, 0x1E, 0x00, 0x00, 0x78, 0x00, 0x01, 0xE0,
    0x00, 0x07, 0x80, 0x00, 0x1E, 0x00, 0x00, 0x78, 0x00, 0x01, 0xE0, 0x00,
    0x07, 0xFF, 0xF8, 0x1F, 0xFF, 0xE0, 0x7F, 0xFF, 0x80, 0x0F, 0xFF, 0xF0,
    0x3F, 0xFF, 0xC0, 0xFF, 0xFF, 0x03, 0xC0, 0x00, 0x0F, 0x00, 0x00, 0x3C,
    0x00, 0x00, 0xF0, 0x00, 0x03, 0xC0, 0x00, 0x0F, 0x00, 0x00, 0x3C, 0x00,
    0x00, 0xFF, 0xFC, 0x03, 0xFF, 0xF0, 0x0F, 0xFF, 0xC0, 0x3C, 0x00, 0x00,
    0xF0, 0x00, 0x03, 0xC0, 0x00, 0x0F, 0x00, 0x00, 0x3C, 0x00, 0x00, 0xF0,
    0x00, 0x03, 0xC0, 0x00, 0x0F, 0x00, 0x00, 0x3C, 0x00, 0x00, 0xF0, 0x00,
    0x03, 0xC0, 0x00, 0x0F, 0x00, 0x00, 0x3C, 0x00, 0x00, 0x00, 0x7F, 0x00,
    0x07, 0xFF, 0x00, 0x3F, 0xFE, 0x01, 0xF0, 0x78, 0x0F, 0x00, 0x60, 0x78,
    0x00, 0x01, 0xE0, 0x00, 0x07, 0x00, 0x00, 0x3C, 0x00, 0x00, 0xF0, 0x00,
    0x03, 0xC0, 0x00, 0x0F, 0x00, 0x00, 0x3C, 0x00, 0x00, 0xF0, 0x3F, 0x83,
    0xC0, 0xFE, 0x0F, 0x03, 0xF8, 0x3C, 0x00, 0xE0, 0xF0, 0x03, 0x83, 0xC0,
    0x0E, 0x07, 0x00, 0x38, 0x1E, 0x00, 0xE0, 0x3C, 0x03, 0x80, 0xF8, 0x0E,
    0x01, 0xFF, 0xF8, 0x03, 0xFF, 0xE0, 0x03, 0xFE, 0x00, 0x00, 0x80, 0x00,
    0x3C, 0x00, 0xE0, 0xF0, 0x03, 0x83, 0xC0, 0x0E, 0x0F, 0x00, 0x38, 0x3C,
    0x00, 0xE0, 0xF0, 0x03, 0x83, 0xC0, 0x0E, 0x0F, 0x00, 0x38, 0x3C, 0x00,
    0xE0, 0xF0, 0x03, 0x83, 0xFF, 0xFE, 0x0F, 0xFF, 0xF8, 0x3F, 0xFF, 0xE0,
    0xF0, 0x03, 0x83, 0xC0, 0x0E, 0x0F, 0x00, 0x38, 0x3C, 0x00, 0xE0, 0xF0,
    0x03, 0x83, 0xC0, 0x0E, 0x0F, 0x00, 0x38, 0x3C, 0x00, 0xE0, 0xF0, 0x03,
    0x83, 0xC0, 0x0E, 0x0F, 0x00, 0x38, 0x3C, 0x00, 0xE0, 0xF0, 0x03, 0x80,
    0x1F, 0xFF, 0xC0, 0x7F, 0xFF, 0x01, 0xFF, 0xFC, 0x00, 0x1E, 0x00, 0x00,
    0x78, 0x00, 0x01, 0xE0, 0x00, 0x07, 0x80, 0x00, 0x1E, 0x00, 0x00, 0x78,
    0x00, 0x01, 0xE0, 0x00, 0x07, 0x80, 0x00, 0x1E, 0x00, 0x00, 0x78, 0x00,
    0x01, 0xE0, 0x00, 0x07, 0x80, 0x00, 0x1E, 0x00, 0x00, 0x78, 0x00, 0x01,
    0xE0, 0x00, 0x07, 0x80, 0x00, 0x1E, 0x00, 0x00, 0x78, 0x00, 0x01, 0xE0,
    0x00, 0x07, 0x80, 0x07, 0xFF, 0xF0, 0x1F, 0xFF, 0xC0, 0x7F, 0xFF, 0x00,
    0x01, 0xFF, 0x80, 0x07, 0xFE, 0x00, 0x1F, 0xF8, 0x00, 0x01, 0xE0, 0x00,
    0x07, 0x80, 0x00, 0x1E, 0x00, 0x00, 0x78, 0x00, 0x01, 0xE0, 0x00, 0x07,
    0x80, 0x00, 0x1E, 0x00, 0x00, 0x78, 0x00, 0x01, 0xE0, 0x00, 0x07, 0x80,
    0x00, 0x1E, 0x00, 0x00, 0x78, 0x00, 0x01, 0xE0, 0x00, 0x07, 0x80, 0x00,
    0x1E, 0x00, 0x00, 0x78, 0x00, 0x01, 0xE0, 0x00, 0x07, 0x80, 0x80, 0x1C,
    0x03, 0x80, 0xF0, 0x0F, 0xFF, 0xC0, 0x3F, 0xFE, 0x00, 0x7F, 0xF0, 0x00,
    0x08, 0x00, 0x00, 0x3C, 0x00, 0x78, 0xF0, 0x03, 0xC3, 0xC0, 0x1E, 0x0F,
    0x00, 0xF0, 0x3C, 0x07, 0x80, 0xF0, 0x3C, 0x03, 0xC1, 0xE0, 0x0F, 0x0F,
    0x00, 0x3C, 0x78, 0x00, 0xF3, 0xC0, 0x03, 0xDE, 0x00, 0x0F, 0xFC, 0x00,
    0x3F, 0xF0, 0x00, 0xFF, 0xE0, 0x03, 0xE3, 0xC0, 0x0F, 0x0F, 0x00, 0x3C,
    0x1E, 0x00, 0xF0, 0x3C, 0x03, 0xC0, 0xF0, 0x0F, 0x01, 0xE0, 0x3C, 0x03,
    0xC0, 0xF0, 0x0F, 0x03, 0xC0, 0x1E, 0x0F, 0x00, 0x3C, 0x3C, 0x00, 0xF8,
    0xF0, 0x01, 0xE0, 0x0E, 0x00, 0x00, 0x38, 0x00, 0x00, 0xE0, 0x00, 0x03,
    0x80, 0x00, 0x0E, 0x00, 0x00, 0x38, 0x00, 0x00, 0xE0, 0x00, 0x03, 0x80,
    0x00, 0x0E, 0x00, 0x00, 0x38, 0x00, 0x00, 0xE0, 0x00, 0x03, 0x80, 0x00,
    0x0E, 0x00, 0x00, 0x38, 0x00, 0x00, 0xE0, 0x00, 0x03, 0x80, 0x00, 0x0E,
    0x00, 0x00, 0x38, 0x00, 0x00, 0xE0, 0x00, 0x03, 0x80, 0x00, 0x0E, 0x00,
    0x00, 0x38, 0x00, 0x00, 0xE0, 0x00, 0x03, 0xFF, 0xFC, 0x0F, 0xFF, 0xF0,
    0x3F, 0xFF, 0xC0, 0x7C, 0x03, 0xE1, 0xF0, 0x0F, 0x87, 0xC0, 0x3E, 0x1F,
    0x81, 0xF8, 0x7E, 0x07, 0xE1, 0xD8, 0x1B, 0x87, 0x70, 0xEE, 0x1D, 0xC3,
    0x38, 0x73, 0x0C, 0xE1, 0xCE, 0x73, 0x87, 0x39, 0x8E, 0x1C, 0x6E, 0x38,
    0x71, 0xF8, 0xE1, 0xC7, 0xC3, 0x87, 0x0F, 0x0E, 0x1C, 0x3C, 0x38, 0x70,
    0x60, 0xE1, 0xC0, 0x03, 0x87, 0x00, 0x0E, 0x1C, 0x00, 0x38, 0x70, 0x00,
    0xE1, 0xC0, 0x03, 0x87, 0x00, 0x0E, 0x1C, 0x00, 0x38, 0x70, 0x00, 0xE1,
    0xC0, 0x03, 0x80, 0xF8, 0x01, 0xE3, 0xF0, 0x07, 0x8F, 0xC0, 0x1E, 0x3F,
    0x80, 0x78, 0xFE, 0x01, 0xE3, 0xFC, 0x07, 0x8F, 0x70, 0x1E, 0x3D, 0xE0,
    0x78, 0xF3, 0x81, 0xE3, 0xCF, 0x07, 0x8F, 0x1C, 0x1E, 0x3C, 0x78, 0x78,
    0xF0, 0xE1, 0xE3, 0xC3, 0xC7, 0x8F, 0x07, 0x1E, 0x3C, 0x1E, 0x78, 0xF0,
    0x39, 0xE3, 0xC0, 0xF7, 0x8F, 0x01, 0xDE, 0x3C, 0x07, 0xF8, 0xF0, 0x0F,
    0xE3, 0xC0, 0x3F, 0x8F, 0x00, 0x7E, 0x3C, 0x01, 0xF8, 0xF0, 0x03, 0xE3,
    0xC0, 0x0F, 0x80, 0x00, 0xFC, 0x00, 0x0F, 0xFC, 0x00, 0x7F, 0xF8, 0x03,
    0xE1, 0xF0, 0x0F, 0x03, 0xC0, 0x78, 0x07, 0x81, 0xE0, 0x1E, 0x07, 0x00,
    0x78, 0x3C, 0x00, 0xE0, 0xF0, 0x03, 0x83, 0xC0, 0x0F, 0x0F, 0x00, 0x3C,
    0x3C, 0x00, 0xF0, 0xF0, 0x03, 0xC3, 0xC0, 0x0F, 0x0F, 0x00, 0x3C, 0x3C,
    0x00, 0xF0, 0xF0, 0x03, 0x83, 0xC0, 0x1E, 0x07, 0x00, 0x78, 0x1E, 0x01,
    0xE0, 0x78, 0x0F, 0x00, 0xF0, 0x3C, 0x03, 0xFF, 0xE0, 0x07, 0xFF, 0x00,
    0x07, 0xF8, 0x00, 0x02, 0x00, 0x00, 0x1F, 0xFE, 0x00, 0x7F, 0xFE, 0x01,
    0xFF, 0xFC, 0x07, 0x80, 0xF8, 0x1E, 0x01, 0xE0, 0x78, 0x03, 0xC1, 0xE0,
    0x0F, 0x07, 0x80, 0x3C, 0x1E, 0x00, 0xF0, 0x78, 0x03, 0xC1, 0xE0, 0x0F,
    0x07, 0x80, 0x78, 0x1E, 0x03, 0xE0, 0x7F, 0xFF, 0x01, 0xFF, 0xF8, 0x07,
    0xFF, 0x80, 0x1E, 0x00, 0x00, 0x78, 0x00, 0x01, 0xE0, 0x00, 0x07, 0x80,
    0x00, 0x1E, 0x00, 0x00, 0x78, 0x00, 0x01, 0xE0, 0x00, 0x07, 0x80, 0x00,
    0x1E, 0x00, 0x00, 0x78, 0x00, 0x00, 0x00, 0xFC, 0x00, 0x0F, 0xFC, 0x00,
    0x7F, 0xF8, 0x03, 0xE1, 0xF0, 0x0F, 0x03, 0xC0, 0x78, 0x07, 0x81, 0xE0,
    0x1E, 0x07, 0x00, 0x78, 0x3C, 0x00, 0xE0, 0xF0, 0x03, 0x83, 0xC0, 0x0F,
    0x0F, 0x00, 0x3C, 0x3C, 0x00, 0xF0, 0xF0, 0x03, 0xC3, 0xC0, 0x0F, 0x0F,
    0x00, 0x3C, 0x3C, 0x00, 0xE0, 0xF0, 0x03, 0x83, 0xC0, 0x1E, 0x07, 0x00,
    0x78, 0x1E, 0x01, 0xE0, 0x78, 0x0F, 0x00, 0xF0, 0x3C, 0x03, 0xFF, 0xE0,
    0x07, 0xFF, 0x00, 0x07, 0xF8, 0x00, 0x03, 0xF0, 0x00, 0x03, 0xE0, 0x00,
    0x07, 0xC0, 0x00, 0x0F, 0x00, 0x00, 0x10, 0x00, 0x3F, 0xFC, 0x00, 0xFF,
    0xFC, 0x03, 0xFF, 0xF8, 0x0F, 0x03, 0xF0, 0x3C, 0x03, 0xC0, 0xF0, 0x07,
    0x83, 0xC0, 0x1E, 0x0F, 0x00, 0x78, 0x3C, 0x01, 0xE0, 0xF0, 0x07, 0x83,
    0xC0, 0x3C, 0x0F, 0x01, 0xE0, 0x3F, 0xFF, 0x00, 0xFF, 0xF0, 0x03, 0xFF,
    0xE0, 0x0F, 0x03, 0xC0, 0x3C, 0x07, 0x80, 0xF0, 0x0E, 0x03, 0xC0, 0x3C,
    0x0F, 0x00, 0x70, 0x3C, 0x01, 0xE0, 0xF0, 0x03, 0x83, 0xC0, 0x0F, 0x0F,
    0x00, 0x1C, 0x3C, 0x00, 0x78, 0xF0, 0x00, 0xE0, 0x00, 0xFE, 0x00, 0x0F,
    0xFF, 0x00, 0xFF, 0xFC, 0x03, 0xE0, 0xF0, 0x1E, 0x00, 0x40, 0x70, 0x00,
    0x03, 0xC0, 0x00, 0x0F, 0x00, 0x00, 0x3C, 0x00, 0x00, 0x78, 0x00, 0x01,
    0xF0, 0x00, 0x03, 0xFC, 0x00, 0x07, 0xFE, 0x00, 0x07, 0xFE, 0x00, 0x03,
    0xFC, 0x00, 0x00, 0xF8, 0x00, 0x01, 0xE0, 0x00, 0x03, 0x80, 0x00, 0x0E,
    0x00, 0x00, 0x38, 0x00, 0x00, 0xE0, 0x40, 0x07, 0x81, 0xC0, 0x3E, 0x07,
    0xFF, 0xF0, 0x1F, 0xFF, 0x80, 0x3F, 0xFC, 0x00, 0x06, 0x00, 0x00, 0x7F,
    0xFF, 0xF9, 0xFF, 0xFF, 0xE7, 0xFF, 0xFF, 0x80, 0x1E, 0x00, 0x00, 0x78,
    0x00, 0x01, 0xE0, 0x00, 0x07, 0x80, 0x00, 0x1E, 0x00, 0x00, 0x78, 0x00,
    0x01, 0xE0, 0x00, 0x07, 0x80, 0x00, 0x1E, 0x00, 0x00, 0x78, 0x00, 0x01,
    0xE0, 0x00, 0x07, 0x80, 0x00, 0x1E, 0x00, 0x00, 0x78, 0x00, 0x01, 0xE0,
    0x00, 0x07, 0x80, 0x00, 0x1E, 0x00, 0x00, 0x78, 0x00, 0x01, 0xE0, 0x00,
    0x07, 0x80, 0x00, 0x1E, 0x00, 0x00, 0x78, 0x00, 0x01, 0xE0, 0x00, 0x1C,
    0x01, 0xE0, 0x70, 0x07, 0x81, 0xC0, 0x1E, 0x07, 0x00, 0x78, 0x1C, 0x01,
    0xE0, 0x70, 0x07, 0x81, 0xC0, 0x1E, 0x07, 0x00, 0x78, 0x1C, 0x01, 0xE0,
    0x70, 0x07, 0x81, 0xC0, 0x1E, 0x07, 0x00, 0x78, 0x1C, 0x01, 0xE0, 0x70,
    0x07, 0x81, 0xC0, 0x1E, 0x07, 0x00, 0x78, 0x1C, 0x01, 0xE0, 0x70, 0x07,
    0x81, 0xC0, 0x1E, 0x07, 0x00, 0x78, 0x1C, 0x01, 0xE0, 0x78, 0x07, 0x81,
    0xF0, 0x3C, 0x03, 0xFF, 0xF0, 0x07, 0xFF, 0x80, 0x0F, 0xF8, 0x00, 0x02,
    0x00, 0x00, 0x78, 0x00, 0x79, 0xE0, 0x01, 0xC3, 0x80, 0x0F, 0x0F, 0x00,
    0x3C, 0x3C, 0x00, 0xE0, 0x70, 0x07, 0x81, 0xC0, 0x1E, 0x07, 0x80, 0x70,
    0x1E, 0x01, 0xC0, 0x38, 0x0F, 0x00, 0xF0, 0x3C, 0x03, 0xC0, 0xE0, 0x07,
    0x03, 0x80, 0x1C, 0x1E, 0x00, 0x78, 0x70, 0x00, 0xE1, 0xC0, 0x03, 0x87,
    0x00, 0x0E, 0x3C, 0x00, 0x3C, 0xE0, 0x00, 0x73, 0x80, 0x01, 0xDE, 0x00,
    0x07, 0x70, 0x00, 0x0F, 0xC0, 0x00, 0x3F, 0x00, 0x00, 0xF8, 0x00, 0x03,
    0xE0, 0x00, 0xF0, 0x00, 0x3F, 0xC0, 0x00, 0xEF, 0x00, 0x03, 0xBC, 0x00,
    0x0E, 0x70, 0x00, 0x39, 0xC0, 0x00, 0xE7, 0x00, 0x07, 0x9C, 0x1E, 0x1E,
    0x78, 0x78, 0x71, 0xE3, 0xE1, 0xC3, 0x8F, 0x87, 0x0E, 0x3F, 0x1C, 0x38,
    0xDC, 0x70, 0xE3, 0x71, 0xC3, 0x9C, 0xCF, 0x0E, 0x73, 0xB8, 0x39, 0xCE,
    0xE0, 0x76, 0x3B, 0x81, 0xD8, 0x6E, 0x07, 0xE1, 0xB8, 0x1F, 0x87, 0xE0,
    0x7C, 0x1F, 0x01, 0xF0, 0x3C, 0x03, 0xC0, 0xF0, 0x0F, 0x03, 0xC0, 0x38,
    0x0F, 0x00, 0x3C, 0x00, 0x78, 0xF0, 0x03, 0xC1, 0xE0, 0x1E, 0x03, 0x80,
    0x78, 0x0F, 0x03, 0xC0, 0x1E, 0x0E, 0x00, 0x78, 0x78, 0x00, 0xF1, 0xC0,
    0x01, 0xCE, 0x00, 0x07, 0xF8, 0x00, 0x0F, 0xC0, 0x00, 0x1F, 0x00, 0x00,
    0x78, 0x00, 0x03, 0xF0, 0x00, 0x0F, 0xC0, 0x00, 0x7F, 0x80, 0x03, 0xCE,
    0x00, 0x0F, 0x1C, 0x00, 0x78, 0x78, 0x03, 0xC0, 0xE0, 0x0F, 0x03, 0xC0,
    0x78, 0x07, 0x81, 0xC0, 0x1E, 0x0F, 0x00, 0x3C, 0x78, 0x00, 0x71, 0xE0,
    0x01, 0xE0, 0x78, 0x00, 0x79, 0xE0, 0x03, 0xC3, 0xC0, 0x0F, 0x07, 0x00,
    0x78, 0x1E, 0x01, 0xC0, 0x38, 0x0F, 0x00, 0xF0, 0x38, 0x01, 0xE1, 0xE0,
    0x03, 0x87, 0x00, 0x0F, 0x3C, 0x00, 0x1D, 0xE0, 0x00, 0x7F, 0x00, 0x00,
    0xFC, 0x00, 0x03, 0xE0, 0x00, 0x07, 0x80, 0x00, 0x1E, 0x00, 0x00, 0x78,
    0x00, 0x01, 0xE0, 0x00, 0x07, 0x80, 0x00, 0x1E, 0x00, 0x00, 0x78, 0x00,
    0x01, 0xE0, 0x00, 0x07, 0x80, 0x00, 0x1E, 0x00, 0x00, 0x78, 0x00, 0x01,
    0xE0, 0x00, 0x1F, 0xFF, 0xF0, 0x7F, 0xFF, 0xC1, 0xFF, 0xFF, 0x00, 0x00,
    0x3C, 0x00, 0x01, 0xE0, 0x00, 0x0F, 0x00, 0x00, 0x3C, 0x00, 0x01, 0xE0,
    0x00, 0x0F, 0x00, 0x00, 0x3C, 0x00, 0x01, 0xE0, 0x00, 0x0F, 0x00, 0x00,
    0x3C, 0x00, 0x01, 0xE0, 0x00, 0x0F, 0x00, 0x00, 0x3C, 0x00, 0x01, 0xE0,
    0x00, 0x07, 0x00, 0x00, 0x3C, 0x00, 0x01, 0xE0, 0x00, 0x07, 0x00, 0x00,
    0x3C, 0x00, 0x01, 0xE0, 0x00, 0x07, 0xFF, 0xFE, 0x1F, 0xFF, 0xF8, 0x7F,
    0xFF, 0xE0, 0x00, 0x3F, 0x80, 0x00, 0xFE, 0x00, 0x03, 0xF8, 0x00, 0x0E,
    0x00, 0x00, 0x38, 0x00, 0x00, 0xE0, 0x00, 0x03, 0x80, 0x00, 0x0E, 0x00,
    0x00, 0x38, 0x00, 0x00, 0xE0, 0x00, 0x03, 0x80, 0x00, 0x0E, 0x00, 0x00,
    0x38, 0x00, 0x00, 0xE0, 0x00, 0x03, 0x80, 0x00, 0x0E, 0x00, 0x00, 0x38,
    0x00, 0x00, 0xE0, 0x00, 0x03, 0x80, 0x00, 0x0E, 0x00, 0x00, 0x38, 0x00,
    0x00, 0xE0, 0x00, 0x03, 0x80, 0x00, 0x0E, 0x00, 0x00, 0x38, 0x00, 0x00,
    0xE0, 0x00, 0x03, 0x80, 0x00, 0x0E, 0x00, 0x00, 0x38, 0x00, 0x00, 0xFE,
    0x00, 0x03, 0xF8, 0x00, 0x0F, 0xE0, 0x38, 0x00, 0x00, 0xF0, 0x00, 0x01,
    0xC0, 0x00, 0x07, 0x80, 0x00, 0x0E, 0x00, 0x00, 0x3C, 0x00, 0x00, 0x70,
    0x00, 0x01, 0xE0, 0x00, 0x03, 0x80, 0x00, 0x0F, 0x00, 0x00, 0x1C, 0x00,
    0x00, 0x78, 0x00, 0x00, 0xE0, 0x00, 0x03, 0xC0, 0x00, 0x07, 0x00, 0x00,
    0x1C, 0x00, 0x00, 0x78, 0x00, 0x00, 0xE0, 0x00, 0x03, 0xC0, 0x00, 0x07,
    0x00, 0x00, 0x1E, 0x00, 0x00, 0x38, 0x00, 0x00, 0xF0, 0x00, 0x01, 0xC0,
    0x00, 0x07, 0x80, 0x00, 0x0E, 0x00, 0x00, 0x3C, 0x00, 0x00, 0x70, 0x00,
    0x01, 0xE0, 0x00, 0x03, 0x00, 0x07, 0xF8, 0x00, 0x1F, 0xE0, 0x00, 0x7F,
    0x80, 0x00, 0x1E, 0x00, 0x00, 0x78, 0x00, 0x01, 0xE0, 0x00, 0x07, 0x80,
    0x00, 0x1E, 0x00, 0x00, 0x78, 0x00, 0x01, 0xE0, 0x00, 0x07, 0x80, 0x00,
    0x1E, 0x00, 0x00, 0x78, 0x00, 0x01, 0xE0, 0x00, 0x07, 0x80, 0x00, 0x1E,
    0x00, 0x00, 0x78, 0x00, 0x01, 0xE0, 0x00, 0x07, 0x80, 0x00, 0x1E, 0x00,
    0x00, 0x78, 0x00, 0x01, 0xE0, 0x00, 0x07, 0x80, 0x00, 0x1E, 0x00, 0x00,
    0x78, 0x00, 0x01, 0xE0, 0x00, 0x07, 0x80, 0x00, 0x1E, 0x00, 0x00, 0x78,
    0x00, 0x1F, 0xE0, 0x00, 0x7F, 0x80, 0x01, 0xFE, 0x00, 0x00, 0x78, 0x00,
    0x03, 0xF0, 0x00, 0x1F, 0xC0, 0x00, 0xFF, 0x80, 0x03, 0xCF, 0x00, 0x1E,
    0x1E, 0x00, 0xF0, 0x7C, 0x07, 0x80, 0xF8, 0x3C, 0x01, 0xE1, 0xE0, 0x03,
    0xC7, 0x00, 0x03, 0x00, 0x00, 0x00, 0x00, 0x00, 0x00, 0x00, 0x00, 0x00,
    0x00, 0x00, 0x00, 0x00, 0x00, 0x00, 0x00, 0x00, 0x00, 0x00, 0x00, 0x00,
    0x00, 0x00, 0x00, 0x00, 0x00, 0x00, 0x00, 0x00, 0x00, 0x00, 0x00, 0x00,
    0x00, 0x00, 0x00, 0x00, 0x00, 0x00, 0x00, 0x00, 0x00, 0x00, 0x00, 0x00,
    0x00, 0x00, 0x00, 0x00, 0x00, 0x3F, 0xFF, 0xFF, 0xFF, 0xFF, 0xFF, 0xFF,
    0xFF, 0xF0, 0x03, 0x00, 0x00, 0x0E, 0x00, 0x00, 0x1C, 0x00, 0x00, 0x38,
    0x00, 0x00, 0xE0, 0x00, 0x01, 0xC0, 0x00, 0x03, 0x80, 0x00, 0x00, 0x00,
    0x00, 0x00, 0x00, 0x00, 0x00, 0x00, 0x00, 0x00, 0x00, 0x00, 0x00, 0x00,
    0x00, 0x00, 0x00, 0x00, 0x00, 0x00, 0x00, 0x00, 0x00, 0x00, 0x00, 0x00,
    0x00, 0x00, 0x00, 0x00, 0x00, 0x00, 0x00, 0x00, 0x00, 0x00, 0x00, 0x00,
    0x00, 0x00, 0x00, 0x00, 0x00, 0x00, 0x00, 0x00, 0x00, 0x00, 0x00, 0x00,
    0x00, 0x00, 0x00, 0x00, 0x00, 0x00, 0x00, 0x00, 0x00, 0x00, 0x01, 0xFC,
    0x00, 0x3F, 0xFC, 0x00, 0xFF, 0xF8, 0x03, 0x81, 0xF0, 0x00, 0x01, 0xC0,
    0x00, 0x07, 0x00, 0x00, 0x1E, 0x00, 0x7F, 0xF8, 0x07, 0xFF, 0xE0, 0x3F,
    0xFF, 0x81, 0xF0, 0x1E, 0x07, 0x00, 0x78, 0x3C, 0x01, 0xE0, 0xF0, 0x07,
    0x83, 0xC0, 0x1E, 0x0F, 0x00, 0xF8, 0x1E, 0x07, 0xE0, 0x7F, 0xFF, 0x80,
    0xFF, 0xDE, 0x01, 0xFE, 0x78, 0x00, 0x80, 0x00, 0x1E, 0x00, 0x00, 0x78,
    0x00, 0x01, 0xE0, 0x00, 0x07, 0x80, 0x00, 0x1E, 0x00, 0x00, 0x78, 0x00,
    0x01, 0xE0, 0x00, 0x07, 0x8F, 0x80, 0x1E, 0xFF, 0x00, 0x7F, 0xFE, 0x01,
    0xF8, 0x7C, 0x07, 0xC0, 0x78, 0x1F, 0x01, 0xE0, 0x78, 0x03, 0x81, 0xE0,
    0x0E, 0x07, 0x80, 0x38, 0x1E, 0x00, 0xF0, 0x78, 0x03, 0xC1, 0xE0, 0x0F,
    0x07, 0x80, 0x38, 0x1E, 0x00, 0xE0, 0x78, 0x07, 0x81, 0xF0, 0x1E, 0x07,
    0xE0, 0xF0, 0x1F, 0xFF, 0xC0, 0x7F, 0xFE, 0x01, 0xE7, 0xF0, 0x00, 0x00,
    0x00, 0x00, 0x3F, 0x00, 0x07, 0xFF, 0x00, 0x3F, 0xFE, 0x01, 0xF8, 0x38,
    0x07, 0x80, 0x20, 0x3C, 0x00, 0x00, 0xF0, 0x00, 0x03, 0x80, 0x00, 0x0E,
    0x00, 0x00, 0x78, 0x00, 0x01, 0xE0, 0x00, 0x07, 0x80, 0x00, 0x0E, 0x00,
    0x00, 0x38, 0x00, 0x00, 0xF0, 0x00, 0x03, 0xC0, 0x00, 0x07, 0xC0, 0x60,
    0x0F, 0xFF, 0x80, 0x1F, 0xFE, 0x00, 0x3F, 0xF0, 0x00, 0x04, 0x00, 0x00,
    0x01, 0xC0, 0x00, 0x07, 0x00, 0x00, 0x1C, 0x00, 0x00, 0x70, 0x00, 0x01,
    0xC0, 0x00, 0x07, 0x00, 0x00, 0x1C, 0x00, 0x7C, 0x70, 0x07, 0xFD, 0xC0,
    0x3F, 0xFF, 0x00, 0xF0, 0xFC, 0x07, 0x80, 0xF0, 0x1C, 0x03, 0xC0, 0x70,
    0x07, 0x03, 0xC0, 0x1C, 0x0F, 0x00, 0x70, 0x3C, 0x01, 0xC0, 0xF0, 0x07,
    0x03, 0xC0, 0x1C, 0x0F, 0x00, 0x70, 0x3C, 0x01, 0xC0, 0x70, 0x0F, 0x01,
    0xE0, 0x3C, 0x07, 0xC1, 0xF0, 0x0F, 0xFF, 0xC0, 0x1F, 0xF7, 0x00, 0x3F,
    0x9C, 0x00, 0x10, 0x00, 0x00, 0xFE, 0x00, 0x0F, 0xFC, 0x00, 0x7F, 0xF8,
    0x03, 0xE0, 0xF0, 0x1E, 0x01, 0xE0, 0x70, 0x03, 0x81, 0xC0, 0x0E, 0x0F,
    0xFF, 0xFC, 0x3F, 0xFF, 0xF0, 0xFF, 0xFF, 0xC3, 0xC0, 0x00, 0x0F, 0x00,
    0x00, 0x3C, 0x00, 0x00, 0x70, 0x00, 0x01, 0xC0, 0x00, 0x07, 0x80, 0x00,
    0x0F, 0x00, 0x60, 0x3F, 0xFF, 0x80, 0x3F, 0xFE, 0x00, 0x7F, 0xE0, 0x00,
    0x18, 0x00, 0x00, 0x0F, 0xE0, 0x00, 0xFF, 0x80, 0x07, 0xFE, 0x00, 0x1E,
    0x00, 0x00, 0x70, 0x00, 0x01, 0xC0, 0x00, 0x07, 0x00, 0x07, 0xFF, 0xF8,
    0x1F, 0xFF, 0xE0, 0x7F, 0xFF, 0x80, 0x07, 0x00, 0x00, 0x1C, 0x00, 0x00,
    0x70, 0x00, 0x01, 0xC0, 0x00, 0x07, 0x00, 0x00, 0x1C, 0x00, 0x00, 0x70,
    0x00, 0x01, 0xC0, 0x00, 0x07, 0x00, 0x00, 0x1C, 0x00, 0x00, 0x70, 0x00,
    0x01, 0xC0, 0x00, 0x07, 0x00, 0x00, 0x1C, 0x00, 0x00, 0x70, 0x00, 0x01,
    0xC0, 0x00, 0x07, 0x00, 0x00, 0x01, 0xF1, 0xC0, 0x1F, 0xF7, 0x00, 0xFF,
    0xFC, 0x03, 0xC3, 0xF0, 0x1E, 0x03, 0xC0, 0x70, 0x0F, 0x01, 0xC0, 0x1C,
    0x0F, 0x00, 0x70, 0x3C, 0x01, 0xC0, 0xF0, 0x07, 0x03, 0xC0, 0x1C, 0x0F,
    0x00, 0x70, 0x3C, 0x01, 0xC0, 0x70, 0x07, 0x01, 0xC0, 0x3C, 0x07, 0x80,
    0xF0, 0x0F, 0x0F, 0xC0, 0x3F, 0xFF, 0x00, 0x7F, 0xDC, 0x00, 0x7C, 0x70,
    0x00, 0x01, 0xC0, 0x00, 0x07, 0x00, 0x00, 0x3C, 0x03, 0x81, 0xE0, 0x0F,
    0xFF, 0x00, 0x3F, 0xF8, 0x00, 0x3F, 0x80, 0x00, 0x1E, 0x00, 0x00, 0x78,
    0x00, 0x01, 0xE0, 0x00, 0x07, 0x80, 0x00, 0x1E, 0x00, 0x00, 0x78, 0x00,
    0x01, 0xE0, 0x00, 0x07, 0x8F, 0x80, 0x1E, 0xFF, 0x80, 0x7F, 0xFE, 0x01,
    0xF8, 0x7C, 0x07, 0xC0, 0xF0, 0x1E, 0x01, 0xC0, 0x78, 0x07, 0x01, 0xE0,
    0x1C, 0x07, 0x80, 0x78, 0x1E, 0x01, 0xE0, 0x78, 0x07, 0x81, 0xE0, 0x1E,
    0x07, 0x80, 0x78, 0x1E, 0x01, 0xE0, 0x78, 0x07, 0x81, 0xE0, 0x1E, 0x07,
    0x80, 0x78, 0x1E, 0x01, 0xE0, 0x78, 0x07, 0x81, 0xE0, 0x1E, 0x00, 0x00,
    0x1C, 0x00, 0x00, 0x70, 0x00, 0x01, 0xC0, 0x00, 0x00, 0x00, 0x00, 0x00,
    0x00, 0x00, 0x00, 0x00, 0x00, 0x00, 0x00, 0xFF, 0x00, 0x03, 0xFC, 0x00,
    0x0F, 0xF0, 0x00, 0x01, 0xC0, 0x00, 0x07, 0x00, 0x00, 0x1C, 0x00, 0x00,
    0x70, 0x00, 0x01, 0xC0, 0x00, 0x07, 0x00, 0x00, 0x1C, 0x00, 0x00, 0x70,
    0x00, 0x01, 0xC0, 0x00, 0x07, 0x00, 0x00, 0x1C, 0x00, 0x00, 0x70, 0x00,
    0x01, 0xC0, 0x00, 0x07, 0x00, 0x0F, 0xFF, 0xF0, 0x3F, 0xFF, 0xC0, 0xFF,
    0xFF, 0x00, 0x00, 0x1C, 0x00, 0x00, 0x70, 0x00, 0x01, 0xC0, 0x00, 0x00,
    0x00, 0x00, 0x00, 0x00, 0x00, 0x00, 0x00, 0x00, 0x00, 0x01, 0xFF, 0x00,
    0x07, 0xFC, 0x00, 0x1F, 0xF0, 0x00, 0x01, 0xC0, 0x00, 0x07, 0x00, 0x00,
    0x1C, 0x00, 0x00, 0x70, 0x00, 0x01, 0xC0, 0x00, 0x07, 0x00, 0x00, 0x1C,
    0x00, 0x00, 0x70, 0x00, 0x01, 0xC0, 0x00, 0x07, 0x00, 0x00, 0x1C, 0x00,
    0x00, 0x70, 0x00, 0x01, 0xC0, 0x00, 0x07, 0x00, 0x00, 0x1C, 0x00, 0x00,
    0x70, 0x00, 0x01, 0xC0, 0x00, 0x0F, 0x00, 0x00, 0x3C, 0x00, 0x00, 0xF0,
    0x00, 0x07, 0x80, 0x07, 0xFE, 0x00, 0x1F, 0xF0, 0x00, 0x7F, 0x00, 0x00,
    0x0F, 0x00, 0x00, 0x3C, 0x00, 0x00, 0xF0, 0x00, 0x03, 0xC0, 0x00, 0x0F,
    0x00, 0x00, 0x3C, 0x00, 0x00, 0xF0, 0x00, 0x03, 0xC0, 0x78, 0x0F, 0x03,
    0xC0, 0x3C, 0x1E, 0x00, 0xF0, 0xF0, 0x03, 0xC7, 0x80, 0x0F, 0x3C, 0x00,
    0x3D, 0xE0, 0x00, 0xFF, 0x00, 0x03, 0xFE, 0x00, 0x0F, 0xFC, 0x00, 0x3E,
    0xF0, 0x00, 0xF1, 0xE0, 0x03, 0xC3, 0xC0, 0x0F, 0x07, 0x00, 0x3C, 0x1E,
    0x00, 0xF0, 0x3C, 0x03, 0xC0, 0x78, 0x0F, 0x01, 0xE0, 0x3C, 0x03, 0xC0,
    0xF0, 0x07, 0x80, 0x0F, 0xF8, 0x00, 0x3F, 0xE0, 0x00, 0xFF, 0x80, 0x00,
    0x1E, 0x00, 0x00, 0x78, 0x00, 0x01, 0xE0, 0x00, 0x07, 0x80, 0x00, 0x1E,
    0x00, 0x00, 0x78, 0x00, 0x01, 0xE0, 0x00, 0x07, 0x80, 0x00, 0x1E, 0x00,
    0x00, 0x78, 0x00, 0x01, 0xE0, 0x00, 0x07, 0x80, 0x00, 0x1E, 0x00, 0x00,
    0x78, 0x00, 0x01, 0xE0, 0x00, 0x07, 0x80, 0x00, 0x1E, 0x00, 0x00, 0x78,
    0x00, 0x01, 0xE0, 0x00, 0x03, 0x80, 0x00, 0x0F, 0x00, 0x00, 0x3F, 0xF0,
    0x00, 0x7F, 0xC0, 0x00, 0x7F, 0x00, 0x3B, 0xC3, 0xC0, 0xFF, 0x9F, 0x83,
    0xFF, 0xFE, 0x0F, 0x3E, 0x3C, 0x38, 0x78, 0x70, 0xE1, 0xE1, 0xC3, 0x87,
    0x87, 0x0E, 0x1C, 0x1C, 0x38, 0x70, 0x70, 0xE1, 0xC1, 0xC3, 0x87, 0x07,
    0x0E, 0x1C, 0x1C, 0x38, 0x70, 0x70, 0xE1, 0xC1, 0xC3, 0x87, 0x07, 0x0E,
    0x1C, 0x1C, 0x38, 0x70, 0x70, 0xE1, 0xC1, 0xC3, 0x87, 0x07, 0x0E, 0x1C,
    0x1C, 0x1E, 0x3E, 0x00, 0x7B, 0xFE, 0x01, 0xFF, 0xF8, 0x07, 0xE1, 0xF0,
    0x1F, 0x03, 0xC0, 0x78, 0x07, 0x01, 0xE0, 0x1C, 0x07, 0x80, 0x70, 0x1E,
    0x01, 0xE0, 0x78, 0x07, 0x81, 0xE0, 0x1E, 0x07, 0x80, 0x78, 0x1E, 0x01,
    0xE0, 0x78, 0x07, 0x81, 0xE0, 0x1E, 0x07, 0x80, 0x78, 0x1E, 0x01, 0xE0,
    0x78, 0x07, 0x81, 0xE0, 0x1E, 0x07, 0x80, 0x78, 0x00, 0xFC, 0x00, 0x0F,
    0xFC, 0x00, 0x7F, 0xF8, 0x03, 0xE1, 0xF0, 0x1E, 0x03, 0xC0, 0x78, 0x07,
    0x81, 0xC0, 0x1E, 0x07, 0x00, 0x38, 0x3C, 0x00, 0xE0, 0xF0, 0x03, 0x83,
    0xC0, 0x0E, 0x0F, 0x00, 0x38, 0x1C, 0x00, 0xE0, 0x70, 0x07, 0x81, 0xE0,
    0x1E, 0x07, 0x80, 0x70, 0x0F, 0x03, 0xC0, 0x3F, 0xFE, 0x00, 0x7F, 0xF0,
    0x00, 0x7F, 0x80, 0x00, 0x20, 0x00, 0x1E, 0x7E, 0x00, 0x7B, 0xFC, 0x01,
    0xFF, 0xF8, 0x07, 0xE1, 0xF0, 0x1F, 0x01, 0xC0, 0x78, 0x07, 0x81, 0xE0,
    0x0E, 0x07, 0x80, 0x38, 0x1E, 0x00, 0xE0, 0x78, 0x03, 0x81, 0xE0, 0x0F,
    0x07, 0x80, 0x38, 0x1E, 0x00, 0xE0, 0x78, 0x03, 0x81, 0xE0, 0x1E, 0x07,
    0xC0, 0x78, 0x1F, 0x83, 0xC0, 0x7F, 0xFF, 0x01, 0xFF, 0xF8, 0x07, 0xBF,
    0xC0, 0x1E, 0x00, 0x00, 0x78, 0x00, 0x01, 0xE0, 0x00, 0x07, 0x80, 0x00,
    0x1E, 0x00, 0x00, 0x78, 0x00, 0x01, 0xE0, 0x00, 0x00, 0x01, 0xF1, 0xE0,
    0x0F, 0xF7, 0x80, 0x7F, 0xFE, 0x03, 0xE1, 0xF8, 0x1E, 0x03, 0xE0, 0x78,
    0x0F, 0x81, 0xC0, 0x1E, 0x07, 0x00, 0x78, 0x3C, 0x01, 0xE0, 0xF0, 0x07,
    0x83, 0xC0, 0x1E, 0x0F, 0x00, 0x78, 0x3C, 0x01, 0xE0, 0x70, 0x07, 0x81,
    0xE0, 0x1E, 0x07, 0x80, 0xF8, 0x0F, 0x07, 0xE0, 0x3F, 0xFF, 0x80, 0x7F,
    0xDE, 0x00, 0xFE, 0x78, 0x00, 0x01, 0xE0, 0x00, 0x07, 0x80, 0x00, 0x1E,
    0x00, 0x00, 0x78, 0x00, 0x01, 0xE0, 0x00, 0x07, 0x80, 0x00, 0x1E, 0x00,
    0x03, 0xC7, 0xE0, 0x0F, 0x3F, 0xC0, 0x3D, 0xFF, 0x00, 0xFE, 0x0C, 0x03,
    0xF0, 0x00, 0x0F, 0x80, 0x00, 0x3C, 0x00, 0x00, 0xF0, 0x00, 0x03, 0xC0,
    0x00, 0x0F, 0x00, 0x00, 0x3C, 0x00, 0x00, 0xF0, 0x00, 0x03, 0xC0, 0x00,
    0x0F, 0x00, 0x00, 0x3C, 0x00, 0x00, 0xF0, 0x00, 0x03, 0xC0, 0x00, 0x0F,
    0x00, 0x00, 0x3C, 0x00, 0x00, 0xF0, 0x00, 0x00, 0xFE, 0x00, 0x0F, 0xFE,
    0x00, 0x7F, 0xF8, 0x03, 0xE0, 0xE0, 0x0E, 0x00, 0x00, 0x38, 0x00, 0x00,
    0xE0, 0x00, 0x03, 0xC0, 0x00, 0x07, 0xC0, 0x00, 0x1F, 0xF0, 0x00, 0x1F,
    0xF0, 0x00, 0x07, 0xE0, 0x00, 0x03, 0xC0, 0x00, 0x07, 0x00, 0x00, 0x1C,
    0x00, 0x00, 0x70, 0x0C, 0x03, 0xC0, 0x3F, 0xFE, 0x00, 0xFF, 0xF0, 0x01,
    0xFF, 0x80, 0x00, 0x20, 0x00, 0x00, 0xE0, 0x00, 0x03, 0x80, 0x00, 0x0E,
    0x00, 0x00, 0x38, 0x00, 0x00, 0xE0, 0x00, 0xFF, 0xFF, 0x03, 0xFF, 0xFC,
    0x0F, 0xFF, 0xF0, 0x00, 0xE0, 0x00, 0x03, 0x80, 0x00, 0x0E, 0x00, 0x00,
    0x38, 0x00, 0x00, 0xE0, 0x00, 0x03, 0x80, 0x00, 0x0E, 0x00, 0x00, 0x38,
    0x00, 0x00, 0xE0, 0x00, 0x03, 0x80, 0x00, 0x0E, 0x00, 0x00, 0x38, 0x00,
    0x00, 0xE0, 0x00, 0x03, 0xC0, 0x00, 0x0F, 0xFC, 0x00, 0x1F, 0xF0, 0x00,
    0x1F, 0xC0, 0x1E, 0x01, 0xE0, 0x78, 0x07, 0x81, 0xE0, 0x1E, 0x07, 0x80,
    0x78, 0x1E, 0x01, 0xE0, 0x78, 0x07, 0x81, 0xE0, 0x1E, 0x07, 0x80, 0x78,
    0x1E, 0x01, 0xE0, 0x78, 0x07, 0x81, 0xE0, 0x1E, 0x07, 0x80, 0x78, 0x1E,
    0x01, 0xE0, 0x78, 0x07, 0x80, 0xE0, 0x1E, 0x03, 0x80, 0xF8, 0x0F, 0x07,
    0xE0, 0x3F, 0xFF, 0x80, 0x7F, 0xDE, 0x00, 0xFE, 0x78, 0x00, 0x40, 0x00,
    0x38, 0x00, 0xF0, 0xF0, 0x03, 0x81, 0xC0, 0x0E, 0x07, 0x00, 0x78, 0x1E,
    0x01, 0xC0, 0x38, 0x07, 0x00, 0xE0, 0x3C, 0x03, 0xC0, 0xE0, 0x07, 0x03,
    0x80, 0x1C, 0x1E, 0x00, 0x78, 0x70, 0x00, 0xE1, 0xC0, 0x03, 0x8F, 0x00,
    0x0F, 0x38, 0x00, 0x1C, 0xE0, 0x00, 0x77, 0x80, 0x01, 0xFC, 0x00, 0x03,
    0xF0, 0x00, 0x0F, 0x80, 0x00, 0x1E, 0x00, 0xE0, 0x00, 0x3F, 0xC0, 0x00,
    0xE7, 0x00, 0x03, 0x9C, 0x00, 0x0E, 0x70, 0x00, 0x79, 0xC0, 0x01, 0xC7,
    0x87, 0x07, 0x0E, 0x1E, 0x1C, 0x38, 0x78, 0x70, 0xE3, 0xE3, 0xC3, 0x8D,
    0xCE, 0x07, 0x37, 0x38, 0x1C, 0xCC, 0xE0, 0x77, 0x33, 0x81, 0xD8, 0xFC,
    0x03, 0xE1, 0xF0, 0x0F, 0x87, 0xC0, 0x3C, 0x1F, 0x00, 0xF0, 0x78, 0x03,
    0xC0, 0xE0, 0x3C, 0x00, 0xE0, 0x78, 0x07, 0x80, 0xE0, 0x3C, 0x01, 0xC0,
    0xE0, 0x07, 0x87, 0x00, 0x0F, 0x3C, 0x00, 0x1D, 0xE0, 0x00, 0x7F, 0x00,
    0x00, 0xF8, 0x00, 0x01, 0xE0, 0x00, 0x0F, 0x80, 0x00, 0x3F, 0x00, 0x01,
    0xFE, 0x00, 0x0F, 0x3C, 0x00, 0x78, 0x70, 0x01, 0xC1, 0xE0, 0x0F, 0x03,
    0xC0, 0x78, 0x07, 0x83, 0xC0, 0x1E, 0x0E, 0x00, 0x3C, 0x38, 0x00, 0x70,
    0xF0, 0x03, 0xC1, 0xC0, 0x0E, 0x07, 0x80, 0x78, 0x0E, 0x01, 0xE0, 0x38,
    0x07, 0x00, 0xF0, 0x3C, 0x01, 0xC0, 0xE0, 0x07, 0x83, 0x80, 0x0E, 0x1E,
    0x00, 0x38, 0x70, 0x00, 0xF3, 0xC0, 0x01, 0xCE, 0x00, 0x07, 0xB8, 0x00,
    0x0F, 0xE0, 0x00, 0x3F, 0x00, 0x00, 0xFC, 0x00, 0x01, 0xF0, 0x00, 0x07,
    0x80, 0x00, 0x1E, 0x00, 0x00, 0x70, 0x00, 0x03, 0xC0, 0x00, 0x0F, 0x00,
    0x00, 0x78, 0x00, 0x1F, 0xE0, 0x00, 0x7F, 0x00, 0x01, 0xF0, 0x00, 0x00,
    0x0F, 0xFF, 0xC0, 0x3F, 0xFF, 0x00, 0xFF, 0xFC, 0x00, 0x00, 0xF0, 0x00,
    0x03, 0x80, 0x00, 0x1E, 0x00, 0x00, 0xF0, 0x00, 0x07, 0x80, 0x00, 0x3C,
    0x00, 0x01, 0xE0, 0x00, 0x07, 0x00, 0x00, 0x3C, 0x00, 0x01, 0xE0, 0x00,
    0x0F, 0x00, 0x00, 0x78, 0x00, 0x03, 0xC0, 0x00, 0x0E, 0x00, 0x00, 0x3F,
    0xFF, 0x00, 0xFF, 0xFC, 0x03, 0xFF, 0xF0, 0x00, 0x07, 0xC0, 0x00, 0x7F,
    0x00, 0x03, 0xFC, 0x00, 0x0F, 0x00, 0x00, 0x38, 0x00, 0x00, 0xE0, 0x00,
    0x03, 0x80, 0x00, 0x0E, 0x00, 0x00, 0x38, 0x00, 0x00, 0xE0, 0x00, 0x03,
    0x80, 0x00, 0x0E, 0x00, 0x00, 0x38, 0x00, 0x01, 0xE0, 0x00, 0x07, 0x80,
    0x00, 0x3C, 0x00, 0x1F, 0xE0, 0x00, 0x7E, 0x00, 0x01, 0xFE, 0x00, 0x00,
    0x7C, 0x00, 0x00, 0x78, 0x00, 0x01, 0xE0, 0x00, 0x03, 0x80, 0x00, 0x0E,
    0x00, 0x00, 0x38, 0x00, 0x00, 0xE0, 0x00, 0x03, 0x80, 0x00, 0x0E, 0x00,
    0x00, 0x38, 0x00, 0x00, 0xF0, 0x00, 0x03, 0xFC, 0x00, 0x07, 0xF0, 0x00,
    0x07, 0xC0, 0x00, 0x38, 0x00, 0x00, 0xE0, 0x00, 0x03, 0x80, 0x00, 0x0E,
    0x00, 0x00, 0x38, 0x00, 0x00, 0xE0, 0x00, 0x03, 0x80, 0x00, 0x0E, 0x00,
    0x00, 0x38, 0x00, 0x00, 0xE0, 0x00, 0x03, 0x80, 0x00, 0x0E, 0x00, 0x00,
    0x38, 0x00, 0x00, 0xE0, 0x00, 0x03, 0x80, 0x00, 0x0E, 0x00, 0x00, 0x38,
    0x00, 0x00, 0xE0, 0x00, 0x03, 0x80, 0x00, 0x0E, 0x00, 0x00, 0x38, 0x00,
    0x00, 0xE0, 0x00, 0x03, 0x80, 0x00, 0x0E, 0x00, 0x00, 0x38, 0x00, 0x00,
    0xE0, 0x00, 0x03, 0x80, 0x00, 0x0E, 0x00, 0x00, 0x38, 0x00, 0x00, 0xE0,
    0x00, 0x03, 0x80, 0x00, 0x0E, 0x00, 0x00, 0x38, 0x00, 0x00, 0xE0, 0x00,
    0x03, 0x80, 0x00, 0x0E, 0x00, 0x0F, 0x80, 0x00, 0x3F, 0x80, 0x00, 0xFF,
    0x00, 0x00, 0x3C, 0x00, 0x00, 0x70, 0x00, 0x01, 0xC0, 0x00, 0x07, 0x00,
    0x00, 0x1C, 0x00, 0x00, 0x70, 0x00, 0x01, 0xC0, 0x00, 0x07, 0x00, 0x00,
    0x1C, 0x00, 0x00, 0x70, 0x00, 0x01, 0xE0, 0x00, 0x07, 0x80, 0x00, 0x0F,
    0x00, 0x00, 0x1F, 0xE0, 0x00, 0x1F, 0x80, 0x01, 0xFE, 0x00, 0x0F, 0x80,
    0x00, 0x78, 0x00, 0x01, 0xE0, 0x00, 0x07, 0x00, 0x00, 0x1C, 0x00, 0x00,
    0x70, 0x00, 0x01, 0xC0, 0x00, 0x07, 0x00, 0x00, 0x1C, 0x00, 0x00, 0x70,
    0x00, 0x03, 0xC0, 0x00, 0xFF, 0x00, 0x03, 0xF8, 0x00, 0x0F, 0x80, 0x00,
    0x0F, 0x00, 0x00, 0x7F, 0x00, 0x03, 0xFE, 0x00, 0x1E, 0x38, 0x06, 0x70,
    0x70, 0x3B, 0xC1, 0xE0, 0xE6, 0x03, 0xC7, 0x00, 0x07, 0xFC, 0x00, 0x0F,
    0xE0, 0x00, 0x1E, 0x00, 0x00, 0x00, 0x00, 0x00, 0x00, 0x00, 0x00, 0x00,
    0x00, 0x00, 0x00, 0x00, 0x00, 0x00, 0x00, 0x00, 0x03, 0x8F, 0x00, 0x0E,
    0x3C, 0x00, 0x38, 0xF0, 0x00, 0x00, 0x00, 0x00, 0x00, 0x00, 0x00, 0x00,
    0x00, 0x0F, 0x80, 0x00, 0x3E, 0x00, 0x00, 0xFC, 0x00, 0x03, 0xF0, 0x00,
    0x1D, 0xC0, 0x00, 0x77, 0x80, 0x01, 0xCE, 0x00, 0x0F, 0x38, 0x00, 0x38,
    0xF0, 0x00, 0xE1, 0xC0, 0x07, 0x87, 0x00, 0x1C, 0x1E, 0x00, 0x70, 0x38,
    0x03, 0xC0, 0xE0, 0x0F, 0x03, 0xC0, 0x38, 0x0F, 0x00, 0xFF, 0xFC, 0x07,
    0xFF, 0xF0, 0x1F, 0xFF, 0xE0, 0x70, 0x03, 0x83, 0xC0, 0x0E, 0x0F, 0x00,
    0x3C, 0x38, 0x00, 0xF1, 0xE0, 0x01, 0xC7, 0x80, 0x07, 0x9E, 0x00, 0x1E,
    0x03, 0x8F, 0x00, 0x0E, 0x3C, 0x00, 0x38, 0xF0, 0x00, 0x00, 0x00, 0x00,
    0x00, 0x00, 0x00, 0x00, 0x00, 0x0F, 0xC0, 0x00, 0xFF, 0xC0, 0x07, 0xFF,
    0x80, 0x3E, 0x1F, 0x00, 0xF0, 0x3C, 0x07, 0x80, 0x78, 0x1E, 0x01, 0xE0,
    0x70, 0x07, 0x83, 0xC0, 0x0E, 0x0F, 0x00, 0x38, 0x3C, 0x00, 0xF0, 0xF0,
    0x03, 0xC3, 0xC0, 0x0F, 0x0F, 0x00, 0x3C, 0x3C, 0x00, 0xF0, 0xF0, 0x03,
    0xC3, 0xC0, 0x0F, 0x0F, 0x00, 0x38, 0x3C, 0x01, 0xE0, 0x70, 0x07, 0x81,
    0xE0, 0x1E, 0x07, 0x80, 0xF0, 0x0F, 0x03, 0xC0, 0x3F, 0xFE, 0x00, 0x7F,
    0xF0, 0x00, 0x7F, 0x80, 0x00, 0x20, 0x00, 0x03, 0x8F, 0x00, 0x0E, 0x3C,
    0x00, 0x38, 0xF0, 0x00, 0x00, 0x00, 0x00, 0x00, 0x00, 0x00, 0x00, 0x01,
    0xC0, 0x1E, 0x07, 0x00, 0x78, 0x1C, 0x01, 0xE0, 0x70, 0x07, 0x81, 0xC0,
    0x1E, 0x07, 0x00, 0x78, 0x1C, 0x01, 0xE0, 0x70, 0x07, 0x81, 0xC0, 0x1E,
    0x07, 0x00, 0x78, 0x1C, 0x01, 0xE0, 0x70, 0x07, 0x81, 0xC0, 0x1E, 0x07,
    0x00, 0x78, 0x1C, 0x01, 0xE0, 0x70, 0x07, 0x81, 0xC0, 0x1E, 0x07, 0x00,
    0x78, 0x1C, 0x01, 0xE0, 0x70, 0x07, 0x81, 0xC0, 0x1E, 0x07, 0x80, 0x78,
    0x1F, 0x03, 0xC0, 0x3F, 0xFF, 0x00, 0x7F, 0xF8, 0x00, 0xFF, 0x80, 0x00,
    0x20, 0x00, 0x01, 0xFC, 0x00, 0x0F, 0xFC, 0x00, 0x7F, 0xF8, 0x03, 0xE1,
    0xE0, 0x0E, 0x03, 0xC0, 0x78, 0x07, 0x01, 0xE0, 0x1C, 0x07, 0x81, 0xF0,
    0x1E, 0x1E, 0x00, 0x78, 0xF0, 0x01, 0xE3, 0x80, 0x07, 0x9E, 0x00, 0x1E,
    0x78, 0x00, 0x79, 0xE0, 0x01, 0xE3, 0xC0, 0x07, 0x87, 0xC0, 0x1E, 0x0F,
    0x80, 0x78, 0x0F, 0x01, 0xE0, 0x1E, 0x07, 0x80, 0x3C, 0x1E, 0x00, 0x70,
    0x78, 0x01, 0xC1, 0xE0, 0x07, 0x07, 0x80, 0x3C, 0x1E, 0xFF, 0xF0, 0x7B,
    0xFF, 0x81, 0xEF, 0xF8, 0x00, 0x03, 0x00, 0x03, 0x8F, 0x00, 0x0E, 0x3C,
    0x00, 0x38, 0xF0, 0x00, 0x00, 0x00, 0x00, 0x00, 0x00, 0x00, 0x00, 0x00,
    0x00, 0x00, 0x00, 0x7F, 0x00, 0x0F, 0xFF, 0x00, 0x3F, 0xFE, 0x00, 0xE0,
    0x7C, 0x00, 0x00, 0x70, 0x00, 0x01, 0xC0, 0x00, 0x07, 0x80, 0x1F, 0xFE,
    0x01, 0xFF, 0xF8, 0x0F, 0xFF, 0xE0, 0x7C, 0x07, 0x81, 0xC0, 0x1E, 0x0F,
    0x00, 0x78, 0x3C, 0x01, 0xE0, 0xF0, 0x07, 0x83, 0xC0, 0x3E, 0x07, 0x81,
    0xF8, 0x1F, 0xFF, 0xE0, 0x3F, 0xF7, 0x80, 0x7F, 0x9E, 0x00, 0x20, 0x00,
    0x03, 0x8F, 0x00, 0x0E, 0x3C, 0x00, 0x38, 0xF0, 0x00, 0x00, 0x00, 0x00,
    0x00, 0x00, 0x00, 0x00, 0x00, 0x00, 0x00, 0x00, 0x3F, 0x00, 0x03, 0xFF,
    0x00, 0x1F, 0xFE, 0x00, 0xF8, 0x7C, 0x07, 0x80, 0xF0, 0x1E, 0x01, 0xE0,
    0x70, 0x07, 0x81, 0xC0, 0x0E, 0x0F, 0x00, 0x38, 0x3C, 0x00, 0xE0, 0xF0,
    0x03, 0x83, 0xC0, 0x0E, 0x07, 0x00, 0x38, 0x1C, 0x01, 0xE0, 0x78, 0x07,
    0x81, 0xE0, 0x1C, 0x03, 0xC0, 0xF0, 0x0F, 0xFF, 0x80, 0x1F, 0xFC, 0x00,
    0x1F, 0xE0, 0x00, 0x08, 0x00, 0x03, 0x87, 0x00, 0x0E, 0x1C, 0x00, 0x38,
    0x70, 0x00, 0x00, 0x00, 0x00, 0x00, 0x00, 0x00, 0x00, 0x00, 0x00, 0x00,
    0x07, 0x80, 0x78, 0x1E, 0x01, 0xE0, 0x78, 0x07, 0x81, 0xE0, 0x1E, 0x07,
    0x80, 0x78, 0x1E, 0x01, 0xE0, 0x78, 0x07, 0x81, 0xE0, 0x1E, 0x07, 0x80,
    0x78, 0x1E, 0x01, 0xE0, 0x78, 0x07, 0x81, 0xE0, 0x1E, 0x07, 0x80, 0x78,
    0x1E, 0x01, 0xE0, 0x38, 0x07, 0x80, 0xE0, 0x3E, 0x03, 0xC1, 0xF8, 0x0F,
    0xFF, 0xE0, 0x1F, 0xF7, 0x80, 0x3F, 0x9E, 0x00, 0x10, 0x00, 0x00, 0x00,
    0x00, 0x00, 0x0F, 0xF8, 0x00, 0x07, 0xFF, 0xC0, 0x03, 0xFF, 0xFE, 0x00,
    0xFF, 0x1F, 0xE0, 0x3F, 0x00, 0x7E, 0x07, 0xC0, 0x07, 0xC1, 0xF0, 0x18,
    0x7C, 0x3C, 0x03, 0x07, 0xCF, 0x00, 0x60, 0x79, 0xE0, 0x0C, 0x0F, 0x3C,
    0x01, 0x80, 0xE7, 0x00, 0x30, 0x1E, 0xE0, 0x7E, 0x03, 0xDC, 0x1F, 0xC0,
    0x7B, 0xC1, 0xF0, 0x0E, 0x78, 0x00, 0x03, 0xCF, 0x00, 0x00, 0x78, 0xF0,
    0x00, 0x1F, 0x1F, 0x00, 0x07, 0xC1, 0xF0, 0x01, 0xF8, 0x3F, 0x00, 0x7E,
    0x03, 0xFC, 0x7F, 0x80, 0x3F, 0xFF, 0xE0, 0x01, 0xFF, 0xF8, 0x00, 0x1F,
    0xFC, 0x00, 0x00, 0x38, 0x00, 0x00, 0x00, 0x04, 0x00, 0x00, 0x01, 0xC0,
    0x00, 0x00, 0x7C, 0x00, 0x00, 0x0F, 0x80, 0x00, 0x03, 0xF8, 0x00, 0x00,
    0x7F, 0x00, 0x00, 0x1F, 0xF0, 0x00, 0x03, 0xFF, 0x00, 0x00, 0xF0, 0xE0,
    0x00, 0x1E, 0x1E, 0x00, 0x07, 0xC3, 0xC0, 0x01, 0xF8, 0xFC, 0x00, 0x3F,
    0x1F, 0x80, 0x0F, 0xE3, 0xF8, 0x01, 0xFC, 0x7F, 0x00, 0x7F, 0xFF, 0xF0,
    0x0F, 0xFF, 0xFE, 0x03, 0xFE, 0x3F, 0xE0, 0x7F, 0xC7, 0xFE, 0x1F, 0xF8,
    0xFF, 0xC7, 0xFF, 0x1F, 0xFC, 0xFF, 0xFF, 0xFF, 0x9F, 0xFF, 0xFF, 0xFB,
    0xFF, 0xFF, 0xFE, 0x3F, 0xFF, 0xFF, 0x80, 0x00, 0x1F, 0x00, 0x00, 0x3F,
    0xFE, 0x00, 0x1F, 0xFF, 0xF0, 0x0F, 0xFF, 0xFF, 0x83, 0xF8, 0x03, 0xF8,
    0xFC, 0x1C, 0x0F, 0x9E, 0x3F, 0xF8, 0xF1, 0x9F, 0xFF, 0xC4, 0x07, 0xFF,
    0xFC, 0x01, 0xF8, 0x0F, 0xC0, 0x1C, 0x10, 0x70, 0x00, 0x3F, 0xE0, 0x00,
    0x0F, 0xFE, 0x00, 0x01, 0xFF, 0xC0, 0x00, 0x18, 0x30, 0x00, 0x00, 0x00,
    0x00, 0x00, 0x1F, 0x00, 0x00, 0x01, 0xC0, 0x00, 0x00, 0x10, 0x00, 0x00,
    0x00, 0x00, 0x00, 0x00, 0x00, 0x00, 0x00, 0x00, 0x00, 0x00, 0x00, 0x3F,
    0x80, 0x00, 0x7F, 0xFF, 0x00, 0x3F, 0xFF, 0xF8, 0x0F, 0x80, 0x0F, 0x81,
    0xF0, 0x01, 0xF0, 0x3F, 0xFF, 0xFF, 0x0F, 0xFF, 0xFF, 0xE1, 0xC0, 0x00,
    0x1C, 0x38, 0x00, 0x01, 0x86, 0x00, 0x00, 0x39, 0xC0, 0x00, 0x07, 0x38,
    0x00, 0x00, 0xE7, 0x00, 0x00, 0x1C, 0xE0, 0x00, 0x03, 0x9C, 0x00, 0x00,
    0x3B, 0xFF, 0xFF, 0xFF, 0x7F, 0xFF, 0xFF, 0xEF, 0xFF, 0xFF, 0xFD, 0xFF,
    0xFF, 0xFF, 0xB1, 0xFF, 0xFC, 0x76, 0x1F, 0xFF, 0x0E, 0xC3, 0xFF, 0xE1,
    0xDC, 0xFF, 0xFE, 0x3B, 0xFF, 0xFF, 0xFF, 0x7F, 0xFF, 0xFF, 0xEF, 0xFF,
    0xFF, 0xFC, 0xF8, 0x00, 0x3E, 0x0F, 0x00, 0x07, 0x81, 0xE0, 0x00, 0xF0,
    0x3C, 0x00, 0x1E, 0x03, 0x00, 0x01, 0x80, 0x03, 0xFF, 0xF8, 0x01, 0xFF,
    0xFF, 0xE0, 0xFF, 0xFF, 0xFE, 0x3F, 0xFF, 0xFF, 0xE7, 0xFF, 0xFF, 0xFC,
    0xE0, 0x00, 0x03, 0xDC, 0x00, 0x00, 0x7B, 0x80, 0x00, 0x0F, 0x70, 0x00,
    0x01, 0xEE, 0x00, 0x00, 0x3D, 0xC0, 0x00, 0x07, 0xB8, 0x00, 0x00, 0xF7,
    0x00, 0x00, 0x1E, 0xFF, 0xFF, 0xFF, 0xDF, 0xFF, 0xFF, 0xFB, 0xFF, 0xFF,
    0xFF, 0x7F, 0xFF, 0xFF, 0xEF, 0xFC, 0x1F, 0xFD, 0xFF, 0x83, 0xFF, 0xBF,
    0xE0, 0x3F, 0xF7, 0xFC, 0x07, 0xFE, 0xFF, 0xC1, 0xFF, 0xDF, 0xFC, 0x7F,
    0xF3, 0xFF, 0xFF, 0xFE, 0x3F, 0xFF, 0xFF, 0x81, 0xFF, 0xFF, 0xC0, 0x07,
    0xFF, 0xC0, 0x00, 0xFF, 0xFC, 0x00, 0x3F, 0xFF, 0xC0, 0x0F, 0xFF, 0xFC,
    0x03, 0xFF, 0xFF, 0x80
};

const BitmapGlyph Meslo36Glyphs[] PROGMEM = {
    { 0x0020,     0, 22,  0, 22,   0,   0 },
    { 0x0021,     0, 22, 26, 22,   0, -26 },
    { 0x0022,    72, 22, 27, 22,   0, -27 },
    { 0x0023,   147, 22, 26, 22,   0, -26 },
    { 0x0024,   219, 22, 32, 22,   0, -27 },
    { 0x0025,   307, 22, 25, 22,   0, -25 },
    { 0x0026,   376, 22, 27, 22,   0, -26 },
    { 0x0027,   451, 22, 27, 22,   0, -27 },
    { 0x0028,   526, 22, 32, 22,   0, -29 },
    { 0x0029,   614, 22, 32, 22,   0, -29 },
    { 0x002A,   702, 22, 26, 22,   0, -26 },
    { 0x002B,   774, 22, 20, 22,   0, -20 },
    { 0x002C,   829, 22, 12, 22,   0,  -6 },
    { 0x002D,   862, 22, 13, 22,   0, -13 },
    { 0x002E,   898, 22,  7, 22,   0,  -7 },
    { 0x002F,   918, 22, 30, 22,   0, -26 },
    { 0x0030,  1001, 22, 27, 22,   0, -26 },
    { 0x0031,  1076, 22, 26, 22,   0, -26 },
    { 0x0032,  1148, 22, 26, 22,   0, -26 },
    { 0x0033,  1220, 22, 27, 22,   0, -26 },
    { 0x0034,  1295, 22, 26, 22,   0, -26 },
    { 0x0035,  1367, 22, 27, 22,   0, -26 },
    { 0x0036,  1442, 22, 27, 22,   0, -26 },
    { 0x0037,  1517, 22, 26, 22,   0, -26 },
    { 0x0038,  1589, 22, 27, 22,   0, -26 },
    { 0x0039,  1664, 22, 27, 22,   0, -26 },
    { 0x003A,  1739, 22, 20, 22,   0, -20 },
    { 0x003B,  1794, 22, 24, 22,   0, -20 },
    { 0x003C,  1860, 22, 21, 22,   0, -21 },
    { 0x003D,  1918, 22, 17, 22,   0, -17 },
    { 0x003E,  1965, 22, 21, 22,   0, -21 },
    { 0x003F,  2023, 22, 26, 22,   0, -26 },
    { 0x0040,  2095, 22, 30, 22,   0, -24 },
    { 0x0041,  2178, 22, 26, 22,   0, -26 },
    { 0x0042,  2250, 22, 26, 22,   0, -26 },
    { 0x0043,  2322, 22, 27, 22,   0, -26 },
    { 0x0044,  2397, 22, 26, 22,   0, -26 },
    { 0x0045,  2469, 22, 26, 22,   0, -26 },
    { 0x0046,  2541, 22, 26, 22,   0, -26 },
    { 0x0047,  2613, 22, 27, 22,   0, -26 },
    { 0x0048,  2688, 22, 26, 22,   0, -26 },
    { 0x0049,  2760, 22, 26, 22,   0, -26 },
    { 0x004A,  2832, 22, 27, 22,   0, -26 },
    { 0x004B,  2907, 22, 26, 22,   0, -26 },
    { 0x004C,  2979, 22, 26, 22,   0, -26 },
    { 0x004D,  3051, 22, 26, 22,   0, -26 },
    { 0x004E,  3123, 22, 26, 22,   0, -26 },
    { 0x004F,  3195, 22, 27, 22,   0, -26 },
    { 0x0050,  3270, 22, 26, 22,   0, -26 },
    { 0x0051,  3342, 22, 31, 22,   0, -26 },
    { 0x0052,  3428, 22, 26, 22,   0, -26 },
    { 0x0053,  3500, 22, 27, 22,   0, -26 },
    { 0x0054,  3575, 22, 26, 22,   0, -26 },
    { 0x0055,  3647, 22, 27, 22,   0, -26 },
    { 0x0056,  3722, 22, 26, 22,   0, -26 },
    { 0x0057,  3794, 22, 26, 22,   0, -26 },
    { 0x0058,  3866, 22, 26, 22,   0, -26 },
    { 0x0059,  3938, 22, 26, 22,   0, -26 },
    { 0x005A,  4010, 22, 26, 22,   0, -26 },
    { 0x005B,  4082, 22, 32, 22,   0, -29 },
    { 0x005C,  4170, 22, 30, 22,   0, -26 },
    { 0x005D,  4253, 22, 32, 22,   0, -29 },
    { 0x005E,  4341, 22, 26, 22,   0, -26 },
    { 0x005F,  4413, 22,  6, 22,   0,   0 },
    { 0x0060,  4430, 22, 29, 22,   0, -29 },
    { 0x0061,  4510, 22, 21, 22,   0, -20 },
    { 0x0062,  4568, 22, 28, 22,   0, -27 },
    { 0x0063,  4645, 22, 21, 22,   0, -20 },
    { 0x0064,  4703, 22, 28, 22,   0, -27 },
    { 0x0065,  4780, 22, 21, 22,   0, -20 },
    { 0x0066,  4838, 22, 27, 22,   0, -27 },
    { 0x0067,  4913, 22, 27, 22,   0, -20 },
    { 0x0068,  4988, 22, 27, 22,   0, -27 },
    { 0x0069,  5063, 22, 27, 22,   0, -27 },
    { 0x006A,  5138, 22, 34, 22,   0, -27 },
    { 0x006B,  5232, 22, 27, 22,   0, -27 },
    { 0x006C,  5307, 22, 27, 22,   0, -27 },
    { 0x006D,  5382, 22, 20, 22,   0, -20 },
    { 0x006E,  5437, 22, 20, 22,   0, -20 },
    { 0x006F,  5492, 22, 21, 22,   0, -20 },
    { 0x0070,  5550, 22, 27, 22,   0, -20 },
    { 0x0071,  5625, 22, 27, 22,   0, -20 },
    { 0x0072,  5700, 22, 20, 22,   0, -20 },
    { 0x0073,  5755, 22, 21, 22,   0, -20 },
    { 0x0074,  5813, 22, 25, 22,   0, -25 },
    { 0x0075,  5882, 22, 21, 22,   0, -20 },
    { 0x0076,  5940, 22, 20, 22,   0, -20 },
    { 0x0077,  5995, 22, 20, 22,   0, -20 },
    { 0x0078,  6050, 22, 20, 22,   0, -20 },
    { 0x0079,  6105, 22, 27, 22,   0, -20 },
    { 0x007A,  6180, 22, 20, 22,   0, -20 },
    { 0x007B,  6235, 22, 33, 22,   0, -30 },
    { 0x007C,  6326, 22, 36, 22,   0, -27 },
    { 0x007D,  6425, 22, 33, 22,   0, -30 },
    { 0x007E,  6516, 22, 16, 22,   0, -16 },
    { 0x00C4,  6560, 22, 32, 22,   0, -32 },
    { 0x00D6,  6648, 22, 33, 22,   0, -32 },
    { 0x00DC,  6739, 22, 33, 22,   0, -32 },
    { 0x00DF,  6830, 22, 28, 22,   0, -27 },
    { 0x00E4,  6907, 22, 28, 22,   0, -27 },
    { 0x00F6,  6984, 22, 28, 22,   0, -27 },
    { 0x00FC,  7061, 22, 28, 22,   0, -27 },
    { 0xF017,  7138, 27, 27, 22,  -2, -26 },
    { 0xF071,  7230, 27, 25, 22,  -2, -25 },
    { 0xF1EB,  7315, 27, 22, 22,  -2, -22 },
    { 0xF207,  7390, 27, 31, 22,  -2, -28 },
    { 0xF238,  7495, 27, 31, 22,  -2, -28 }
};

const BitmapFont Meslo36 = {
    Meslo36Bitmaps,
    Meslo36Glyphs,
    107,
    47,
    36
};

constexpr uint8_t Meslo36CoverageThreshold = 118;
