#pragma once

#include <Arduino.h>

#include "BitmapFont.h"

// Generated from native Spleen BDF strikes and monochrome Noto Emoji.
// Subset: ASCII, German glyphs, arrows, box drawing, Powerline, weather.
// Noto Emoji weight 600, 1-bit threshold 96.
// spleen-8x16.bdf SHA-256: b38b32a66920068965a3101f98071d310c5c74659fe86e55d346140770f8f6e8
// spleen-12x24.bdf SHA-256: ab7f434db312de6700e55ee7f174ebd0bd57fef16f7a15bc9ac9478fb26f2cd1
// spleen-16x32.bdf SHA-256: d9195a94badfe33f4bba4b68b8d711c031c28524ddcdebd095717be7ce98de7a
// Noto Emoji SHA-256: de6c18832938afc99caf132b39d6a30a19bac7f2e812e28db2535b4608d27551

const uint8_t Spleen8x16Bitmaps[] PROGMEM = {
    0x00, 0x00, 0x00, 0x00, 0x00, 0x00, 0x00, 0x00, 0x00, 0x00, 0x00, 0x00,
    0x00, 0x00, 0x00, 0x00, 0x00, 0x00, 0x18, 0x18, 0x18, 0x18, 0x18, 0x18,
    0x18, 0x00, 0x18, 0x18, 0x00, 0x00, 0x00, 0x00, 0x00, 0x66, 0x66, 0x66,
    0x66, 0x00, 0x00, 0x00, 0x00, 0x00, 0x00, 0x00, 0x00, 0x00, 0x00, 0x00,
    0x00, 0x00, 0x6C, 0x6C, 0xFE, 0x6C, 0x6C, 0x6C, 0x6C, 0xFE, 0x6C, 0x6C,
    0x00, 0x00, 0x00, 0x00, 0x00, 0x10, 0x7E, 0xD0, 0xD0, 0xD0, 0x7C, 0x16,
    0x16, 0x16, 0x16, 0xFC, 0x10, 0x00, 0x00, 0x00, 0x00, 0x00, 0x06, 0x66,
    0x6C, 0x0C, 0x18, 0x18, 0x30, 0x36, 0x66, 0x60, 0x00, 0x00, 0x00, 0x00,
    0x00, 0x00, 0x38, 0x6C, 0x6C, 0x6C, 0x38, 0x70, 0xDA, 0xCC, 0xCC, 0x7A,
    0x00, 0x00, 0x00, 0x00, 0x00, 0x18, 0x18, 0x18, 0x18, 0x00, 0x00, 0x00,
    0x00, 0x00, 0x00, 0x00, 0x00, 0x00, 0x00, 0x00, 0x00, 0x0E, 0x18, 0x30,
    0x30, 0x60, 0x60, 0x60, 0x60, 0x30, 0x30, 0x18, 0x0E, 0x00, 0x00, 0x00,
    0x00, 0x70, 0x18, 0x0C, 0x0C, 0x06, 0x06, 0x06, 0x06, 0x0C, 0x0C, 0x18,
    0x70, 0x00, 0x00, 0x00, 0x00, 0x00, 0x00, 0x00, 0x66, 0x3C, 0x18, 0xFF,
    0x18, 0x3C, 0x66, 0x00, 0x00, 0x00, 0x00, 0x00, 0x00, 0x00, 0x00, 0x00,
    0x00, 0x18, 0x18, 0x7E, 0x18, 0x18, 0x00, 0x00, 0x00, 0x00, 0x00, 0x00,
    0x00, 0x00, 0x00, 0x00, 0x00, 0x00, 0x00, 0x00, 0x00, 0x00, 0x18, 0x18,
    0x30, 0x00, 0x00, 0x00, 0x00, 0x00, 0x00, 0x00, 0x00, 0x00, 0x00, 0x7E,
    0x00, 0x00, 0x00, 0x00, 0x00, 0x00, 0x00, 0x00, 0x00, 0x00, 0x00, 0x00,
    0x00, 0x00, 0x00, 0x00, 0x00, 0x00, 0x18, 0x18, 0x00, 0x00, 0x00, 0x00,
    0x00, 0x06, 0x06, 0x0C, 0x0C, 0x18, 0x18, 0x30, 0x30, 0x60, 0x60, 0xC0,
    0xC0, 0x00, 0x00, 0x00, 0x00, 0x00, 0x7C, 0xC6, 0xC6, 0xCE, 0xDE, 0xF6,
    0xE6, 0xC6, 0xC6, 0x7C, 0x00, 0x00, 0x00, 0x00, 0x00, 0x00, 0x18, 0x38,
    0x78, 0x58, 0x18, 0x18, 0x18, 0x18, 0x18, 0x7E, 0x00, 0x00, 0x00, 0x00,
    0x00, 0x00, 0x7C, 0xC6, 0x06, 0x06, 0x0C, 0x18, 0x30, 0x60, 0xC6, 0xFE,
    0x00, 0x00, 0x00, 0x00, 0x00, 0x00, 0x7C, 0xC6, 0x06, 0x06, 0x3C, 0x06,
    0x06, 0x06, 0xC6, 0x7C, 0x00, 0x00, 0x00, 0x00, 0x00, 0x00, 0xC0, 0xC0,
    0xCC, 0xCC, 0xCC, 0xCC, 0xFE, 0x0C, 0x0C, 0x0C, 0x00, 0x00, 0x00, 0x00,
    0x00, 0x00, 0xFE, 0xC6, 0xC0, 0xC0, 0xFC, 0x06, 0x06, 0x06, 0xC6, 0x7C,
    0x00, 0x00, 0x00, 0x00, 0x00, 0x00, 0x7C, 0xC6, 0xC0, 0xC0, 0xFC, 0xC6,
    0xC6, 0xC6, 0xC6, 0x7C, 0x00, 0x00, 0x00, 0x00, 0x00, 0x00, 0xFE, 0xC6,
    0x06, 0x06, 0x0C, 0x18, 0x30, 0x30, 0x30, 0x30, 0x00, 0x00, 0x00, 0x00,
    0x00, 0x00, 0x7C, 0xC6, 0xC6, 0xC6, 0x7C, 0xC6, 0xC6, 0xC6, 0xC6, 0x7C,
    0x00, 0x00, 0x00, 0x00, 0x00, 0x00, 0x7C, 0xC6, 0xC6, 0xC6, 0xC6, 0x7E,
    0x06, 0x06, 0xC6, 0x7C, 0x00, 0x00, 0x00, 0x00, 0x00, 0x00, 0x00, 0x00,
    0x00, 0x18, 0x18, 0x00, 0x00, 0x00, 0x18, 0x18, 0x00, 0x00, 0x00, 0x00,
    0x00, 0x00, 0x00, 0x00, 0x00, 0x18, 0x18, 0x00, 0x00, 0x00, 0x18, 0x18,
    0x30, 0x00, 0x00, 0x00, 0x00, 0x00, 0x06, 0x0C, 0x18, 0x30, 0x60, 0x60,
    0x30, 0x18, 0x0C, 0x06, 0x00, 0x00, 0x00, 0x00, 0x00, 0x00, 0x00, 0x00,
    0x00, 0x7E, 0x00, 0x00, 0x7E, 0x00, 0x00, 0x00, 0x00, 0x00, 0x00, 0x00,
    0x00, 0x00, 0x60, 0x30, 0x18, 0x0C, 0x06, 0x06, 0x0C, 0x18, 0x30, 0x60,
    0x00, 0x00, 0x00, 0x00, 0x00, 0x00, 0x7C, 0xC6, 0x06, 0x0C, 0x18, 0x30,
    0x30, 0x00, 0x30, 0x30, 0x00, 0x00, 0x00, 0x00, 0x00, 0x00, 0x00, 0x7C,
    0xC2, 0xDA, 0xDA, 0xDA, 0xDA, 0xDE, 0xC0, 0x7C, 0x00, 0x00, 0x00, 0x00,
    0x00, 0x00, 0x7C, 0xC6, 0xC6, 0xC6, 0xFE, 0xC6, 0xC6, 0xC6, 0xC6, 0xC6,
    0x00, 0x00, 0x00, 0x00, 0x00, 0x00, 0xFC, 0xC6, 0xC6, 0xC6, 0xFC, 0xC6,
    0xC6, 0xC6, 0xC6, 0xFC, 0x00, 0x00, 0x00, 0x00, 0x00, 0x00, 0x7E, 0xC0,
    0xC0, 0xC0, 0xC0, 0xC0, 0xC0, 0xC0, 0xC0, 0x7E, 0x00, 0x00, 0x00, 0x00,
    0x00, 0x00, 0xFC, 0xC6, 0xC6, 0xC6, 0xC6, 0xC6, 0xC6, 0xC6, 0xC6, 0xFC,
    0x00, 0x00, 0x00, 0x00, 0x00, 0x00, 0x7E, 0xC0, 0xC0, 0xC0, 0xF8, 0xC0,
    0xC0, 0xC0, 0xC0, 0x7E, 0x00, 0x00, 0x00, 0x00, 0x00, 0x00, 0x7E, 0xC0,
    0xC0, 0xC0, 0xF8, 0xC0, 0xC0, 0xC0, 0xC0, 0xC0, 0x00, 0x00, 0x00, 0x00,
    0x00, 0x00, 0x7E, 0xC0, 0xC0, 0xC0, 0xDE, 0xC6, 0xC6, 0xC6, 0xC6, 0x7E,
    0x00, 0x00, 0x00, 0x00, 0x00, 0x00, 0xC6, 0xC6, 0xC6, 0xC6, 0xFE, 0xC6,
    0xC6, 0xC6, 0xC6, 0xC6, 0x00, 0x00, 0x00, 0x00, 0x00, 0x00, 0x7E, 0x18,
    0x18, 0x18, 0x18, 0x18, 0x18, 0x18, 0x18, 0x7E, 0x00, 0x00, 0x00, 0x00,
    0x00, 0x00, 0x7E, 0x18, 0x18, 0x18, 0x18, 0x18, 0x18, 0x18, 0x18, 0xF0,
    0x00, 0x00, 0x00, 0x00, 0x00, 0x00, 0xC6, 0xC6, 0xC6, 0xCC, 0xF8, 0xCC,
    0xC6, 0xC6, 0xC6, 0xC6, 0x00, 0x00, 0x00, 0x00, 0x00, 0x00, 0xC0, 0xC0,
    0xC0, 0xC0, 0xC0, 0xC0, 0xC0, 0xC0, 0xC0, 0x7E, 0x00, 0x00, 0x00, 0x00,
    0x00, 0x00, 0xC6, 0xEE, 0xFE, 0xD6, 0xC6, 0xC6, 0xC6, 0xC6, 0xC6, 0xC6,
    0x00, 0x00, 0x00, 0x00, 0x00, 0x00, 0xC6, 0xC6, 0xE6, 0xE6, 0xD6, 0xD6,
    0xCE, 0xCE, 0xC6, 0xC6, 0x00, 0x00, 0x00, 0x00, 0x00, 0x00, 0x7C, 0xC6,
    0xC6, 0xC6, 0xC6, 0xC6, 0xC6, 0xC6, 0xC6, 0x7C, 0x00, 0x00, 0x00, 0x00,
    0x00, 0x00, 0xFC, 0xC6, 0xC6, 0xC6, 0xFC, 0xC0, 0xC0, 0xC0, 0xC0, 0xC0,
    0x00, 0x00, 0x00, 0x00, 0x00, 0x00, 0x7C, 0xC6, 0xC6, 0xC6, 0xC6, 0xC6,
    0xC6, 0xD6, 0xD6, 0x7C, 0x18, 0x0C, 0x00, 0x00, 0x00, 0x00, 0xFC, 0xC6,
    0xC6, 0xC6, 0xFC, 0xC6, 0xC6, 0xC6, 0xC6, 0xC6, 0x00, 0x00, 0x00, 0x00,
    0x00, 0x00, 0x7E, 0xC0, 0xC0, 0xC0, 0x7C, 0x06, 0x06, 0x06, 0x06, 0xFC,
    0x00, 0x00, 0x00, 0x00, 0x00, 0x00, 0xFF, 0x18, 0x18, 0x18, 0x18, 0x18,
    0x18, 0x18, 0x18, 0x18, 0x00, 0x00, 0x00, 0x00, 0x00, 0x00, 0xC6, 0xC6,
    0xC6, 0xC6, 0xC6, 0xC6, 0xC6, 0xC6, 0xC6, 0x7E, 0x00, 0x00, 0x00, 0x00,
    0x00, 0x00, 0xC6, 0xC6, 0xC6, 0xC6, 0xC6, 0xC6, 0xC6, 0x6C, 0x38, 0x10,
    0x00, 0x00, 0x00, 0x00, 0x00, 0x00, 0xC6, 0xC6, 0xC6, 0xC6, 0xC6, 0xC6,
    0xD6, 0xFE, 0xEE, 0xC6, 0x00, 0x00, 0x00, 0x00, 0x00, 0x00, 0xC6, 0xC6,
    0xC6, 0x6C, 0x38, 0x6C, 0xC6, 0xC6, 0xC6, 0xC6, 0x00, 0x00, 0x00, 0x00,
    0x00, 0x00, 0xC6, 0xC6, 0xC6, 0xC6, 0x7E, 0x06, 0x06, 0x06, 0x06, 0xFC,
    0x00, 0x00, 0x00, 0x00, 0x00, 0x00, 0xFE, 0x06, 0x06, 0x0C, 0x18, 0x30,
    0x60, 0xC0, 0xC0, 0xFE, 0x00, 0x00, 0x00, 0x00, 0x00, 0x3E, 0x30, 0x30,
    0x30, 0x30, 0x30, 0x30, 0x30, 0x30, 0x30, 0x30, 0x3E, 0x00, 0x00, 0x00,
    0x00, 0xC0, 0xC0, 0x60, 0x60, 0x30, 0x30, 0x18, 0x18, 0x0C, 0x0C, 0x06,
    0x06, 0x00, 0x00, 0x00, 0x00, 0x7C, 0x0C, 0x0C, 0x0C, 0x0C, 0x0C, 0x0C,
    0x0C, 0x0C, 0x0C, 0x0C, 0x7C, 0x00, 0x00, 0x00, 0x00, 0x10, 0x38, 0x6C,
    0xC6, 0x00, 0x00, 0x00, 0x00, 0x00, 0x00, 0x00, 0x00, 0x00, 0x00, 0x00,
    0x00, 0x00, 0x00, 0x00, 0x00, 0x00, 0x00, 0x00, 0x00, 0x00, 0x00, 0x00,
    0x00, 0x00, 0xFE, 0x00, 0x00, 0x30, 0x18, 0x0C, 0x00, 0x00, 0x00, 0x00,
    0x00, 0x00, 0x00, 0x00, 0x00, 0x00, 0x00, 0x00, 0x00, 0x00, 0x00, 0x00,
    0x00, 0x7C, 0x06, 0x7E, 0xC6, 0xC6, 0xC6, 0x7E, 0x00, 0x00, 0x00, 0x00,
    0x00, 0x00, 0xC0, 0xC0, 0xC0, 0xFC, 0xC6, 0xC6, 0xC6, 0xC6, 0xC6, 0xFC,
    0x00, 0x00, 0x00, 0x00, 0x00, 0x00, 0x00, 0x00, 0x00, 0x7E, 0xC0, 0xC0,
    0xC0, 0xC0, 0xC0, 0x7E, 0x00, 0x00, 0x00, 0x00, 0x00, 0x00, 0x06, 0x06,
    0x06, 0x7E, 0xC6, 0xC6, 0xC6, 0xC6, 0xC6, 0x7E, 0x00, 0x00, 0x00, 0x00,
    0x00, 0x00, 0x00, 0x00, 0x00, 0x7E, 0xC6, 0xC6, 0xFE, 0xC0, 0xC0, 0x7E,
    0x00, 0x00, 0x00, 0x00, 0x00, 0x00, 0x1E, 0x30, 0x30, 0x30, 0x7C, 0x30,
    0x30, 0x30, 0x30, 0x30, 0x00, 0x00, 0x00, 0x00, 0x00, 0x00, 0x00, 0x00,
    0x00, 0x7E, 0xC6, 0xC6, 0xC6, 0xC6, 0xC6, 0x7C, 0x06, 0x06, 0xFC, 0x00,
    0x00, 0x00, 0xC0, 0xC0, 0xC0, 0xFC, 0xC6, 0xC6, 0xC6, 0xC6, 0xC6, 0xC6,
    0x00, 0x00, 0x00, 0x00, 0x00, 0x00, 0x18, 0x18, 0x00, 0x38, 0x18, 0x18,
    0x18, 0x18, 0x18, 0x1C, 0x00, 0x00, 0x00, 0x00, 0x00, 0x00, 0x18, 0x18,
    0x00, 0x18, 0x18, 0x18, 0x18, 0x18, 0x18, 0x18, 0x18, 0x18, 0x70, 0x00,
    0x00, 0x00, 0xC0, 0xC0, 0xC0, 0xCC, 0xD8, 0xF0, 0xF0, 0xD8, 0xCC, 0xC6,
    0x00, 0x00, 0x00, 0x00, 0x00, 0x00, 0x30, 0x30, 0x30, 0x30, 0x30, 0x30,
    0x30, 0x30, 0x30, 0x1C, 0x00, 0x00, 0x00, 0x00, 0x00, 0x00, 0x00, 0x00,
    0x00, 0xEC, 0xD6, 0xD6, 0xD6, 0xD6, 0xC6, 0xC6, 0x00, 0x00, 0x00, 0x00,
    0x00, 0x00, 0x00, 0x00, 0x00, 0xFC, 0xC6, 0xC6, 0xC6, 0xC6, 0xC6, 0xC6,
    0x00, 0x00, 0x00, 0x00, 0x00, 0x00, 0x00, 0x00, 0x00, 0x7C, 0xC6, 0xC6,
    0xC6, 0xC6, 0xC6, 0x7C, 0x00, 0x00, 0x00, 0x00, 0x00, 0x00, 0x00, 0x00,
    0x00, 0xFC, 0xC6, 0xC6, 0xC6, 0xC6, 0xC6, 0xFC, 0xC0, 0xC0, 0xC0, 0x00,
    0x00, 0x00, 0x00, 0x00, 0x00, 0x7E, 0xC6, 0xC6, 0xC6, 0xC6, 0xC6, 0x7E,
    0x06, 0x06, 0x06, 0x00, 0x00, 0x00, 0x00, 0x00, 0x00, 0x7E, 0xC6, 0xC0,
    0xC0, 0xC0, 0xC0, 0xC0, 0x00, 0x00, 0x00, 0x00, 0x00, 0x00, 0x00, 0x00,
    0x00, 0x7E, 0xC0, 0xC0, 0x7C, 0x06, 0x06, 0xFC, 0x00, 0x00, 0x00, 0x00,
    0x00, 0x00, 0x30, 0x30, 0x30, 0x7C, 0x30, 0x30, 0x30, 0x30, 0x30, 0x1E,
    0x00, 0x00, 0x00, 0x00, 0x00, 0x00, 0x00, 0x00, 0x00, 0xC6, 0xC6, 0xC6,
    0xC6, 0xC6, 0xC6, 0x7E, 0x00, 0x00, 0x00, 0x00, 0x00, 0x00, 0x00, 0x00,
    0x00, 0xC6, 0xC6, 0xC6, 0xC6, 0x6C, 0x38, 0x10, 0x00, 0x00, 0x00, 0x00,
    0x00, 0x00, 0x00, 0x00, 0x00, 0xC6, 0xC6, 0xD6, 0xD6, 0xD6, 0xD6, 0x6E,
    0x00, 0x00, 0x00, 0x00, 0x00, 0x00, 0x00, 0x00, 0x00, 0xC6, 0x6C, 0x38,
    0x38, 0x6C, 0xC6, 0xC6, 0x00, 0x00, 0x00, 0x00, 0x00, 0x00, 0x00, 0x00,
    0x00, 0xC6, 0xC6, 0xC6, 0xC6, 0xC6, 0xC6, 0x7E, 0x06, 0x06, 0xFC, 0x00,
    0x00, 0x00, 0x00, 0x00, 0x00, 0xFE, 0x06, 0x0C, 0x18, 0x30, 0x60, 0xFE,
    0x00, 0x00, 0x00, 0x00, 0x00, 0x0E, 0x18, 0x18, 0x18, 0x18, 0x70, 0x70,
    0x18, 0x18, 0x18, 0x18, 0x0E, 0x00, 0x00, 0x00, 0x00, 0x18, 0x18, 0x18,
    0x18, 0x18, 0x18, 0x18, 0x18, 0x18, 0x18, 0x18, 0x18, 0x00, 0x00, 0x00,
    0x00, 0x70, 0x18, 0x18, 0x18, 0x18, 0x0E, 0x0E, 0x18, 0x18, 0x18, 0x18,
    0x70, 0x00, 0x00, 0x00, 0x00, 0x00, 0x00, 0x00, 0x00, 0x00, 0x32, 0x7E,
    0x4C, 0x00, 0x00, 0x00, 0x00, 0x00, 0x00, 0x00, 0x00, 0x38, 0x6C, 0x6C,
    0x38, 0x00, 0x00, 0x00, 0x00, 0x00, 0x00, 0x00, 0x00, 0x00, 0x00, 0x00,
    0x6C, 0x6C, 0x00, 0x7C, 0xC6, 0xC6, 0xC6, 0xFE, 0xC6, 0xC6, 0xC6, 0xC6,
    0x00, 0x00, 0x00, 0x00, 0x6C, 0x6C, 0x00, 0x7C, 0xC6, 0xC6, 0xC6, 0xC6,
    0xC6, 0xC6, 0xC6, 0x7C, 0x00, 0x00, 0x00, 0x00, 0x6C, 0x6C, 0x00, 0xC6,
    0xC6, 0xC6, 0xC6, 0xC6, 0xC6, 0xC6, 0xC6, 0x7E, 0x00, 0x00, 0x00, 0x00,
    0x00, 0x00, 0x78, 0xCC, 0xCC, 0xCC, 0xD8, 0xCC, 0xC6, 0xC6, 0xD6, 0xDC,
    0x00, 0x00, 0x00, 0x00, 0x00, 0x00, 0x6C, 0x6C, 0x00, 0x7C, 0x06, 0x7E,
    0xC6, 0xC6, 0xC6, 0x7E, 0x00, 0x00, 0x00, 0x00, 0x00, 0x00, 0x6C, 0x6C,
    0x00, 0x7C, 0xC6, 0xC6, 0xC6, 0xC6, 0xC6, 0x7C, 0x00, 0x00, 0x00, 0x00,
    0x00, 0x00, 0x6C, 0x6C, 0x00, 0xC6, 0xC6, 0xC6, 0xC6, 0xC6, 0xC6, 0x7E,
    0x00, 0x00, 0x00, 0x00, 0x00, 0x00, 0x00, 0x00, 0x00, 0x20, 0x40, 0xFE,
    0x40, 0x20, 0x00, 0x00, 0x00, 0x00, 0x00, 0x00, 0x00, 0x00, 0x18, 0x3C,
    0x5A, 0x18, 0x18, 0x18, 0x18, 0x18, 0x18, 0x18, 0x00, 0x00, 0x00, 0x00,
    0x00, 0x00, 0x00, 0x00, 0x00, 0x08, 0x04, 0xFE, 0x04, 0x08, 0x00, 0x00,
    0x00, 0x00, 0x00, 0x00, 0x00, 0x00, 0x18, 0x18, 0x18, 0x18, 0x18, 0x18,
    0x18, 0x5A, 0x3C, 0x18, 0x00, 0x00, 0x00, 0x00, 0x00, 0x00, 0x00, 0x00,
    0x00, 0x00, 0x00, 0xFF, 0x00, 0x00, 0x00, 0x00, 0x00, 0x00, 0x00, 0x00,
    0x18, 0x18, 0x18, 0x18, 0x18, 0x18, 0x18, 0x18, 0x18, 0x18, 0x18, 0x18,
    0x18, 0x18, 0x18, 0x18, 0x00, 0x00, 0x00, 0x00, 0x00, 0x00, 0x00, 0x1F,
    0x18, 0x18, 0x18, 0x18, 0x18, 0x18, 0x18, 0x18, 0x00, 0x00, 0x00, 0x00,
    0x00, 0x00, 0x00, 0xF8, 0x18, 0x18, 0x18, 0x18, 0x18, 0x18, 0x18, 0x18,
    0x18, 0x18, 0x18, 0x18, 0x18, 0x18, 0x18, 0x1F, 0x00, 0x00, 0x00, 0x00,
    0x00, 0x00, 0x00, 0x00, 0x18, 0x18, 0x18, 0x18, 0x18, 0x18, 0x18, 0xF8,
    0x00, 0x00, 0x00, 0x00, 0x00, 0x00, 0x00, 0x00, 0x00, 0x00, 0xC0, 0xCC,
    0xDE, 0xCC, 0xCC, 0xCC, 0x98, 0x30, 0x60, 0xC0, 0xC0, 0xC0, 0x00, 0x00,
    0x80, 0xC0, 0xE0, 0xF0, 0xF8, 0xFC, 0xFE, 0xFF, 0xFF, 0xFE, 0xFC, 0xF8,
    0xF0, 0xE0, 0xC0, 0x80, 0x80, 0xC0, 0x60, 0x30, 0x18, 0x0C, 0x06, 0x03,
    0x03, 0x06, 0x0C, 0x18, 0x30, 0x60, 0xC0, 0x80, 0x01, 0x03, 0x07, 0x0F,
    0x1F, 0x3F, 0x7F, 0xFF, 0xFF, 0x7F, 0x3F, 0x1F, 0x0F, 0x07, 0x03, 0x01,
    0x01, 0x03, 0x06, 0x0C, 0x18, 0x30, 0x60, 0xC0, 0xC0, 0x60, 0x30, 0x18,
    0x0C, 0x06, 0x03, 0x01, 0x00, 0x00, 0x01, 0x80, 0x02, 0x40, 0x02, 0x40,
    0x03, 0x40, 0x02, 0x40, 0x03, 0x40, 0x03, 0xC0, 0x03, 0xC0, 0x03, 0xC0,
    0x05, 0xA0, 0x07, 0xE0, 0x07, 0xE0, 0x07, 0xE0, 0x03, 0xC0, 0x00, 0x00,
    0x00, 0x00, 0x00, 0xC0, 0x08, 0xC0, 0x0F, 0xC0, 0x0F, 0xFC, 0x0C, 0x38,
    0x78, 0x18, 0x78, 0x18, 0x18, 0x1E, 0x18, 0x1E, 0x3C, 0x30, 0x3F, 0xF0,
    0x03, 0xF0, 0x03, 0x10, 0x03, 0x00, 0x00, 0x00, 0x00, 0x00, 0x00, 0x00,
    0x00, 0x00, 0x01, 0xF0, 0x03, 0x18, 0x06, 0x08, 0x0B, 0x08, 0x11, 0x0C,
    0x60, 0x02, 0x40, 0x02, 0x40, 0x02, 0x3C, 0x0C, 0x03, 0xF0, 0x00, 0x00,
    0x00, 0x00, 0x00, 0x00, 0x00, 0x00, 0x01, 0xF0, 0x03, 0x18, 0x06, 0x08,
    0x0B, 0x08, 0x11, 0x0C, 0x70, 0x06, 0x40, 0x02, 0x40, 0x06, 0x3F, 0xFC,
    0x10, 0x88, 0x11, 0x88, 0x10, 0x08, 0x04, 0x60, 0x04, 0x40, 0x00, 0x00,
    0x00, 0x00, 0x02, 0x40, 0x03, 0xC0, 0x1F, 0xF8, 0x18, 0x18, 0x10, 0x08,
    0x72, 0x4E, 0x30, 0x8C, 0x30, 0x8C, 0x71, 0x8E, 0x10, 0x08, 0x18, 0x18,
    0x1F, 0xF8, 0x03, 0xC0, 0x02, 0x40, 0x00, 0x00, 0x00, 0x00, 0x00, 0x10,
    0x00, 0x18, 0x00, 0x14, 0x00, 0x16, 0x00, 0x12, 0x00, 0x12, 0x00, 0x12,
    0x00, 0x32, 0x00, 0x22, 0x40, 0xC6, 0x7F, 0x84, 0x30, 0x08, 0x18, 0x30,
    0x07, 0xE0, 0x00, 0x00
};

const BitmapGlyph Spleen8x16Glyphs[] PROGMEM = {
    { 0x0020,     0,  8, 16,  8,   0, -12 },
    { 0x0021,    16,  8, 16,  8,   0, -12 },
    { 0x0022,    32,  8, 16,  8,   0, -12 },
    { 0x0023,    48,  8, 16,  8,   0, -12 },
    { 0x0024,    64,  8, 16,  8,   0, -12 },
    { 0x0025,    80,  8, 16,  8,   0, -12 },
    { 0x0026,    96,  8, 16,  8,   0, -12 },
    { 0x0027,   112,  8, 16,  8,   0, -12 },
    { 0x0028,   128,  8, 16,  8,   0, -12 },
    { 0x0029,   144,  8, 16,  8,   0, -12 },
    { 0x002A,   160,  8, 16,  8,   0, -12 },
    { 0x002B,   176,  8, 16,  8,   0, -12 },
    { 0x002C,   192,  8, 16,  8,   0, -12 },
    { 0x002D,   208,  8, 16,  8,   0, -12 },
    { 0x002E,   224,  8, 16,  8,   0, -12 },
    { 0x002F,   240,  8, 16,  8,   0, -12 },
    { 0x0030,   256,  8, 16,  8,   0, -12 },
    { 0x0031,   272,  8, 16,  8,   0, -12 },
    { 0x0032,   288,  8, 16,  8,   0, -12 },
    { 0x0033,   304,  8, 16,  8,   0, -12 },
    { 0x0034,   320,  8, 16,  8,   0, -12 },
    { 0x0035,   336,  8, 16,  8,   0, -12 },
    { 0x0036,   352,  8, 16,  8,   0, -12 },
    { 0x0037,   368,  8, 16,  8,   0, -12 },
    { 0x0038,   384,  8, 16,  8,   0, -12 },
    { 0x0039,   400,  8, 16,  8,   0, -12 },
    { 0x003A,   416,  8, 16,  8,   0, -12 },
    { 0x003B,   432,  8, 16,  8,   0, -12 },
    { 0x003C,   448,  8, 16,  8,   0, -12 },
    { 0x003D,   464,  8, 16,  8,   0, -12 },
    { 0x003E,   480,  8, 16,  8,   0, -12 },
    { 0x003F,   496,  8, 16,  8,   0, -12 },
    { 0x0040,   512,  8, 16,  8,   0, -12 },
    { 0x0041,   528,  8, 16,  8,   0, -12 },
    { 0x0042,   544,  8, 16,  8,   0, -12 },
    { 0x0043,   560,  8, 16,  8,   0, -12 },
    { 0x0044,   576,  8, 16,  8,   0, -12 },
    { 0x0045,   592,  8, 16,  8,   0, -12 },
    { 0x0046,   608,  8, 16,  8,   0, -12 },
    { 0x0047,   624,  8, 16,  8,   0, -12 },
    { 0x0048,   640,  8, 16,  8,   0, -12 },
    { 0x0049,   656,  8, 16,  8,   0, -12 },
    { 0x004A,   672,  8, 16,  8,   0, -12 },
    { 0x004B,   688,  8, 16,  8,   0, -12 },
    { 0x004C,   704,  8, 16,  8,   0, -12 },
    { 0x004D,   720,  8, 16,  8,   0, -12 },
    { 0x004E,   736,  8, 16,  8,   0, -12 },
    { 0x004F,   752,  8, 16,  8,   0, -12 },
    { 0x0050,   768,  8, 16,  8,   0, -12 },
    { 0x0051,   784,  8, 16,  8,   0, -12 },
    { 0x0052,   800,  8, 16,  8,   0, -12 },
    { 0x0053,   816,  8, 16,  8,   0, -12 },
    { 0x0054,   832,  8, 16,  8,   0, -12 },
    { 0x0055,   848,  8, 16,  8,   0, -12 },
    { 0x0056,   864,  8, 16,  8,   0, -12 },
    { 0x0057,   880,  8, 16,  8,   0, -12 },
    { 0x0058,   896,  8, 16,  8,   0, -12 },
    { 0x0059,   912,  8, 16,  8,   0, -12 },
    { 0x005A,   928,  8, 16,  8,   0, -12 },
    { 0x005B,   944,  8, 16,  8,   0, -12 },
    { 0x005C,   960,  8, 16,  8,   0, -12 },
    { 0x005D,   976,  8, 16,  8,   0, -12 },
    { 0x005E,   992,  8, 16,  8,   0, -12 },
    { 0x005F,  1008,  8, 16,  8,   0, -12 },
    { 0x0060,  1024,  8, 16,  8,   0, -12 },
    { 0x0061,  1040,  8, 16,  8,   0, -12 },
    { 0x0062,  1056,  8, 16,  8,   0, -12 },
    { 0x0063,  1072,  8, 16,  8,   0, -12 },
    { 0x0064,  1088,  8, 16,  8,   0, -12 },
    { 0x0065,  1104,  8, 16,  8,   0, -12 },
    { 0x0066,  1120,  8, 16,  8,   0, -12 },
    { 0x0067,  1136,  8, 16,  8,   0, -12 },
    { 0x0068,  1152,  8, 16,  8,   0, -12 },
    { 0x0069,  1168,  8, 16,  8,   0, -12 },
    { 0x006A,  1184,  8, 16,  8,   0, -12 },
    { 0x006B,  1200,  8, 16,  8,   0, -12 },
    { 0x006C,  1216,  8, 16,  8,   0, -12 },
    { 0x006D,  1232,  8, 16,  8,   0, -12 },
    { 0x006E,  1248,  8, 16,  8,   0, -12 },
    { 0x006F,  1264,  8, 16,  8,   0, -12 },
    { 0x0070,  1280,  8, 16,  8,   0, -12 },
    { 0x0071,  1296,  8, 16,  8,   0, -12 },
    { 0x0072,  1312,  8, 16,  8,   0, -12 },
    { 0x0073,  1328,  8, 16,  8,   0, -12 },
    { 0x0074,  1344,  8, 16,  8,   0, -12 },
    { 0x0075,  1360,  8, 16,  8,   0, -12 },
    { 0x0076,  1376,  8, 16,  8,   0, -12 },
    { 0x0077,  1392,  8, 16,  8,   0, -12 },
    { 0x0078,  1408,  8, 16,  8,   0, -12 },
    { 0x0079,  1424,  8, 16,  8,   0, -12 },
    { 0x007A,  1440,  8, 16,  8,   0, -12 },
    { 0x007B,  1456,  8, 16,  8,   0, -12 },
    { 0x007C,  1472,  8, 16,  8,   0, -12 },
    { 0x007D,  1488,  8, 16,  8,   0, -12 },
    { 0x007E,  1504,  8, 16,  8,   0, -12 },
    { 0x00B0,  1520,  8, 16,  8,   0, -12 },
    { 0x00C4,  1536,  8, 16,  8,   0, -12 },
    { 0x00D6,  1552,  8, 16,  8,   0, -12 },
    { 0x00DC,  1568,  8, 16,  8,   0, -12 },
    { 0x00DF,  1584,  8, 16,  8,   0, -12 },
    { 0x00E4,  1600,  8, 16,  8,   0, -12 },
    { 0x00F6,  1616,  8, 16,  8,   0, -12 },
    { 0x00FC,  1632,  8, 16,  8,   0, -12 },
    { 0x2190,  1648,  8, 16,  8,   0, -12 },
    { 0x2191,  1664,  8, 16,  8,   0, -12 },
    { 0x2192,  1680,  8, 16,  8,   0, -12 },
    { 0x2193,  1696,  8, 16,  8,   0, -12 },
    { 0x2500,  1712,  8, 16,  8,   0, -12 },
    { 0x2502,  1728,  8, 16,  8,   0, -12 },
    { 0x250C,  1744,  8, 16,  8,   0, -12 },
    { 0x2510,  1760,  8, 16,  8,   0, -12 },
    { 0x2514,  1776,  8, 16,  8,   0, -12 },
    { 0x2518,  1792,  8, 16,  8,   0, -12 },
    { 0xE0A0,  1808,  8, 16,  8,   0, -12 },
    { 0xE0B0,  1824,  8, 16,  8,   0, -12 },
    { 0xE0B1,  1840,  8, 16,  8,   0, -12 },
    { 0xE0B2,  1856,  8, 16,  8,   0, -12 },
    { 0xE0B3,  1872,  8, 16,  8,   0, -12 },
    { 0x1F321,  1888, 16, 16, 16,   0, -12 },
    { 0x2600,  1920, 16, 16, 16,   0, -12 },
    { 0x2601,  1952, 16, 16, 16,   0, -12 },
    { 0x1F327,  1984, 16, 16, 16,   0, -12 },
    { 0x1F31E,  2016, 16, 16, 16,   0, -12 },
    { 0x1F319,  2048, 16, 16, 16,   0, -12 }
};

const BitmapFont Spleen8x16 = {
    Spleen8x16Bitmaps,
    Spleen8x16Glyphs,
    124,
    16,
    12
};

const uint8_t Spleen12x24Bitmaps[] PROGMEM = {
    0x00, 0x00, 0x00, 0x00, 0x00, 0x00, 0x00, 0x00, 0x00, 0x00, 0x00, 0x00,
    0x00, 0x00, 0x00, 0x00, 0x00, 0x00, 0x00, 0x00, 0x00, 0x00, 0x00, 0x00,
    0x00, 0x00, 0x00, 0x00, 0x00, 0x00, 0x00, 0x00, 0x00, 0x00, 0x00, 0x00,
    0x00, 0x00, 0x00, 0x00, 0x00, 0x00, 0x06, 0x00, 0x60, 0x06, 0x00, 0x60,
    0x06, 0x00, 0x60, 0x06, 0x00, 0x60, 0x06, 0x00, 0x60, 0x06, 0x00, 0x00,
    0x00, 0x00, 0x60, 0x06, 0x00, 0x00, 0x00, 0x00, 0x00, 0x00, 0x00, 0x00,
    0x00, 0x00, 0x00, 0x30, 0xC3, 0x0C, 0x30, 0xC3, 0x0C, 0x30, 0xC3, 0x0C,
    0x30, 0xC0, 0x00, 0x00, 0x00, 0x00, 0x00, 0x00, 0x00, 0x00, 0x00, 0x00,
    0x00, 0x00, 0x00, 0x00, 0x00, 0x00, 0x00, 0x00, 0x00, 0x00, 0x00, 0x00,
    0x00, 0x00, 0x00, 0x00, 0x00, 0x00, 0x30, 0xC3, 0x0C, 0x30, 0xC7, 0xFE,
    0x30, 0xC3, 0x0C, 0x30, 0xC3, 0x0C, 0x30, 0xC3, 0x0C, 0x30, 0xC7, 0xFE,
    0x30, 0xC3, 0x0C, 0x30, 0xC0, 0x00, 0x00, 0x00, 0x00, 0x00, 0x00, 0x00,
    0x00, 0x00, 0x00, 0x06, 0x00, 0x60, 0x1F, 0xE3, 0x60, 0x66, 0x06, 0x60,
    0x66, 0x06, 0x60, 0x36, 0x01, 0xF8, 0x06, 0xC0, 0x66, 0x06, 0x60, 0x66,
    0x06, 0x60, 0x6C, 0x7F, 0x80, 0x60, 0x06, 0x00, 0x00, 0x00, 0x00, 0x00,
    0x00, 0x00, 0x00, 0x00, 0x00, 0x00, 0x00, 0x00, 0x0C, 0x38, 0xC6, 0xD8,
    0x6D, 0x83, 0xB0, 0x03, 0x00, 0x60, 0x06, 0x00, 0xC0, 0x0D, 0xC1, 0xB6,
    0x1B, 0x63, 0x1C, 0x30, 0x00, 0x00, 0x00, 0x00, 0x00, 0x00, 0x00, 0x00,
    0x00, 0x00, 0x00, 0x00, 0x00, 0x00, 0x0F, 0x01, 0x98, 0x30, 0xC3, 0x0C,
    0x30, 0xC3, 0x0C, 0x19, 0x80, 0xF0, 0x33, 0x06, 0x1A, 0x60, 0xE6, 0x0C,
    0x60, 0xC3, 0x1E, 0x1F, 0x30, 0x00, 0x00, 0x00, 0x00, 0x00, 0x00, 0x00,
    0x00, 0x00, 0x00, 0x06, 0x00, 0x60, 0x06, 0x00, 0x60, 0x06, 0x00, 0x60,
    0x06, 0x00, 0x00, 0x00, 0x00, 0x00, 0x00, 0x00, 0x00, 0x00, 0x00, 0x00,
    0x00, 0x00, 0x00, 0x00, 0x00, 0x00, 0x00, 0x00, 0x00, 0x00, 0x00, 0x00,
    0x00, 0x00, 0x00, 0x00, 0xE0, 0x18, 0x03, 0x00, 0x60, 0x0C, 0x00, 0xC0,
    0x18, 0x01, 0x80, 0x18, 0x01, 0x80, 0x18, 0x01, 0x80, 0x18, 0x01, 0x80,
    0x0C, 0x00, 0xC0, 0x06, 0x00, 0x30, 0x01, 0x80, 0x0E, 0x00, 0x00, 0x00,
    0x00, 0x00, 0x00, 0x70, 0x01, 0x80, 0x0C, 0x00, 0x60, 0x03, 0x00, 0x30,
    0x01, 0x80, 0x18, 0x01, 0x80, 0x18, 0x01, 0x80, 0x18, 0x01, 0x80, 0x18,
    0x03, 0x00, 0x30, 0x06, 0x00, 0xC0, 0x18, 0x07, 0x00, 0x00, 0x00, 0x00,
    0x00, 0x00, 0x00, 0x00, 0x00, 0x00, 0x00, 0x00, 0x00, 0x00, 0x00, 0x00,
    0x30, 0xC1, 0x98, 0x0F, 0x00, 0x60, 0x7F, 0xE0, 0x60, 0x0F, 0x01, 0x98,
    0x30, 0xC0, 0x00, 0x00, 0x00, 0x00, 0x00, 0x00, 0x00, 0x00, 0x00, 0x00,
    0x00, 0x00, 0x00, 0x00, 0x00, 0x00, 0x00, 0x00, 0x00, 0x00, 0x00, 0x00,
    0x00, 0x00, 0x60, 0x06, 0x00, 0x60, 0x3F, 0xC0, 0x60, 0x06, 0x00, 0x60,
    0x00, 0x00, 0x00, 0x00, 0x00, 0x00, 0x00, 0x00, 0x00, 0x00, 0x00, 0x00,
    0x00, 0x00, 0x00, 0x00, 0x00, 0x00, 0x00, 0x00, 0x00, 0x00, 0x00, 0x00,
    0x00, 0x00, 0x00, 0x00, 0x00, 0x00, 0x00, 0x00, 0x00, 0x00, 0x00, 0x00,
    0x06, 0x00, 0x60, 0x06, 0x00, 0xC0, 0x18, 0x00, 0x00, 0x00, 0x00, 0x00,
    0x00, 0x00, 0x00, 0x00, 0x00, 0x00, 0x00, 0x00, 0x00, 0x00, 0x00, 0x00,
    0x00, 0x00, 0x00, 0x00, 0x00, 0x00, 0x3F, 0xC0, 0x00, 0x00, 0x00, 0x00,
    0x00, 0x00, 0x00, 0x00, 0x00, 0x00, 0x00, 0x00, 0x00, 0x00, 0x00, 0x00,
    0x00, 0x00, 0x00, 0x00, 0x00, 0x00, 0x00, 0x00, 0x00, 0x00, 0x00, 0x00,
    0x00, 0x00, 0x00, 0x00, 0x00, 0x00, 0x00, 0x00, 0x00, 0x00, 0x00, 0x00,
    0x00, 0x00, 0x60, 0x06, 0x00, 0x00, 0x00, 0x00, 0x00, 0x00, 0x00, 0x00,
    0x00, 0x00, 0x00, 0x00, 0x30, 0x03, 0x00, 0x60, 0x06, 0x00, 0xC0, 0x0C,
    0x01, 0x80, 0x18, 0x03, 0x00, 0x30, 0x06, 0x00, 0x60, 0x0C, 0x00, 0xC0,
    0x18, 0x01, 0x80, 0x30, 0x03, 0x00, 0x60, 0x06, 0x00, 0x00, 0x00, 0x00,
    0x00, 0x00, 0x00, 0x00, 0x00, 0x00, 0x1F, 0x83, 0x0C, 0x60, 0x66, 0x06,
    0x60, 0xE6, 0x1E, 0x63, 0x66, 0x66, 0x6C, 0x67, 0x86, 0x70, 0x66, 0x06,
    0x60, 0x63, 0x0C, 0x1F, 0x80, 0x00, 0x00, 0x00, 0x00, 0x00, 0x00, 0x00,
    0x00, 0x00, 0x00, 0x00, 0x00, 0x00, 0x0E, 0x01, 0xE0, 0x36, 0x02, 0x60,
    0x06, 0x00, 0x60, 0x06, 0x00, 0x60, 0x06, 0x00, 0x60, 0x06, 0x00, 0x60,
    0x06, 0x00, 0x60, 0x3F, 0xC0, 0x00, 0x00, 0x00, 0x00, 0x00, 0x00, 0x00,
    0x00, 0x00, 0x00, 0x00, 0x00, 0x00, 0x1F, 0x83, 0x0C, 0x60, 0x60, 0x06,
    0x00, 0x60, 0x06, 0x00, 0xC0, 0x18, 0x03, 0x00, 0x60, 0x0C, 0x01, 0x80,
    0x30, 0x06, 0x06, 0x7F, 0xE0, 0x00, 0x00, 0x00, 0x00, 0x00, 0x00, 0x00,
    0x00, 0x00, 0x00, 0x00, 0x00, 0x00, 0x1F, 0x83, 0x0C, 0x60, 0x60, 0x06,
    0x00, 0x60, 0x0C, 0x0F, 0x80, 0x0C, 0x00, 0x60, 0x06, 0x00, 0x60, 0x06,
    0x60, 0x63, 0x0C, 0x1F, 0x80, 0x00, 0x00, 0x00, 0x00, 0x00, 0x00, 0x00,
    0x00, 0x00, 0x00, 0x00, 0x00, 0x00, 0x60, 0x06, 0x00, 0x60, 0x06, 0x18,
    0x61, 0x86, 0x18, 0x61, 0x86, 0x18, 0x61, 0x86, 0x18, 0x7F, 0xE0, 0x18,
    0x01, 0x80, 0x18, 0x01, 0x80, 0x00, 0x00, 0x00, 0x00, 0x00, 0x00, 0x00,
    0x00, 0x00, 0x00, 0x00, 0x00, 0x00, 0x7F, 0xE6, 0x06, 0x60, 0x06, 0x00,
    0x60, 0x06, 0x00, 0x7F, 0x80, 0x0C, 0x00, 0x60, 0x06, 0x00, 0x60, 0x06,
    0x60, 0x63, 0x0C, 0x1F, 0x80, 0x00, 0x00, 0x00, 0x00, 0x00, 0x00, 0x00,
    0x00, 0x00, 0x00, 0x00, 0x00, 0x00, 0x1F, 0xC3, 0x06, 0x60, 0x06, 0x00,
    0x60, 0x06, 0x00, 0x7F, 0x86, 0x0C, 0x60, 0x66, 0x06, 0x60, 0x66, 0x06,
    0x60, 0x63, 0x0C, 0x1F, 0x80, 0x00, 0x00, 0x00, 0x00, 0x00, 0x00, 0x00,
    0x00, 0x00, 0x00, 0x00, 0x00, 0x00, 0x7F, 0xE6, 0x06, 0x00, 0x60, 0x06,
    0x00, 0x60, 0x0C, 0x01, 0x80, 0x30, 0x06, 0x00, 0xC0, 0x0C, 0x00, 0xC0,
    0x0C, 0x00, 0xC0, 0x0C, 0x00, 0x00, 0x00, 0x00, 0x00, 0x00, 0x00, 0x00,
    0x00, 0x00, 0x00, 0x00, 0x00, 0x00, 0x1F, 0x83, 0x0C, 0x60, 0x66, 0x06,
    0x60, 0x63, 0x0C, 0x1F, 0x83, 0x0C, 0x60, 0x66, 0x06, 0x60, 0x66, 0x06,
    0x60, 0x63, 0x0C, 0x1F, 0x80, 0x00, 0x00, 0x00, 0x00, 0x00, 0x00, 0x00,
    0x00, 0x00, 0x00, 0x00, 0x00, 0x00, 0x1F, 0x83, 0x0C, 0x60, 0x66, 0x06,
    0x60, 0x66, 0x06, 0x60, 0x63, 0x06, 0x1F, 0xE0, 0x06, 0x00, 0x60, 0x06,
    0x00, 0x66, 0x0C, 0x3F, 0x80, 0x00, 0x00, 0x00, 0x00, 0x00, 0x00, 0x00,
    0x00, 0x00, 0x00, 0x00, 0x00, 0x00, 0x00, 0x00, 0x00, 0x00, 0x00, 0x00,
    0x00, 0x00, 0x00, 0x06, 0x00, 0x60, 0x00, 0x00, 0x00, 0x00, 0x00, 0x00,
    0x00, 0x00, 0x60, 0x06, 0x00, 0x00, 0x00, 0x00, 0x00, 0x00, 0x00, 0x00,
    0x00, 0x00, 0x00, 0x00, 0x00, 0x00, 0x00, 0x00, 0x00, 0x00, 0x00, 0x00,
    0x00, 0x00, 0x00, 0x06, 0x00, 0x60, 0x00, 0x00, 0x00, 0x00, 0x00, 0x00,
    0x06, 0x00, 0x60, 0x06, 0x00, 0xC0, 0x18, 0x00, 0x00, 0x00, 0x00, 0x00,
    0x00, 0x00, 0x00, 0x00, 0x00, 0x00, 0x00, 0xC0, 0x18, 0x03, 0x00, 0x60,
    0x0C, 0x01, 0x80, 0x30, 0x06, 0x00, 0x30, 0x01, 0x80, 0x0C, 0x00, 0x60,
    0x03, 0x00, 0x18, 0x00, 0xC0, 0x00, 0x00, 0x00, 0x00, 0x00, 0x00, 0x00,
    0x00, 0x00, 0x00, 0x00, 0x00, 0x00, 0x00, 0x00, 0x00, 0x00, 0x00, 0x00,
    0x00, 0x07, 0xFE, 0x00, 0x00, 0x00, 0x00, 0x00, 0x00, 0x7F, 0xE0, 0x00,
    0x00, 0x00, 0x00, 0x00, 0x00, 0x00, 0x00, 0x00, 0x00, 0x00, 0x00, 0x00,
    0x00, 0x00, 0x00, 0x00, 0x00, 0x00, 0x30, 0x01, 0x80, 0x0C, 0x00, 0x60,
    0x03, 0x00, 0x18, 0x00, 0xC0, 0x06, 0x00, 0xC0, 0x18, 0x03, 0x00, 0x60,
    0x0C, 0x01, 0x80, 0x30, 0x00, 0x00, 0x00, 0x00, 0x00, 0x00, 0x00, 0x00,
    0x00, 0x00, 0x00, 0x00, 0x00, 0x00, 0x1F, 0x83, 0x0C, 0x60, 0x60, 0x06,
    0x00, 0x60, 0x0C, 0x01, 0x80, 0x30, 0x06, 0x00, 0x60, 0x06, 0x00, 0x00,
    0x00, 0x00, 0x60, 0x06, 0x00, 0x00, 0x00, 0x00, 0x00, 0x00, 0x00, 0x00,
    0x00, 0x00, 0x00, 0x00, 0x00, 0x00, 0x00, 0x01, 0xF8, 0x30, 0xC6, 0x06,
    0x60, 0x66, 0x76, 0x67, 0x66, 0x76, 0x67, 0x66, 0x76, 0x67, 0x66, 0x7E,
    0x60, 0x03, 0x00, 0x1F, 0xC0, 0x00, 0x00, 0x00, 0x00, 0x00, 0x00, 0x00,
    0x00, 0x00, 0x00, 0x00, 0x00, 0x00, 0x1F, 0x83, 0x0C, 0x60, 0x66, 0x06,
    0x60, 0x66, 0x06, 0x60, 0x67, 0xFE, 0x60, 0x66, 0x06, 0x60, 0x66, 0x06,
    0x60, 0x66, 0x06, 0x60, 0x60, 0x00, 0x00, 0x00, 0x00, 0x00, 0x00, 0x00,
    0x00, 0x00, 0x00, 0x00, 0x00, 0x00, 0x7F, 0x86, 0x0C, 0x60, 0x66, 0x06,
    0x60, 0x66, 0x06, 0x60, 0xC7, 0xF8, 0x60, 0xC6, 0x06, 0x60, 0x66, 0x06,
    0x60, 0x66, 0x0C, 0x7F, 0x80, 0x00, 0x00, 0x00, 0x00, 0x00, 0x00, 0x00,
    0x00, 0x00, 0x00, 0x00, 0x00, 0x00, 0x1F, 0xE3, 0x00, 0x60, 0x06, 0x00,
    0x60, 0x06, 0x00, 0x60, 0x06, 0x00, 0x60, 0x06, 0x00, 0x60, 0x06, 0x00,
    0x60, 0x03, 0x00, 0x1F, 0xE0, 0x00, 0x00, 0x00, 0x00, 0x00, 0x00, 0x00,
    0x00, 0x00, 0x00, 0x00, 0x00, 0x00, 0x7F, 0x86, 0x0C, 0x60, 0x66, 0x06,
    0x60, 0x66, 0x06, 0x60, 0x66, 0x06, 0x60, 0x66, 0x06, 0x60, 0x66, 0x06,
    0x60, 0x66, 0x0C, 0x7F, 0x80, 0x00, 0x00, 0x00, 0x00, 0x00, 0x00, 0x00,
    0x00, 0x00, 0x00, 0x00, 0x00, 0x00, 0x1F, 0xE3, 0x00, 0x60, 0x06, 0x00,
    0x60, 0x06, 0x00, 0x60, 0x07, 0xF8, 0x60, 0x06, 0x00, 0x60, 0x06, 0x00,
    0x60, 0x03, 0x00, 0x1F, 0xE0, 0x00, 0x00, 0x00, 0x00, 0x00, 0x00, 0x00,
    0x00, 0x00, 0x00, 0x00, 0x00, 0x00, 0x1F, 0xE3, 0x00, 0x60, 0x06, 0x00,
    0x60, 0x06, 0x00, 0x60, 0x07, 0xF8, 0x60, 0x06, 0x00, 0x60, 0x06, 0x00,
    0x60, 0x06, 0x00, 0x60, 0x00, 0x00, 0x00, 0x00, 0x00, 0x00, 0x00, 0x00,
    0x00, 0x00, 0x00, 0x00, 0x00, 0x00, 0x1F, 0xE3, 0x00, 0x60, 0x06, 0x00,
    0x60, 0x06, 0x00, 0x60, 0x06, 0x3E, 0x60, 0x66, 0x06, 0x60, 0x66, 0x06,
    0x60, 0x63, 0x06, 0x1F, 0xE0, 0x00, 0x00, 0x00, 0x00, 0x00, 0x00, 0x00,
    0x00, 0x00, 0x00, 0x00, 0x00, 0x00, 0x60, 0x66, 0x06, 0x60, 0x66, 0x06,
    0x60, 0x66, 0x06, 0x60, 0x67, 0xFE, 0x60, 0x66, 0x06, 0x60, 0x66, 0x06,
    0x60, 0x66, 0x06, 0x60, 0x60, 0x00, 0x00, 0x00, 0x00, 0x00, 0x00, 0x00,
    0x00, 0x00, 0x00, 0x00, 0x00, 0x00, 0x3F, 0xC0, 0x60, 0x06, 0x00, 0x60,
    0x06, 0x00, 0x60, 0x06, 0x00, 0x60, 0x06, 0x00, 0x60, 0x06, 0x00, 0x60,
    0x06, 0x00, 0x60, 0x3F, 0xC0, 0x00, 0x00, 0x00, 0x00, 0x00, 0x00, 0x00,
    0x00, 0x00, 0x00, 0x00, 0x00, 0x00, 0x3F, 0xC0, 0x60, 0x06, 0x00, 0x60,
    0x06, 0x00, 0x60, 0x06, 0x00, 0x60, 0x06, 0x00, 0x60, 0x06, 0x00, 0x60,
    0x06, 0x00, 0xE0, 0x7C, 0x00, 0x00, 0x00, 0x00, 0x00, 0x00, 0x00, 0x00,
    0x00, 0x00, 0x00, 0x00, 0x00, 0x00, 0x60, 0x66, 0x06, 0x60, 0x66, 0x06,
    0x60, 0x66, 0x0C, 0x61, 0x87, 0xF0, 0x61, 0x86, 0x0C, 0x60, 0x66, 0x06,
    0x60, 0x66, 0x06, 0x60, 0x60, 0x00, 0x00, 0x00, 0x00, 0x00, 0x00, 0x00,
    0x00, 0x00, 0x00, 0x00, 0x00, 0x00, 0x60, 0x06, 0x00, 0x60, 0x06, 0x00,
    0x60, 0x06, 0x00, 0x60, 0x06, 0x00, 0x60, 0x06, 0x00, 0x60, 0x06, 0x00,
    0x60, 0x03, 0x00, 0x1F, 0xE0, 0x00, 0x00, 0x00, 0x00, 0x00, 0x00, 0x00,
    0x00, 0x00, 0x00, 0x00, 0x00, 0x00, 0x60, 0x67, 0x0E, 0x79, 0xE6, 0xF6,
    0x66, 0x66, 0x06, 0x60, 0x66, 0x06, 0x60, 0x66, 0x06, 0x60, 0x66, 0x06,
    0x60, 0x66, 0x06, 0x60, 0x60, 0x00, 0x00, 0x00, 0x00, 0x00, 0x00, 0x00,
    0x00, 0x00, 0x00, 0x00, 0x00, 0x00, 0x60, 0x67, 0x06, 0x70, 0x67, 0x86,
    0x78, 0x66, 0xC6, 0x6C, 0x66, 0x66, 0x66, 0x66, 0x36, 0x63, 0x66, 0x1E,
    0x61, 0xE6, 0x0E, 0x60, 0xE0, 0x00, 0x00, 0x00, 0x00, 0x00, 0x00, 0x00,
    0x00, 0x00, 0x00, 0x00, 0x00, 0x00, 0x1F, 0x83, 0x0C, 0x60, 0x66, 0x06,
    0x60, 0x66, 0x06, 0x60, 0x66, 0x06, 0x60, 0x66, 0x06, 0x60, 0x66, 0x06,
    0x60, 0x63, 0x0C, 0x1F, 0x80, 0x00, 0x00, 0x00, 0x00, 0x00, 0x00, 0x00,
    0x00, 0x00, 0x00, 0x00, 0x00, 0x00, 0x7F, 0x86, 0x0C, 0x60, 0x66, 0x06,
    0x60, 0x66, 0x06, 0x60, 0xC7, 0xF8, 0x60, 0x06, 0x00, 0x60, 0x06, 0x00,
    0x60, 0x06, 0x00, 0x60, 0x00, 0x00, 0x00, 0x00, 0x00, 0x00, 0x00, 0x00,
    0x00, 0x00, 0x00, 0x00, 0x00, 0x00, 0x1F, 0x83, 0x0C, 0x60, 0x66, 0x06,
    0x60, 0x66, 0x06, 0x60, 0x66, 0x06, 0x60, 0x66, 0x06, 0x66, 0x66, 0x66,
    0x63, 0x63, 0x3C, 0x1F, 0x80, 0x18, 0x00, 0xC0, 0x0C, 0x00, 0x00, 0x00,
    0x00, 0x00, 0x00, 0x00, 0x00, 0x00, 0x7F, 0x86, 0x0C, 0x60, 0x66, 0x06,
    0x60, 0x66, 0x06, 0x60, 0xC7, 0xF8, 0x60, 0xC6, 0x06, 0x60, 0x66, 0x06,
    0x60, 0x66, 0x06, 0x60, 0x60, 0x00, 0x00, 0x00, 0x00, 0x00, 0x00, 0x00,
    0x00, 0x00, 0x00, 0x00, 0x00, 0x00, 0x1F, 0xE3, 0x00, 0x60, 0x06, 0x00,
    0x60, 0x06, 0x00, 0x30, 0x01, 0xF8, 0x00, 0xC0, 0x06, 0x00, 0x60, 0x06,
    0x00, 0x60, 0x0C, 0x7F, 0x80, 0x00, 0x00, 0x00, 0x00, 0x00, 0x00, 0x00,
    0x00, 0x00, 0x00, 0x00, 0x00, 0x00, 0x7F, 0xE0, 0x60, 0x06, 0x00, 0x60,
    0x06, 0x00, 0x60, 0x06, 0x00, 0x60, 0x06, 0x00, 0x60, 0x06, 0x00, 0x60,
    0x06, 0x00, 0x60, 0x06, 0x00, 0x00, 0x00, 0x00, 0x00, 0x00, 0x00, 0x00,
    0x00, 0x00, 0x00, 0x00, 0x00, 0x00, 0x60, 0x66, 0x06, 0x60, 0x66, 0x06,
    0x60, 0x66, 0x06, 0x60, 0x66, 0x06, 0x60, 0x66, 0x06, 0x60, 0x66, 0x06,
    0x60, 0x63, 0x06, 0x1F, 0xE0, 0x00, 0x00, 0x00, 0x00, 0x00, 0x00, 0x00,
    0x00, 0x00, 0x00, 0x00, 0x00, 0x00, 0x60, 0x66, 0x06, 0x60, 0x66, 0x06,
    0x60, 0x66, 0x06, 0x60, 0x66, 0x06, 0x60, 0x66, 0x06, 0x30, 0xC3, 0x0C,
    0x19, 0x80, 0xF0, 0x06, 0x00, 0x00, 0x00, 0x00, 0x00, 0x00, 0x00, 0x00,
    0x00, 0x00, 0x00, 0x00, 0x00, 0x00, 0x60, 0x66, 0x06, 0x60, 0x66, 0x06,
    0x60, 0x66, 0x06, 0x60, 0x66, 0x06, 0x60, 0x66, 0x06, 0x66, 0x66, 0xF6,
    0x79, 0xE7, 0x0E, 0x60, 0x60, 0x00, 0x00, 0x00, 0x00, 0x00, 0x00, 0x00,
    0x00, 0x00, 0x00, 0x00, 0x00, 0x00, 0x60, 0x66, 0x06, 0x60, 0x66, 0x06,
    0x60, 0x66, 0x06, 0x30, 0xC1, 0xF8, 0x30, 0xC6, 0x06, 0x60, 0x66, 0x06,
    0x60, 0x66, 0x06, 0x60, 0x60, 0x00, 0x00, 0x00, 0x00, 0x00, 0x00, 0x00,
    0x00, 0x00, 0x00, 0x00, 0x00, 0x00, 0x60, 0x66, 0x06, 0x60, 0x66, 0x06,
    0x60, 0x66, 0x06, 0x30, 0x61, 0xFE, 0x00, 0x60, 0x06, 0x00, 0x60, 0x06,
    0x00, 0x60, 0x0E, 0x7F, 0xC0, 0x00, 0x00, 0x00, 0x00, 0x00, 0x00, 0x00,
    0x00, 0x00, 0x00, 0x00, 0x00, 0x00, 0x7F, 0xE0, 0x06, 0x00, 0x60, 0x06,
    0x00, 0xC0, 0x18, 0x03, 0x00, 0x60, 0x0C, 0x01, 0x80, 0x30, 0x06, 0x00,
    0x60, 0x06, 0x00, 0x7F, 0xE0, 0x00, 0x00, 0x00, 0x00, 0x00, 0x00, 0x00,
    0x00, 0x01, 0xFE, 0x18, 0x01, 0x80, 0x18, 0x01, 0x80, 0x18, 0x01, 0x80,
    0x18, 0x01, 0x80, 0x18, 0x01, 0x80, 0x18, 0x01, 0x80, 0x18, 0x01, 0x80,
    0x18, 0x01, 0x80, 0x18, 0x01, 0x80, 0x18, 0x01, 0x80, 0x1F, 0xE0, 0x00,
    0x00, 0x00, 0x00, 0xC0, 0x0C, 0x00, 0x60, 0x06, 0x00, 0x30, 0x03, 0x00,
    0x18, 0x01, 0x80, 0x0C, 0x00, 0xC0, 0x06, 0x00, 0x60, 0x03, 0x00, 0x30,
    0x01, 0x80, 0x18, 0x00, 0xC0, 0x0C, 0x00, 0x60, 0x06, 0x00, 0x00, 0x00,
    0x00, 0x07, 0xF8, 0x01, 0x80, 0x18, 0x01, 0x80, 0x18, 0x01, 0x80, 0x18,
    0x01, 0x80, 0x18, 0x01, 0x80, 0x18, 0x01, 0x80, 0x18, 0x01, 0x80, 0x18,
    0x01, 0x80, 0x18, 0x01, 0x80, 0x18, 0x01, 0x80, 0x18, 0x7F, 0x80, 0x00,
    0x00, 0x00, 0x00, 0x04, 0x00, 0xE0, 0x1B, 0x03, 0x18, 0x60, 0xCC, 0x06,
    0x00, 0x00, 0x00, 0x00, 0x00, 0x00, 0x00, 0x00, 0x00, 0x00, 0x00, 0x00,
    0x00, 0x00, 0x00, 0x00, 0x00, 0x00, 0x00, 0x00, 0x00, 0x00, 0x00, 0x00,
    0x00, 0x00, 0x00, 0x00, 0x00, 0x00, 0x00, 0x00, 0x00, 0x00, 0x00, 0x00,
    0x00, 0x00, 0x00, 0x00, 0x00, 0x00, 0x00, 0x00, 0x00, 0x00, 0x00, 0x00,
    0x00, 0x00, 0x00, 0x00, 0x00, 0x00, 0x00, 0x00, 0x00, 0x7F, 0xE0, 0x00,
    0x00, 0x00, 0x00, 0x18, 0x00, 0xC0, 0x06, 0x00, 0x30, 0x00, 0x00, 0x00,
    0x00, 0x00, 0x00, 0x00, 0x00, 0x00, 0x00, 0x00, 0x00, 0x00, 0x00, 0x00,
    0x00, 0x00, 0x00, 0x00, 0x00, 0x00, 0x00, 0x00, 0x00, 0x00, 0x00, 0x00,
    0x00, 0x00, 0x00, 0x00, 0x00, 0x00, 0x00, 0x00, 0x00, 0x00, 0x00, 0x00,
    0x3F, 0x80, 0x0C, 0x00, 0x60, 0x06, 0x1F, 0xE3, 0x06, 0x60, 0x66, 0x06,
    0x60, 0x63, 0x06, 0x1F, 0xE0, 0x00, 0x00, 0x00, 0x00, 0x00, 0x00, 0x00,
    0x00, 0x00, 0x00, 0x00, 0x00, 0x00, 0x60, 0x06, 0x00, 0x60, 0x06, 0x00,
    0x7F, 0x86, 0x0C, 0x60, 0x66, 0x06, 0x60, 0x66, 0x06, 0x60, 0x66, 0x06,
    0x60, 0x66, 0x0C, 0x7F, 0x80, 0x00, 0x00, 0x00, 0x00, 0x00, 0x00, 0x00,
    0x00, 0x00, 0x00, 0x00, 0x00, 0x00, 0x00, 0x00, 0x00, 0x00, 0x00, 0x00,
    0x1F, 0xE3, 0x00, 0x60, 0x06, 0x00, 0x60, 0x06, 0x00, 0x60, 0x06, 0x00,
    0x60, 0x03, 0x00, 0x1F, 0xE0, 0x00, 0x00, 0x00, 0x00, 0x00, 0x00, 0x00,
    0x00, 0x00, 0x00, 0x00, 0x00, 0x00, 0x00, 0x60, 0x06, 0x00, 0x60, 0x06,
    0x1F, 0xE3, 0x06, 0x60, 0x66, 0x06, 0x60, 0x66, 0x06, 0x60, 0x66, 0x06,
    0x60, 0x63, 0x06, 0x1F, 0xE0, 0x00, 0x00, 0x00, 0x00, 0x00, 0x00, 0x00,
    0x00, 0x00, 0x00, 0x00, 0x00, 0x00, 0x00, 0x00, 0x00, 0x00, 0x00, 0x00,
    0x1F, 0xE3, 0x06, 0x60, 0x66, 0x06, 0x60, 0x67, 0xFE, 0x60, 0x06, 0x00,
    0x60, 0x03, 0x00, 0x1F, 0xE0, 0x00, 0x00, 0x00, 0x00, 0x00, 0x00, 0x00,
    0x00, 0x00, 0x00, 0x00, 0x00, 0x00, 0x07, 0xC0, 0xE0, 0x0C, 0x00, 0xC0,
    0x0C, 0x00, 0xC0, 0x3F, 0x80, 0xC0, 0x0C, 0x00, 0xC0, 0x0C, 0x00, 0xC0,
    0x0C, 0x00, 0xC0, 0x0C, 0x00, 0x00, 0x00, 0x00, 0x00, 0x00, 0x00, 0x00,
    0x00, 0x00, 0x00, 0x00, 0x00, 0x00, 0x00, 0x00, 0x00, 0x00, 0x00, 0x00,
    0x1F, 0xE3, 0x06, 0x60, 0x66, 0x06, 0x60, 0x66, 0x06, 0x60, 0x66, 0x06,
    0x60, 0x63, 0x06, 0x1F, 0xC0, 0x0C, 0x00, 0x60, 0x06, 0x00, 0xC3, 0xF8,
    0x00, 0x00, 0x00, 0x00, 0x00, 0x00, 0x60, 0x06, 0x00, 0x60, 0x06, 0x00,
    0x7F, 0x86, 0x0C, 0x60, 0x66, 0x06, 0x60, 0x66, 0x06, 0x60, 0x66, 0x06,
    0x60, 0x66, 0x06, 0x60, 0x60, 0x00, 0x00, 0x00, 0x00, 0x00, 0x00, 0x00,
    0x00, 0x00, 0x00, 0x00, 0x00, 0x00, 0x06, 0x00, 0x60, 0x00, 0x00, 0x00,
    0x1E, 0x00, 0x60, 0x06, 0x00, 0x60, 0x06, 0x00, 0x60, 0x06, 0x00, 0x60,
    0x06, 0x00, 0x60, 0x07, 0x80, 0x00, 0x00, 0x00, 0x00, 0x00, 0x00, 0x00,
    0x00, 0x00, 0x00, 0x00, 0x00, 0x00, 0x06, 0x00, 0x60, 0x00, 0x00, 0x00,
    0x06, 0x00, 0x60, 0x06, 0x00, 0x60, 0x06, 0x00, 0x60, 0x06, 0x00, 0x60,
    0x06, 0x00, 0x60, 0x06, 0x00, 0x60, 0x06, 0x00, 0x60, 0x0C, 0x07, 0x80,
    0x00, 0x00, 0x00, 0x00, 0x00, 0x00, 0x30, 0x03, 0x00, 0x30, 0x03, 0x00,
    0x30, 0xC3, 0x0C, 0x31, 0x83, 0x30, 0x3E, 0x03, 0x60, 0x33, 0x03, 0x18,
    0x30, 0xC3, 0x06, 0x30, 0x60, 0x00, 0x00, 0x00, 0x00, 0x00, 0x00, 0x00,
    0x00, 0x00, 0x00, 0x00, 0x00, 0x00, 0x0C, 0x00, 0xC0, 0x0C, 0x00, 0xC0,
    0x0C, 0x00, 0xC0, 0x0C, 0x00, 0xC0, 0x0C, 0x00, 0xC0, 0x0C, 0x00, 0xC0,
    0x0C, 0x00, 0xE0, 0x07, 0xC0, 0x00, 0x00, 0x00, 0x00, 0x00, 0x00, 0x00,
    0x00, 0x00, 0x00, 0x00, 0x00, 0x00, 0x00, 0x00, 0x00, 0x00, 0x00, 0x00,
    0x79, 0x86, 0x6C, 0x66, 0x66, 0x66, 0x66, 0x66, 0x66, 0x66, 0x66, 0x66,
    0x60, 0x66, 0x06, 0x60, 0x60, 0x00, 0x00, 0x00, 0x00, 0x00, 0x00, 0x00,
    0x00, 0x00, 0x00, 0x00, 0x00, 0x00, 0x00, 0x00, 0x00, 0x00, 0x00, 0x00,
    0x7F, 0x86, 0x0C, 0x60, 0x66, 0x06, 0x60, 0x66, 0x06, 0x60, 0x66, 0x06,
    0x60, 0x66, 0x06, 0x60, 0x60, 0x00, 0x00, 0x00, 0x00, 0x00, 0x00, 0x00,
    0x00, 0x00, 0x00, 0x00, 0x00, 0x00, 0x00, 0x00, 0x00, 0x00, 0x00, 0x00,
    0x1F, 0x83, 0x0C, 0x60, 0x66, 0x06, 0x60, 0x66, 0x06, 0x60, 0x66, 0x06,
    0x60, 0x63, 0x0C, 0x1F, 0x80, 0x00, 0x00, 0x00, 0x00, 0x00, 0x00, 0x00,
    0x00, 0x00, 0x00, 0x00, 0x00, 0x00, 0x00, 0x00, 0x00, 0x00, 0x00, 0x00,
    0x7F, 0x86, 0x0C, 0x60, 0x66, 0x06, 0x60, 0x66, 0x06, 0x60, 0x66, 0x06,
    0x60, 0x66, 0x0C, 0x7F, 0x86, 0x00, 0x60, 0x06, 0x00, 0x60, 0x06, 0x00,
    0x00, 0x00, 0x00, 0x00, 0x00, 0x00, 0x00, 0x00, 0x00, 0x00, 0x00, 0x00,
    0x1F, 0xE3, 0x06, 0x60, 0x66, 0x06, 0x60, 0x66, 0x06, 0x60, 0x66, 0x06,
    0x60, 0x63, 0x06, 0x1F, 0xE0, 0x06, 0x00, 0x60, 0x06, 0x00, 0x60, 0x06,
    0x00, 0x00, 0x00, 0x00, 0x00, 0x00, 0x00, 0x00, 0x00, 0x00, 0x00, 0x00,
    0x1F, 0xE3, 0x06, 0x60, 0x06, 0x00, 0x60, 0x06, 0x00, 0x60, 0x06, 0x00,
    0x60, 0x06, 0x00, 0x60, 0x00, 0x00, 0x00, 0x00, 0x00, 0x00, 0x00, 0x00,
    0x00, 0x00, 0x00, 0x00, 0x00, 0x00, 0x00, 0x00, 0x00, 0x00, 0x00, 0x00,
    0x3F, 0xE6, 0x00, 0x60, 0x06, 0x00, 0x60, 0x03, 0xFC, 0x00, 0x60, 0x06,
    0x00, 0x60, 0x06, 0x7F, 0xC0, 0x00, 0x00, 0x00, 0x00, 0x00, 0x00, 0x00,
    0x00, 0x00, 0x00, 0x00, 0x00, 0x00, 0x0C, 0x00, 0xC0, 0x0C, 0x00, 0xC0,
    0x3F, 0x80, 0xC0, 0x0C, 0x00, 0xC0, 0x0C, 0x00, 0xC0, 0x0C, 0x00, 0xC0,
    0x0C, 0x00, 0xE0, 0x07, 0xC0, 0x00, 0x00, 0x00, 0x00, 0x00, 0x00, 0x00,
    0x00, 0x00, 0x00, 0x00, 0x00, 0x00, 0x00, 0x00, 0x00, 0x00, 0x00, 0x00,
    0x60, 0x66, 0x06, 0x60, 0x66, 0x06, 0x60, 0x66, 0x06, 0x60, 0x66, 0x06,
    0x60, 0x63, 0x06, 0x1F, 0xE0, 0x00, 0x00, 0x00, 0x00, 0x00, 0x00, 0x00,
    0x00, 0x00, 0x00, 0x00, 0x00, 0x00, 0x00, 0x00, 0x00, 0x00, 0x00, 0x00,
    0x60, 0x66, 0x06, 0x60, 0x66, 0x06, 0x60, 0x66, 0x06, 0x30, 0xC3, 0x0C,
    0x19, 0x80, 0xF0, 0x06, 0x00, 0x00, 0x00, 0x00, 0x00, 0x00, 0x00, 0x00,
    0x00, 0x00, 0x00, 0x00, 0x00, 0x00, 0x00, 0x00, 0x00, 0x00, 0x00, 0x00,
    0x60, 0x66, 0x06, 0x60, 0x66, 0x66, 0x66, 0x66, 0x66, 0x66, 0x66, 0x66,
    0x66, 0x63, 0x66, 0x19, 0xE0, 0x00, 0x00, 0x00, 0x00, 0x00, 0x00, 0x00,
    0x00, 0x00, 0x00, 0x00, 0x00, 0x00, 0x00, 0x00, 0x00, 0x00, 0x00, 0x00,
    0x60, 0x66, 0x06, 0x30, 0xC1, 0x98, 0x0F, 0x00, 0xF0, 0x19, 0x83, 0x0C,
    0x30, 0xC6, 0x06, 0x60, 0x60, 0x00, 0x00, 0x00, 0x00, 0x00, 0x00, 0x00,
    0x00, 0x00, 0x00, 0x00, 0x00, 0x00, 0x00, 0x00, 0x00, 0x00, 0x00, 0x00,
    0x60, 0x66, 0x06, 0x60, 0x66, 0x06, 0x60, 0x66, 0x06, 0x60, 0x66, 0x06,
    0x60, 0x63, 0x06, 0x1F, 0xE0, 0x06, 0x00, 0x60, 0x06, 0x00, 0xC7, 0xF8,
    0x00, 0x00, 0x00, 0x00, 0x00, 0x00, 0x00, 0x00, 0x00, 0x00, 0x00, 0x00,
    0x7F, 0xE0, 0x06, 0x00, 0xC0, 0x18, 0x03, 0x00, 0x60, 0x0C, 0x01, 0x80,
    0x30, 0x06, 0x00, 0x7F, 0xE0, 0x00, 0x00, 0x00, 0x00, 0x00, 0x00, 0x00,
    0x00, 0x00, 0x1E, 0x03, 0x00, 0x60, 0x06, 0x00, 0x60, 0x06, 0x00, 0x60,
    0x06, 0x00, 0x60, 0x0C, 0x03, 0x80, 0x38, 0x00, 0xC0, 0x06, 0x00, 0x60,
    0x06, 0x00, 0x60, 0x06, 0x00, 0x60, 0x06, 0x00, 0x30, 0x01, 0xE0, 0x00,
    0x00, 0x00, 0x00, 0x00, 0x00, 0x60, 0x06, 0x00, 0x60, 0x06, 0x00, 0x60,
    0x06, 0x00, 0x60, 0x06, 0x00, 0x60, 0x06, 0x00, 0x60, 0x06, 0x00, 0x60,
    0x06, 0x00, 0x60, 0x06, 0x00, 0x60, 0x06, 0x00, 0x00, 0x00, 0x00, 0x00,
    0x00, 0x07, 0x80, 0x0C, 0x00, 0x60, 0x06, 0x00, 0x60, 0x06, 0x00, 0x60,
    0x06, 0x00, 0x60, 0x03, 0x00, 0x1C, 0x01, 0xC0, 0x30, 0x06, 0x00, 0x60,
    0x06, 0x00, 0x60, 0x06, 0x00, 0x60, 0x06, 0x00, 0xC0, 0x78, 0x00, 0x00,
    0x00, 0x00, 0x00, 0x00, 0x00, 0x00, 0x00, 0x00, 0x00, 0x00, 0x00, 0x00,
    0x00, 0x00, 0x00, 0x38, 0x66, 0xC6, 0xC6, 0xCC, 0x38, 0x00, 0x00, 0x00,
    0x00, 0x00, 0x00, 0x00, 0x00, 0x00, 0x00, 0x00, 0x00, 0x00, 0x00, 0x00,
    0x00, 0x00, 0x00, 0x00, 0x00, 0xF0, 0x19, 0x81, 0x98, 0x19, 0x81, 0x98,
    0x0F, 0x00, 0x00, 0x00, 0x00, 0x00, 0x00, 0x00, 0x00, 0x00, 0x00, 0x00,
    0x00, 0x00, 0x00, 0x00, 0x00, 0x00, 0x00, 0x00, 0x00, 0x00, 0x00, 0x00,
    0x00, 0x03, 0x0C, 0x30, 0xC0, 0x00, 0x1F, 0x83, 0x0C, 0x60, 0x66, 0x06,
    0x60, 0x66, 0x06, 0x60, 0x67, 0xFE, 0x60, 0x66, 0x06, 0x60, 0x66, 0x06,
    0x60, 0x66, 0x06, 0x60, 0x60, 0x00, 0x00, 0x00, 0x00, 0x00, 0x00, 0x00,
    0x00, 0x03, 0x0C, 0x30, 0xC0, 0x00, 0x1F, 0x83, 0x0C, 0x60, 0x66, 0x06,
    0x60, 0x66, 0x06, 0x60, 0x66, 0x06, 0x60, 0x66, 0x06, 0x60, 0x66, 0x06,
    0x60, 0x63, 0x0C, 0x1F, 0x80, 0x00, 0x00, 0x00, 0x00, 0x00, 0x00, 0x00,
    0x00, 0x03, 0x0C, 0x30, 0xC0, 0x00, 0x60, 0x66, 0x06, 0x60, 0x66, 0x06,
    0x60, 0x66, 0x06, 0x60, 0x66, 0x06, 0x60, 0x66, 0x06, 0x60, 0x66, 0x06,
    0x60, 0x63, 0x06, 0x1F, 0xE0, 0x00, 0x00, 0x00, 0x00, 0x00, 0x00, 0x00,
    0x00, 0x00, 0x00, 0x00, 0x00, 0x00, 0x1E, 0x03, 0x30, 0x61, 0x86, 0x18,
    0x61, 0x86, 0x18, 0x63, 0x06, 0xF0, 0x63, 0x86, 0x0C, 0x60, 0x66, 0x06,
    0x60, 0x66, 0x86, 0x6C, 0xC6, 0x78, 0x00, 0x00, 0x00, 0x00, 0x00, 0x00,
    0x00, 0x00, 0x00, 0x00, 0x03, 0x0C, 0x30, 0xC0, 0x00, 0x00, 0x00, 0x00,
    0x3F, 0x80, 0x0C, 0x00, 0x60, 0x06, 0x1F, 0xE3, 0x06, 0x60, 0x66, 0x06,
    0x60, 0x63, 0x06, 0x1F, 0xE0, 0x00, 0x00, 0x00, 0x00, 0x00, 0x00, 0x00,
    0x00, 0x00, 0x00, 0x00, 0x03, 0x0C, 0x30, 0xC0, 0x00, 0x00, 0x00, 0x00,
    0x1F, 0x83, 0x0C, 0x60, 0x66, 0x06, 0x60, 0x66, 0x06, 0x60, 0x66, 0x06,
    0x60, 0x63, 0x0C, 0x1F, 0x80, 0x00, 0x00, 0x00, 0x00, 0x00, 0x00, 0x00,
    0x00, 0x00, 0x00, 0x00, 0x03, 0x0C, 0x30, 0xC0, 0x00, 0x00, 0x00, 0x00,
    0x60, 0x66, 0x06, 0x60, 0x66, 0x06, 0x60, 0x66, 0x06, 0x60, 0x66, 0x06,
    0x60, 0x63, 0x06, 0x1F, 0xE0, 0x00, 0x00, 0x00, 0x00, 0x00, 0x00, 0x00,
    0x00, 0x00, 0x00, 0x00, 0x00, 0x00, 0x00, 0x00, 0x00, 0x00, 0x00, 0x00,
    0x00, 0x00, 0x00, 0x00, 0x0F, 0xFF, 0xFF, 0xF0, 0x00, 0x00, 0x00, 0x00,
    0x00, 0x00, 0x00, 0x00, 0x00, 0x00, 0x00, 0x00, 0x00, 0x00, 0x00, 0x00,
    0x06, 0x00, 0x60, 0x06, 0x00, 0x60, 0x06, 0x00, 0x60, 0x06, 0x00, 0x60,
    0x06, 0x00, 0x60, 0x06, 0x00, 0x60, 0x06, 0x00, 0x60, 0x06, 0x00, 0x60,
    0x06, 0x00, 0x60, 0x06, 0x00, 0x60, 0x06, 0x00, 0x60, 0x06, 0x00, 0x60,
    0x00, 0x00, 0x00, 0x00, 0x00, 0x00, 0x00, 0x00, 0x00, 0x00, 0x00, 0x00,
    0x00, 0x00, 0x00, 0x00, 0x00, 0x7F, 0x07, 0xF0, 0x60, 0x06, 0x00, 0x60,
    0x06, 0x00, 0x60, 0x06, 0x00, 0x60, 0x06, 0x00, 0x60, 0x06, 0x00, 0x60,
    0x00, 0x00, 0x00, 0x00, 0x00, 0x00, 0x00, 0x00, 0x00, 0x00, 0x00, 0x00,
    0x00, 0x00, 0x00, 0x00, 0x0F, 0xE0, 0xFE, 0x00, 0x60, 0x06, 0x00, 0x60,
    0x06, 0x00, 0x60, 0x06, 0x00, 0x60, 0x06, 0x00, 0x60, 0x06, 0x00, 0x60,
    0x06, 0x00, 0x60, 0x06, 0x00, 0x60, 0x06, 0x00, 0x60, 0x06, 0x00, 0x60,
    0x06, 0x00, 0x60, 0x06, 0x00, 0x7F, 0x07, 0xF0, 0x00, 0x00, 0x00, 0x00,
    0x00, 0x00, 0x00, 0x00, 0x00, 0x00, 0x00, 0x00, 0x00, 0x00, 0x00, 0x00,
    0x06, 0x00, 0x60, 0x06, 0x00, 0x60, 0x06, 0x00, 0x60, 0x06, 0x00, 0x60,
    0x06, 0x00, 0x60, 0x06, 0x0F, 0xE0, 0xFE, 0x00, 0x00, 0x00, 0x00, 0x00,
    0x00, 0x00, 0x00, 0x00, 0x00, 0x00, 0x00, 0x00, 0x00, 0x00, 0x00, 0x00,
    0x00, 0x00, 0x00, 0x00, 0x06, 0x00, 0x60, 0x06, 0x18, 0x63, 0xC6, 0x7E,
    0x61, 0x86, 0x18, 0x61, 0x86, 0x30, 0x46, 0x00, 0xC0, 0x18, 0x03, 0x00,
    0x60, 0x06, 0x00, 0x60, 0x06, 0x00, 0x60, 0x00, 0x00, 0x00, 0x00, 0x00,
    0x80, 0x0C, 0x00, 0xE0, 0x0F, 0x00, 0xF8, 0x0F, 0xC0, 0xFE, 0x0F, 0xF0,
    0xFF, 0x8F, 0xFC, 0xFF, 0xEF, 0xFF, 0xFF, 0xFF, 0xFE, 0xFF, 0xCF, 0xF8,
    0xFF, 0x0F, 0xE0, 0xFC, 0x0F, 0x80, 0xF0, 0x0E, 0x00, 0xC0, 0x08, 0x00,
    0x80, 0x0C, 0x00, 0x60, 0x03, 0x00, 0x18, 0x00, 0xC0, 0x06, 0x00, 0x30,
    0x01, 0x80, 0x0C, 0x00, 0x60, 0x03, 0x00, 0x30, 0x06, 0x00, 0xC0, 0x18,
    0x03, 0x00, 0x60, 0x0C, 0x01, 0x80, 0x30, 0x06, 0x00, 0xC0, 0x08, 0x00,
    0x00, 0x10, 0x03, 0x00, 0x70, 0x0F, 0x01, 0xF0, 0x3F, 0x07, 0xF0, 0xFF,
    0x1F, 0xF3, 0xFF, 0x7F, 0xFF, 0xFF, 0xFF, 0xF7, 0xFF, 0x3F, 0xF1, 0xFF,
    0x0F, 0xF0, 0x7F, 0x03, 0xF0, 0x1F, 0x00, 0xF0, 0x07, 0x00, 0x30, 0x01,
    0x00, 0x10, 0x03, 0x00, 0x60, 0x0C, 0x01, 0x80, 0x30, 0x06, 0x00, 0xC0,
    0x18, 0x03, 0x00, 0x60, 0x0C, 0x00, 0xC0, 0x06, 0x00, 0x30, 0x01, 0x80,
    0x0C, 0x00, 0x60, 0x03, 0x00, 0x18, 0x00, 0xC0, 0x06, 0x00, 0x30, 0x01,
    0x00, 0x00, 0x00, 0x00, 0x3C, 0x00, 0x00, 0x66, 0x00, 0x00, 0x42, 0x00,
    0x00, 0x72, 0x00, 0x00, 0x42, 0x00, 0x00, 0x72, 0x00, 0x00, 0x42, 0x00,
    0x00, 0x62, 0x00, 0x00, 0x72, 0x00, 0x00, 0x42, 0x00, 0x00, 0x5A, 0x00,
    0x00, 0x5A, 0x00, 0x00, 0x5A, 0x00, 0x00, 0x5A, 0x00, 0x00, 0xDB, 0x00,
    0x01, 0xBD, 0x80, 0x01, 0x7E, 0x80, 0x01, 0x7E, 0x80, 0x01, 0xBD, 0x80,
    0x00, 0x99, 0x00, 0x00, 0xE7, 0x00, 0x00, 0x3C, 0x00, 0x00, 0x00, 0x00,
    0x00, 0x00, 0x00, 0x00, 0x06, 0x00, 0x00, 0x0E, 0x00, 0x07, 0x0A, 0x00,
    0x07, 0x92, 0x00, 0x06, 0x7F, 0x18, 0x02, 0xEF, 0xF8, 0x03, 0x81, 0x98,
    0x0F, 0x00, 0xD0, 0x7E, 0x00, 0x60, 0x66, 0x00, 0x60, 0x34, 0x00, 0x38,
    0x0C, 0x00, 0x2C, 0x06, 0x00, 0x66, 0x06, 0x00, 0x7E, 0x0B, 0x00, 0xE0,
    0x19, 0x81, 0xC0, 0x1F, 0xFF, 0x40, 0x18, 0xFF, 0x60, 0x00, 0xC9, 0xE0,
    0x00, 0x50, 0xE0, 0x00, 0x70, 0x00, 0x00, 0x60, 0x00, 0x00, 0x00, 0x00,
    0x00, 0x00, 0x00, 0x00, 0x00, 0x00, 0x00, 0x00, 0x00, 0x00, 0x00, 0x00,
    0x00, 0x0F, 0x80, 0x00, 0x38, 0xC0, 0x00, 0x60, 0x20, 0x00, 0x40, 0x30,
    0x03, 0xC0, 0x10, 0x06, 0x20, 0x10, 0x04, 0x30, 0x10, 0x0C, 0x10, 0x18,
    0x38, 0x00, 0x04, 0x60, 0x00, 0x06, 0x40, 0x00, 0x02, 0x40, 0x00, 0x02,
    0x60, 0x00, 0x06, 0x1F, 0x00, 0x1C, 0x01, 0xFC, 0x60, 0x00, 0x07, 0xC0,
    0x00, 0x00, 0x00, 0x00, 0x00, 0x00, 0x00, 0x00, 0x00, 0x00, 0x00, 0x00,
    0x00, 0x00, 0x00, 0x00, 0x0F, 0x80, 0x00, 0x38, 0xC0, 0x00, 0x60, 0x20,
    0x00, 0x40, 0x30, 0x03, 0xE0, 0x10, 0x06, 0x30, 0x18, 0x0C, 0x10, 0x10,
    0x1C, 0x10, 0x1C, 0x38, 0x00, 0x06, 0x60, 0x00, 0x02, 0x40, 0x00, 0x02,
    0x60, 0x00, 0x06, 0x3F, 0xFF, 0xFC, 0x00, 0x00, 0x00, 0x0C, 0x18, 0x10,
    0x0C, 0x18, 0x30, 0x1C, 0x18, 0x30, 0x00, 0x00, 0x00, 0x00, 0x83, 0x00,
    0x01, 0x83, 0x00, 0x01, 0x83, 0x00, 0x00, 0x00, 0x00, 0x00, 0x00, 0x00,
    0x00, 0x00, 0x00, 0x00, 0x42, 0x00, 0x00, 0x42, 0x00, 0x00, 0xE7, 0x00,
    0x0C, 0xFF, 0x30, 0x0F, 0x81, 0xF0, 0x07, 0x00, 0xE0, 0x06, 0x00, 0x60,
    0x1C, 0x00, 0x38, 0x78, 0xDB, 0x1E, 0x18, 0xDB, 0x18, 0x08, 0x08, 0x10,
    0x08, 0x08, 0x10, 0x18, 0x00, 0x18, 0x78, 0x3C, 0x1E, 0x1C, 0x18, 0x38,
    0x06, 0x00, 0x60, 0x07, 0x00, 0xE0, 0x0F, 0x81, 0xF0, 0x0C, 0xFF, 0x30,
    0x00, 0xE7, 0x00, 0x00, 0x42, 0x00, 0x00, 0x42, 0x00, 0x00, 0x00, 0x00,
    0x00, 0x00, 0x00, 0x00, 0x00, 0xC0, 0x00, 0x00, 0x60, 0x00, 0x00, 0x70,
    0x00, 0x00, 0x48, 0x00, 0x00, 0x6C, 0x00, 0x00, 0x64, 0x00, 0x00, 0x66,
    0x00, 0x00, 0x66, 0x00, 0x00, 0x62, 0x00, 0x00, 0x42, 0x00, 0x00, 0xC2,
    0x00, 0x00, 0xC2, 0x00, 0x01, 0x86, 0x00, 0x03, 0x06, 0x60, 0x0E, 0x04,
    0x3F, 0xF8, 0x0C, 0x37, 0xE0, 0x18, 0x18, 0x00, 0x30, 0x0C, 0x00, 0x60,
    0x07, 0x83, 0xC0, 0x00, 0xFF, 0x00, 0x00, 0x00, 0x00, 0x00, 0x00, 0x00
};

const BitmapGlyph Spleen12x24Glyphs[] PROGMEM = {
    { 0x0020,     0, 12, 24, 12,   0, -19 },
    { 0x0021,    36, 12, 24, 12,   0, -19 },
    { 0x0022,    72, 12, 24, 12,   0, -19 },
    { 0x0023,   108, 12, 24, 12,   0, -19 },
    { 0x0024,   144, 12, 24, 12,   0, -19 },
    { 0x0025,   180, 12, 24, 12,   0, -19 },
    { 0x0026,   216, 12, 24, 12,   0, -19 },
    { 0x0027,   252, 12, 24, 12,   0, -19 },
    { 0x0028,   288, 12, 24, 12,   0, -19 },
    { 0x0029,   324, 12, 24, 12,   0, -19 },
    { 0x002A,   360, 12, 24, 12,   0, -19 },
    { 0x002B,   396, 12, 24, 12,   0, -19 },
    { 0x002C,   432, 12, 24, 12,   0, -19 },
    { 0x002D,   468, 12, 24, 12,   0, -19 },
    { 0x002E,   504, 12, 24, 12,   0, -19 },
    { 0x002F,   540, 12, 24, 12,   0, -19 },
    { 0x0030,   576, 12, 24, 12,   0, -19 },
    { 0x0031,   612, 12, 24, 12,   0, -19 },
    { 0x0032,   648, 12, 24, 12,   0, -19 },
    { 0x0033,   684, 12, 24, 12,   0, -19 },
    { 0x0034,   720, 12, 24, 12,   0, -19 },
    { 0x0035,   756, 12, 24, 12,   0, -19 },
    { 0x0036,   792, 12, 24, 12,   0, -19 },
    { 0x0037,   828, 12, 24, 12,   0, -19 },
    { 0x0038,   864, 12, 24, 12,   0, -19 },
    { 0x0039,   900, 12, 24, 12,   0, -19 },
    { 0x003A,   936, 12, 24, 12,   0, -19 },
    { 0x003B,   972, 12, 24, 12,   0, -19 },
    { 0x003C,  1008, 12, 24, 12,   0, -19 },
    { 0x003D,  1044, 12, 24, 12,   0, -19 },
    { 0x003E,  1080, 12, 24, 12,   0, -19 },
    { 0x003F,  1116, 12, 24, 12,   0, -19 },
    { 0x0040,  1152, 12, 24, 12,   0, -19 },
    { 0x0041,  1188, 12, 24, 12,   0, -19 },
    { 0x0042,  1224, 12, 24, 12,   0, -19 },
    { 0x0043,  1260, 12, 24, 12,   0, -19 },
    { 0x0044,  1296, 12, 24, 12,   0, -19 },
    { 0x0045,  1332, 12, 24, 12,   0, -19 },
    { 0x0046,  1368, 12, 24, 12,   0, -19 },
    { 0x0047,  1404, 12, 24, 12,   0, -19 },
    { 0x0048,  1440, 12, 24, 12,   0, -19 },
    { 0x0049,  1476, 12, 24, 12,   0, -19 },
    { 0x004A,  1512, 12, 24, 12,   0, -19 },
    { 0x004B,  1548, 12, 24, 12,   0, -19 },
    { 0x004C,  1584, 12, 24, 12,   0, -19 },
    { 0x004D,  1620, 12, 24, 12,   0, -19 },
    { 0x004E,  1656, 12, 24, 12,   0, -19 },
    { 0x004F,  1692, 12, 24, 12,   0, -19 },
    { 0x0050,  1728, 12, 24, 12,   0, -19 },
    { 0x0051,  1764, 12, 24, 12,   0, -19 },
    { 0x0052,  1800, 12, 24, 12,   0, -19 },
    { 0x0053,  1836, 12, 24, 12,   0, -19 },
    { 0x0054,  1872, 12, 24, 12,   0, -19 },
    { 0x0055,  1908, 12, 24, 12,   0, -19 },
    { 0x0056,  1944, 12, 24, 12,   0, -19 },
    { 0x0057,  1980, 12, 24, 12,   0, -19 },
    { 0x0058,  2016, 12, 24, 12,   0, -19 },
    { 0x0059,  2052, 12, 24, 12,   0, -19 },
    { 0x005A,  2088, 12, 24, 12,   0, -19 },
    { 0x005B,  2124, 12, 24, 12,   0, -19 },
    { 0x005C,  2160, 12, 24, 12,   0, -19 },
    { 0x005D,  2196, 12, 24, 12,   0, -19 },
    { 0x005E,  2232, 12, 24, 12,   0, -19 },
    { 0x005F,  2268, 12, 24, 12,   0, -19 },
    { 0x0060,  2304, 12, 24, 12,   0, -19 },
    { 0x0061,  2340, 12, 24, 12,   0, -19 },
    { 0x0062,  2376, 12, 24, 12,   0, -19 },
    { 0x0063,  2412, 12, 24, 12,   0, -19 },
    { 0x0064,  2448, 12, 24, 12,   0, -19 },
    { 0x0065,  2484, 12, 24, 12,   0, -19 },
    { 0x0066,  2520, 12, 24, 12,   0, -19 },
    { 0x0067,  2556, 12, 24, 12,   0, -19 },
    { 0x0068,  2592, 12, 24, 12,   0, -19 },
    { 0x0069,  2628, 12, 24, 12,   0, -19 },
    { 0x006A,  2664, 12, 24, 12,   0, -19 },
    { 0x006B,  2700, 12, 24, 12,   0, -19 },
    { 0x006C,  2736, 12, 24, 12,   0, -19 },
    { 0x006D,  2772, 12, 24, 12,   0, -19 },
    { 0x006E,  2808, 12, 24, 12,   0, -19 },
    { 0x006F,  2844, 12, 24, 12,   0, -19 },
    { 0x0070,  2880, 12, 24, 12,   0, -19 },
    { 0x0071,  2916, 12, 24, 12,   0, -19 },
    { 0x0072,  2952, 12, 24, 12,   0, -19 },
    { 0x0073,  2988, 12, 24, 12,   0, -19 },
    { 0x0074,  3024, 12, 24, 12,   0, -19 },
    { 0x0075,  3060, 12, 24, 12,   0, -19 },
    { 0x0076,  3096, 12, 24, 12,   0, -19 },
    { 0x0077,  3132, 12, 24, 12,   0, -19 },
    { 0x0078,  3168, 12, 24, 12,   0, -19 },
    { 0x0079,  3204, 12, 24, 12,   0, -19 },
    { 0x007A,  3240, 12, 24, 12,   0, -19 },
    { 0x007B,  3276, 12, 24, 12,   0, -19 },
    { 0x007C,  3312, 12, 24, 12,   0, -19 },
    { 0x007D,  3348, 12, 24, 12,   0, -19 },
    { 0x007E,  3384, 12, 24, 12,   0, -19 },
    { 0x00B0,  3420, 12, 24, 12,   0, -19 },
    { 0x00C4,  3456, 12, 24, 12,   0, -19 },
    { 0x00D6,  3492, 12, 24, 12,   0, -19 },
    { 0x00DC,  3528, 12, 24, 12,   0, -19 },
    { 0x00DF,  3564, 12, 24, 12,   0, -19 },
    { 0x00E4,  3600, 12, 24, 12,   0, -19 },
    { 0x00F6,  3636, 12, 24, 12,   0, -19 },
    { 0x00FC,  3672, 12, 24, 12,   0, -19 },
    { 0x2500,  3708, 12, 24, 12,   0, -19 },
    { 0x2502,  3744, 12, 24, 12,   0, -19 },
    { 0x250C,  3780, 12, 24, 12,   0, -19 },
    { 0x2510,  3816, 12, 24, 12,   0, -19 },
    { 0x2514,  3852, 12, 24, 12,   0, -19 },
    { 0x2518,  3888, 12, 24, 12,   0, -19 },
    { 0xE0A0,  3924, 12, 24, 12,   0, -19 },
    { 0xE0B0,  3960, 12, 24, 12,   0, -19 },
    { 0xE0B1,  3996, 12, 24, 12,   0, -19 },
    { 0xE0B2,  4032, 12, 24, 12,   0, -19 },
    { 0xE0B3,  4068, 12, 24, 12,   0, -19 },
    { 0x1F321,  4104, 24, 24, 24,   0, -19 },
    { 0x2600,  4176, 24, 24, 24,   0, -19 },
    { 0x2601,  4248, 24, 24, 24,   0, -19 },
    { 0x1F327,  4320, 24, 24, 24,   0, -19 },
    { 0x1F31E,  4392, 24, 24, 24,   0, -19 },
    { 0x1F319,  4464, 24, 24, 24,   0, -19 }
};

const BitmapFont Spleen12x24 = {
    Spleen12x24Bitmaps,
    Spleen12x24Glyphs,
    120,
    24,
    19
};

const uint8_t Spleen16x32Bitmaps[] PROGMEM = {
    0x00, 0x00, 0x00, 0x00, 0x00, 0x00, 0x00, 0x00, 0x00, 0x00, 0x00, 0x00,
    0x00, 0x00, 0x00, 0x00, 0x00, 0x00, 0x00, 0x00, 0x00, 0x00, 0x00, 0x00,
    0x00, 0x00, 0x00, 0x00, 0x00, 0x00, 0x00, 0x00, 0x00, 0x00, 0x00, 0x00,
    0x00, 0x00, 0x00, 0x00, 0x00, 0x00, 0x00, 0x00, 0x00, 0x00, 0x00, 0x00,
    0x00, 0x00, 0x00, 0x00, 0x00, 0x00, 0x00, 0x00, 0x00, 0x00, 0x00, 0x00,
    0x00, 0x00, 0x00, 0x00, 0x00, 0x00, 0x00, 0x00, 0x00, 0x00, 0x00, 0x00,
    0x00, 0x00, 0x00, 0x00, 0x01, 0x80, 0x01, 0x80, 0x01, 0x80, 0x01, 0x80,
    0x01, 0x80, 0x01, 0x80, 0x01, 0x80, 0x01, 0x80, 0x01, 0x80, 0x01, 0x80,
    0x01, 0x80, 0x01, 0x80, 0x01, 0x80, 0x01, 0x80, 0x00, 0x00, 0x00, 0x00,
    0x00, 0x00, 0x01, 0x80, 0x01, 0x80, 0x01, 0x80, 0x00, 0x00, 0x00, 0x00,
    0x00, 0x00, 0x00, 0x00, 0x00, 0x00, 0x00, 0x00, 0x00, 0x00, 0x00, 0x00,
    0x00, 0x00, 0x00, 0x00, 0x18, 0x18, 0x18, 0x18, 0x18, 0x18, 0x18, 0x18,
    0x18, 0x18, 0x18, 0x18, 0x18, 0x18, 0x18, 0x18, 0x00, 0x00, 0x00, 0x00,
    0x00, 0x00, 0x00, 0x00, 0x00, 0x00, 0x00, 0x00, 0x00, 0x00, 0x00, 0x00,
    0x00, 0x00, 0x00, 0x00, 0x00, 0x00, 0x00, 0x00, 0x00, 0x00, 0x00, 0x00,
    0x00, 0x00, 0x00, 0x00, 0x00, 0x00, 0x00, 0x00, 0x00, 0x00, 0x00, 0x00,
    0x00, 0x00, 0x00, 0x00, 0x00, 0x00, 0x00, 0x00, 0x00, 0x00, 0x00, 0x00,
    0x18, 0x18, 0x18, 0x18, 0x18, 0x18, 0x18, 0x18, 0x7F, 0xFE, 0x7F, 0xFE,
    0x18, 0x18, 0x18, 0x18, 0x18, 0x18, 0x18, 0x18, 0x18, 0x18, 0x18, 0x18,
    0x18, 0x18, 0x18, 0x18, 0x7F, 0xFE, 0x7F, 0xFE, 0x18, 0x18, 0x18, 0x18,
    0x18, 0x18, 0x18, 0x18, 0x00, 0x00, 0x00, 0x00, 0x00, 0x00, 0x00, 0x00,
    0x00, 0x00, 0x00, 0x00, 0x00, 0x00, 0x00, 0x00, 0x00, 0x00, 0x00, 0x00,
    0x01, 0x80, 0x01, 0x80, 0x0F, 0xFC, 0x1F, 0xFC, 0x39, 0x80, 0x31, 0x80,
    0x31, 0x80, 0x31, 0x80, 0x31, 0x80, 0x39, 0x80, 0x1F, 0xF0, 0x0F, 0xF8,
    0x01, 0x9C, 0x01, 0x8C, 0x01, 0x8C, 0x01, 0x8C, 0x01, 0x8C, 0x01, 0x8C,
    0x01, 0x8C, 0x01, 0x9C, 0x3F, 0xF8, 0x3F, 0xF0, 0x01, 0x80, 0x01, 0x80,
    0x00, 0x00, 0x00, 0x00, 0x00, 0x00, 0x00, 0x00, 0x00, 0x00, 0x00, 0x00,
    0x00, 0x00, 0x00, 0x00, 0x00, 0x00, 0x00, 0x00, 0x00, 0x0C, 0x0E, 0x0C,
    0x1B, 0x18, 0x1B, 0x18, 0x1B, 0x30, 0x0E, 0x30, 0x00, 0x60, 0x00, 0x60,
    0x00, 0xC0, 0x00, 0xC0, 0x01, 0x80, 0x01, 0x80, 0x03, 0x00, 0x03, 0x00,
    0x06, 0x38, 0x06, 0x6C, 0x0C, 0x6C, 0x0C, 0x6C, 0x18, 0x38, 0x18, 0x00,
    0x00, 0x00, 0x00, 0x00, 0x00, 0x00, 0x00, 0x00, 0x00, 0x00, 0x00, 0x00,
    0x00, 0x00, 0x00, 0x00, 0x00, 0x00, 0x00, 0x00, 0x00, 0x00, 0x00, 0x00,
    0x07, 0xE0, 0x0F, 0xF0, 0x1C, 0x38, 0x18, 0x18, 0x18, 0x18, 0x18, 0x18,
    0x18, 0x18, 0x1C, 0x38, 0x0F, 0xF0, 0x07, 0xE0, 0x1F, 0x80, 0x3F, 0xC0,
    0x70, 0xEC, 0x60, 0x7C, 0x60, 0x38, 0x60, 0x30, 0x60, 0x38, 0x70, 0x7C,
    0x3F, 0xEE, 0x1F, 0xC6, 0x00, 0x00, 0x00, 0x00, 0x00, 0x00, 0x00, 0x00,
    0x00, 0x00, 0x00, 0x00, 0x00, 0x00, 0x00, 0x00, 0x00, 0x00, 0x00, 0x00,
    0x01, 0x80, 0x01, 0x80, 0x01, 0x80, 0x01, 0x80, 0x01, 0x80, 0x01, 0x80,
    0x01, 0x80, 0x01, 0x80, 0x00, 0x00, 0x00, 0x00, 0x00, 0x00, 0x00, 0x00,
    0x00, 0x00, 0x00, 0x00, 0x00, 0x00, 0x00, 0x00, 0x00, 0x00, 0x00, 0x00,
    0x00, 0x00, 0x00, 0x00, 0x00, 0x00, 0x00, 0x00, 0x00, 0x00, 0x00, 0x00,
    0x00, 0x00, 0x00, 0x00, 0x00, 0x00, 0x00, 0x00, 0x00, 0x00, 0x00, 0x00,
    0x00, 0x00, 0x00, 0x3C, 0x00, 0xFC, 0x01, 0xE0, 0x03, 0x80, 0x07, 0x00,
    0x06, 0x00, 0x0E, 0x00, 0x0C, 0x00, 0x1C, 0x00, 0x18, 0x00, 0x18, 0x00,
    0x18, 0x00, 0x18, 0x00, 0x18, 0x00, 0x18, 0x00, 0x18, 0x00, 0x18, 0x00,
    0x1C, 0x00, 0x0C, 0x00, 0x0E, 0x00, 0x06, 0x00, 0x07, 0x00, 0x03, 0x80,
    0x01, 0xE0, 0x00, 0xFC, 0x00, 0x3C, 0x00, 0x00, 0x00, 0x00, 0x00, 0x00,
    0x00, 0x00, 0x00, 0x00, 0x00, 0x00, 0x3C, 0x00, 0x3F, 0x00, 0x07, 0x80,
    0x01, 0xC0, 0x00, 0xE0, 0x00, 0x60, 0x00, 0x70, 0x00, 0x30, 0x00, 0x38,
    0x00, 0x18, 0x00, 0x18, 0x00, 0x18, 0x00, 0x18, 0x00, 0x18, 0x00, 0x18,
    0x00, 0x18, 0x00, 0x18, 0x00, 0x38, 0x00, 0x30, 0x00, 0x70, 0x00, 0x60,
    0x00, 0xE0, 0x01, 0xC0, 0x07, 0x80, 0x3F, 0x00, 0x3C, 0x00, 0x00, 0x00,
    0x00, 0x00, 0x00, 0x00, 0x00, 0x00, 0x00, 0x00, 0x00, 0x00, 0x00, 0x00,
    0x00, 0x00, 0x00, 0x00, 0x00, 0x00, 0x00, 0x00, 0x00, 0x00, 0x00, 0x00,
    0x18, 0x18, 0x1C, 0x38, 0x0E, 0x70, 0x07, 0xE0, 0x03, 0xC0, 0x03, 0xC0,
    0x7F, 0xFE, 0x7F, 0xFE, 0x03, 0xC0, 0x03, 0xC0, 0x07, 0xE0, 0x0E, 0x70,
    0x1C, 0x38, 0x18, 0x18, 0x00, 0x00, 0x00, 0x00, 0x00, 0x00, 0x00, 0x00,
    0x00, 0x00, 0x00, 0x00, 0x00, 0x00, 0x00, 0x00, 0x00, 0x00, 0x00, 0x00,
    0x00, 0x00, 0x00, 0x00, 0x00, 0x00, 0x00, 0x00, 0x00, 0x00, 0x00, 0x00,
    0x00, 0x00, 0x00, 0x00, 0x00, 0x00, 0x00, 0x00, 0x01, 0x80, 0x01, 0x80,
    0x01, 0x80, 0x01, 0x80, 0x1F, 0xF8, 0x1F, 0xF8, 0x01, 0x80, 0x01, 0x80,
    0x01, 0x80, 0x01, 0x80, 0x00, 0x00, 0x00, 0x00, 0x00, 0x00, 0x00, 0x00,
    0x00, 0x00, 0x00, 0x00, 0x00, 0x00, 0x00, 0x00, 0x00, 0x00, 0x00, 0x00,
    0x00, 0x00, 0x00, 0x00, 0x00, 0x00, 0x00, 0x00, 0x00, 0x00, 0x00, 0x00,
    0x00, 0x00, 0x00, 0x00, 0x00, 0x00, 0x00, 0x00, 0x00, 0x00, 0x00, 0x00,
    0x00, 0x00, 0x00, 0x00, 0x00, 0x00, 0x00, 0x00, 0x00, 0x00, 0x00, 0x00,
    0x00, 0x00, 0x00, 0x00, 0x00, 0x00, 0x00, 0x00, 0x01, 0x80, 0x01, 0x80,
    0x01, 0x80, 0x03, 0x80, 0x07, 0x00, 0x06, 0x00, 0x00, 0x00, 0x00, 0x00,
    0x00, 0x00, 0x00, 0x00, 0x00, 0x00, 0x00, 0x00, 0x00, 0x00, 0x00, 0x00,
    0x00, 0x00, 0x00, 0x00, 0x00, 0x00, 0x00, 0x00, 0x00, 0x00, 0x00, 0x00,
    0x00, 0x00, 0x00, 0x00, 0x00, 0x00, 0x00, 0x00, 0x00, 0x00, 0x00, 0x00,
    0x3F, 0xFC, 0x3F, 0xFC, 0x00, 0x00, 0x00, 0x00, 0x00, 0x00, 0x00, 0x00,
    0x00, 0x00, 0x00, 0x00, 0x00, 0x00, 0x00, 0x00, 0x00, 0x00, 0x00, 0x00,
    0x00, 0x00, 0x00, 0x00, 0x00, 0x00, 0x00, 0x00, 0x00, 0x00, 0x00, 0x00,
    0x00, 0x00, 0x00, 0x00, 0x00, 0x00, 0x00, 0x00, 0x00, 0x00, 0x00, 0x00,
    0x00, 0x00, 0x00, 0x00, 0x00, 0x00, 0x00, 0x00, 0x00, 0x00, 0x00, 0x00,
    0x00, 0x00, 0x00, 0x00, 0x00, 0x00, 0x00, 0x00, 0x00, 0x00, 0x00, 0x00,
    0x00, 0x00, 0x00, 0x00, 0x00, 0x00, 0x01, 0x80, 0x01, 0x80, 0x01, 0x80,
    0x00, 0x00, 0x00, 0x00, 0x00, 0x00, 0x00, 0x00, 0x00, 0x00, 0x00, 0x00,
    0x00, 0x00, 0x00, 0x00, 0x00, 0x00, 0x00, 0x06, 0x00, 0x06, 0x00, 0x0C,
    0x00, 0x0C, 0x00, 0x18, 0x00, 0x18, 0x00, 0x30, 0x00, 0x30, 0x00, 0x60,
    0x00, 0x60, 0x00, 0xC0, 0x00, 0xC0, 0x01, 0x80, 0x01, 0x80, 0x03, 0x00,
    0x03, 0x00, 0x06, 0x00, 0x06, 0x00, 0x0C, 0x00, 0x0C, 0x00, 0x18, 0x00,
    0x18, 0x00, 0x30, 0x00, 0x30, 0x00, 0x60, 0x00, 0x60, 0x00, 0x00, 0x00,
    0x00, 0x00, 0x00, 0x00, 0x00, 0x00, 0x00, 0x00, 0x00, 0x00, 0x00, 0x00,
    0x00, 0x00, 0x00, 0x00, 0x0F, 0xF0, 0x1F, 0xF8, 0x38, 0x1C, 0x30, 0x0C,
    0x30, 0x0C, 0x30, 0x1C, 0x30, 0x3C, 0x30, 0x7C, 0x30, 0xEC, 0x31, 0xCC,
    0x33, 0x8C, 0x37, 0x0C, 0x3E, 0x0C, 0x3C, 0x0C, 0x38, 0x0C, 0x30, 0x0C,
    0x30, 0x0C, 0x38, 0x1C, 0x1F, 0xF8, 0x0F, 0xF0, 0x00, 0x00, 0x00, 0x00,
    0x00, 0x00, 0x00, 0x00, 0x00, 0x00, 0x00, 0x00, 0x00, 0x00, 0x00, 0x00,
    0x00, 0x00, 0x00, 0x00, 0x00, 0x00, 0x00, 0x00, 0x03, 0x80, 0x07, 0x80,
    0x0D, 0x80, 0x19, 0x80, 0x11, 0x80, 0x01, 0x80, 0x01, 0x80, 0x01, 0x80,
    0x01, 0x80, 0x01, 0x80, 0x01, 0x80, 0x01, 0x80, 0x01, 0x80, 0x01, 0x80,
    0x01, 0x80, 0x01, 0x80, 0x01, 0x80, 0x01, 0x80, 0x1F, 0xF8, 0x1F, 0xF8,
    0x00, 0x00, 0x00, 0x00, 0x00, 0x00, 0x00, 0x00, 0x00, 0x00, 0x00, 0x00,
    0x00, 0x00, 0x00, 0x00, 0x00, 0x00, 0x00, 0x00, 0x00, 0x00, 0x00, 0x00,
    0x0F, 0xF0, 0x1F, 0xF8, 0x38, 0x1C, 0x30, 0x0C, 0x00, 0x0C, 0x00, 0x0C,
    0x00, 0x0C, 0x00, 0x18, 0x00, 0x30, 0x00, 0x60, 0x00, 0xC0, 0x01, 0x80,
    0x03, 0x00, 0x06, 0x00, 0x0C, 0x00, 0x18, 0x00, 0x30, 0x0C, 0x30, 0x0C,
    0x3F, 0xFC, 0x3F, 0xFC, 0x00, 0x00, 0x00, 0x00, 0x00, 0x00, 0x00, 0x00,
    0x00, 0x00, 0x00, 0x00, 0x00, 0x00, 0x00, 0x00, 0x00, 0x00, 0x00, 0x00,
    0x00, 0x00, 0x00, 0x00, 0x0F, 0xF0, 0x1F, 0xF8, 0x38, 0x1C, 0x30, 0x0C,
    0x00, 0x0C, 0x00, 0x0C, 0x00, 0x0C, 0x00, 0x18, 0x07, 0xF0, 0x07, 0xF0,
    0x00, 0x18, 0x00, 0x0C, 0x00, 0x0C, 0x00, 0x0C, 0x00, 0x0C, 0x00, 0x0C,
    0x30, 0x0C, 0x38, 0x1C, 0x1F, 0xF8, 0x0F, 0xF0, 0x00, 0x00, 0x00, 0x00,
    0x00, 0x00, 0x00, 0x00, 0x00, 0x00, 0x00, 0x00, 0x00, 0x00, 0x00, 0x00,
    0x00, 0x00, 0x00, 0x00, 0x00, 0x00, 0x00, 0x00, 0x30, 0x00, 0x30, 0x00,
    0x30, 0x00, 0x30, 0x00, 0x30, 0x30, 0x30, 0x30, 0x30, 0x30, 0x30, 0x30,
    0x30, 0x30, 0x30, 0x30, 0x30, 0x30, 0x30, 0x30, 0x3F, 0xFC, 0x3F, 0xFC,
    0x00, 0x30, 0x00, 0x30, 0x00, 0x30, 0x00, 0x30, 0x00, 0x30, 0x00, 0x30,
    0x00, 0x00, 0x00, 0x00, 0x00, 0x00, 0x00, 0x00, 0x00, 0x00, 0x00, 0x00,
    0x00, 0x00, 0x00, 0x00, 0x00, 0x00, 0x00, 0x00, 0x00, 0x00, 0x00, 0x00,
    0x3F, 0xFC, 0x3F, 0xFC, 0x30, 0x0C, 0x30, 0x0C, 0x30, 0x00, 0x30, 0x00,
    0x30, 0x00, 0x30, 0x00, 0x3F, 0xF0, 0x3F, 0xF8, 0x00, 0x1C, 0x00, 0x0C,
    0x00, 0x0C, 0x00, 0x0C, 0x00, 0x0C, 0x00, 0x0C, 0x30, 0x0C, 0x38, 0x1C,
    0x1F, 0xF8, 0x0F, 0xF0, 0x00, 0x00, 0x00, 0x00, 0x00, 0x00, 0x00, 0x00,
    0x00, 0x00, 0x00, 0x00, 0x00, 0x00, 0x00, 0x00, 0x00, 0x00, 0x00, 0x00,
    0x00, 0x00, 0x00, 0x00, 0x0F, 0xF0, 0x1F, 0xF8, 0x38, 0x1C, 0x30, 0x0C,
    0x30, 0x00, 0x30, 0x00, 0x30, 0x00, 0x30, 0x00, 0x3F, 0xF0, 0x3F, 0xF8,
    0x30, 0x1C, 0x30, 0x0C, 0x30, 0x0C, 0x30, 0x0C, 0x30, 0x0C, 0x30, 0x0C,
    0x30, 0x0C, 0x38, 0x1C, 0x1F, 0xF8, 0x0F, 0xF0, 0x00, 0x00, 0x00, 0x00,
    0x00, 0x00, 0x00, 0x00, 0x00, 0x00, 0x00, 0x00, 0x00, 0x00, 0x00, 0x00,
    0x00, 0x00, 0x00, 0x00, 0x00, 0x00, 0x00, 0x00, 0x3F, 0xFC, 0x3F, 0xFC,
    0x30, 0x0C, 0x30, 0x0C, 0x00, 0x0C, 0x00, 0x0C, 0x00, 0x0C, 0x00, 0x18,
    0x00, 0x30, 0x00, 0x60, 0x00, 0xC0, 0x01, 0x80, 0x03, 0x00, 0x03, 0x00,
    0x03, 0x00, 0x03, 0x00, 0x03, 0x00, 0x03, 0x00, 0x03, 0x00, 0x03, 0x00,
    0x00, 0x00, 0x00, 0x00, 0x00, 0x00, 0x00, 0x00, 0x00, 0x00, 0x00, 0x00,
    0x00, 0x00, 0x00, 0x00, 0x00, 0x00, 0x00, 0x00, 0x00, 0x00, 0x00, 0x00,
    0x0F, 0xF0, 0x1F, 0xF8, 0x38, 0x1C, 0x30, 0x0C, 0x30, 0x0C, 0x30, 0x0C,
    0x30, 0x0C, 0x18, 0x18, 0x0F, 0xF0, 0x0F, 0xF0, 0x18, 0x18, 0x30, 0x0C,
    0x30, 0x0C, 0x30, 0x0C, 0x30, 0x0C, 0x30, 0x0C, 0x30, 0x0C, 0x38, 0x1C,
    0x1F, 0xF8, 0x0F, 0xF0, 0x00, 0x00, 0x00, 0x00, 0x00, 0x00, 0x00, 0x00,
    0x00, 0x00, 0x00, 0x00, 0x00, 0x00, 0x00, 0x00, 0x00, 0x00, 0x00, 0x00,
    0x00, 0x00, 0x00, 0x00, 0x0F, 0xF0, 0x1F, 0xF8, 0x38, 0x1C, 0x30, 0x0C,
    0x30, 0x0C, 0x30, 0x0C, 0x30, 0x0C, 0x30, 0x0C, 0x30, 0x0C, 0x38, 0x0C,
    0x1F, 0xFC, 0x0F, 0xFC, 0x00, 0x0C, 0x00, 0x0C, 0x00, 0x0C, 0x00, 0x0C,
    0x30, 0x0C, 0x38, 0x1C, 0x1F, 0xF8, 0x0F, 0xF0, 0x00, 0x00, 0x00, 0x00,
    0x00, 0x00, 0x00, 0x00, 0x00, 0x00, 0x00, 0x00, 0x00, 0x00, 0x00, 0x00,
    0x00, 0x00, 0x00, 0x00, 0x00, 0x00, 0x00, 0x00, 0x00, 0x00, 0x00, 0x00,
    0x00, 0x00, 0x00, 0x00, 0x00, 0x00, 0x00, 0x00, 0x00, 0x00, 0x01, 0x80,
    0x01, 0x80, 0x01, 0x80, 0x00, 0x00, 0x00, 0x00, 0x00, 0x00, 0x00, 0x00,
    0x00, 0x00, 0x00, 0x00, 0x00, 0x00, 0x01, 0x80, 0x01, 0x80, 0x01, 0x80,
    0x00, 0x00, 0x00, 0x00, 0x00, 0x00, 0x00, 0x00, 0x00, 0x00, 0x00, 0x00,
    0x00, 0x00, 0x00, 0x00, 0x00, 0x00, 0x00, 0x00, 0x00, 0x00, 0x00, 0x00,
    0x00, 0x00, 0x00, 0x00, 0x00, 0x00, 0x00, 0x00, 0x00, 0x00, 0x00, 0x00,
    0x00, 0x00, 0x01, 0x80, 0x01, 0x80, 0x01, 0x80, 0x00, 0x00, 0x00, 0x00,
    0x00, 0x00, 0x00, 0x00, 0x00, 0x00, 0x00, 0x00, 0x01, 0x80, 0x01, 0x80,
    0x01, 0x80, 0x03, 0x80, 0x07, 0x00, 0x06, 0x00, 0x00, 0x00, 0x00, 0x00,
    0x00, 0x00, 0x00, 0x00, 0x00, 0x00, 0x00, 0x00, 0x00, 0x00, 0x00, 0x00,
    0x00, 0x00, 0x00, 0x00, 0x00, 0x1C, 0x00, 0x38, 0x00, 0x70, 0x00, 0xE0,
    0x01, 0xC0, 0x03, 0x80, 0x07, 0x00, 0x0E, 0x00, 0x1C, 0x00, 0x38, 0x00,
    0x38, 0x00, 0x1C, 0x00, 0x0E, 0x00, 0x07, 0x00, 0x03, 0x80, 0x01, 0xC0,
    0x00, 0xE0, 0x00, 0x70, 0x00, 0x38, 0x00, 0x1C, 0x00, 0x00, 0x00, 0x00,
    0x00, 0x00, 0x00, 0x00, 0x00, 0x00, 0x00, 0x00, 0x00, 0x00, 0x00, 0x00,
    0x00, 0x00, 0x00, 0x00, 0x00, 0x00, 0x00, 0x00, 0x00, 0x00, 0x00, 0x00,
    0x00, 0x00, 0x00, 0x00, 0x00, 0x00, 0x00, 0x00, 0x3F, 0xFC, 0x3F, 0xFC,
    0x00, 0x00, 0x00, 0x00, 0x00, 0x00, 0x00, 0x00, 0x3F, 0xFC, 0x3F, 0xFC,
    0x00, 0x00, 0x00, 0x00, 0x00, 0x00, 0x00, 0x00, 0x00, 0x00, 0x00, 0x00,
    0x00, 0x00, 0x00, 0x00, 0x00, 0x00, 0x00, 0x00, 0x00, 0x00, 0x00, 0x00,
    0x00, 0x00, 0x00, 0x00, 0x00, 0x00, 0x00, 0x00, 0x00, 0x00, 0x00, 0x00,
    0x38, 0x00, 0x1C, 0x00, 0x0E, 0x00, 0x07, 0x00, 0x03, 0x80, 0x01, 0xC0,
    0x00, 0xE0, 0x00, 0x70, 0x00, 0x38, 0x00, 0x1C, 0x00, 0x1C, 0x00, 0x38,
    0x00, 0x70, 0x00, 0xE0, 0x01, 0xC0, 0x03, 0x80, 0x07, 0x00, 0x0E, 0x00,
    0x1C, 0x00, 0x38, 0x00, 0x00, 0x00, 0x00, 0x00, 0x00, 0x00, 0x00, 0x00,
    0x00, 0x00, 0x00, 0x00, 0x00, 0x00, 0x00, 0x00, 0x00, 0x00, 0x00, 0x00,
    0x00, 0x00, 0x00, 0x00, 0x0F, 0xF0, 0x1F, 0xF8, 0x38, 0x1C, 0x30, 0x0C,
    0x00, 0x0C, 0x00, 0x0C, 0x00, 0x18, 0x00, 0x30, 0x00, 0x60, 0x00, 0xC0,
    0x00, 0xC0, 0x01, 0x80, 0x01, 0x80, 0x01, 0x80, 0x00, 0x00, 0x00, 0x00,
    0x00, 0x00, 0x01, 0x80, 0x01, 0x80, 0x01, 0x80, 0x00, 0x00, 0x00, 0x00,
    0x00, 0x00, 0x00, 0x00, 0x00, 0x00, 0x00, 0x00, 0x00, 0x00, 0x00, 0x00,
    0x00, 0x00, 0x00, 0x00, 0x00, 0x00, 0x00, 0x00, 0x00, 0x00, 0x00, 0x00,
    0x0F, 0xF0, 0x1F, 0xF8, 0x38, 0x1C, 0x30, 0x0C, 0x30, 0x0C, 0x31, 0xCC,
    0x31, 0xCC, 0x31, 0xCC, 0x31, 0xCC, 0x31, 0xCC, 0x31, 0xCC, 0x31, 0xFC,
    0x31, 0xFC, 0x30, 0x00, 0x30, 0x00, 0x38, 0x00, 0x1F, 0xF8, 0x0F, 0xF8,
    0x00, 0x00, 0x00, 0x00, 0x00, 0x00, 0x00, 0x00, 0x00, 0x00, 0x00, 0x00,
    0x00, 0x00, 0x00, 0x00, 0x00, 0x00, 0x00, 0x00, 0x00, 0x00, 0x00, 0x00,
    0x0F, 0xF0, 0x1F, 0xF8, 0x38, 0x1C, 0x30, 0x0C, 0x30, 0x0C, 0x30, 0x0C,
    0x30, 0x0C, 0x30, 0x0C, 0x30, 0x0C, 0x3F, 0xFC, 0x3F, 0xFC, 0x30, 0x0C,
    0x30, 0x0C, 0x30, 0x0C, 0x30, 0x0C, 0x30, 0x0C, 0x30, 0x0C, 0x30, 0x0C,
    0x30, 0x0C, 0x30, 0x0C, 0x00, 0x00, 0x00, 0x00, 0x00, 0x00, 0x00, 0x00,
    0x00, 0x00, 0x00, 0x00, 0x00, 0x00, 0x00, 0x00, 0x00, 0x00, 0x00, 0x00,
    0x00, 0x00, 0x00, 0x00, 0x3F, 0xF0, 0x3F, 0xF8, 0x30, 0x1C, 0x30, 0x0C,
    0x30, 0x0C, 0x30, 0x0C, 0x30, 0x0C, 0x30, 0x18, 0x3F, 0xF0, 0x3F, 0xF0,
    0x30, 0x18, 0x30, 0x0C, 0x30, 0x0C, 0x30, 0x0C, 0x30, 0x0C, 0x30, 0x0C,
    0x30, 0x0C, 0x30, 0x1C, 0x3F, 0xF8, 0x3F, 0xF0, 0x00, 0x00, 0x00, 0x00,
    0x00, 0x00, 0x00, 0x00, 0x00, 0x00, 0x00, 0x00, 0x00, 0x00, 0x00, 0x00,
    0x00, 0x00, 0x00, 0x00, 0x00, 0x00, 0x00, 0x00, 0x0F, 0xFC, 0x1F, 0xFC,
    0x38, 0x00, 0x30, 0x00, 0x30, 0x00, 0x30, 0x00, 0x30, 0x00, 0x30, 0x00,
    0x30, 0x00, 0x30, 0x00, 0x30, 0x00, 0x30, 0x00, 0x30, 0x00, 0x30, 0x00,
    0x30, 0x00, 0x30, 0x00, 0x30, 0x00, 0x38, 0x00, 0x1F, 0xFC, 0x0F, 0xFC,
    0x00, 0x00, 0x00, 0x00, 0x00, 0x00, 0x00, 0x00, 0x00, 0x00, 0x00, 0x00,
    0x00, 0x00, 0x00, 0x00, 0x00, 0x00, 0x00, 0x00, 0x00, 0x00, 0x00, 0x00,
    0x3F, 0xF0, 0x3F, 0xF8, 0x30, 0x1C, 0x30, 0x0C, 0x30, 0x0C, 0x30, 0x0C,
    0x30, 0x0C, 0x30, 0x0C, 0x30, 0x0C, 0x30, 0x0C, 0x30, 0x0C, 0x30, 0x0C,
    0x30, 0x0C, 0x30, 0x0C, 0x30, 0x0C, 0x30, 0x0C, 0x30, 0x0C, 0x30, 0x1C,
    0x3F, 0xF8, 0x3F, 0xF0, 0x00, 0x00, 0x00, 0x00, 0x00, 0x00, 0x00, 0x00,
    0x00, 0x00, 0x00, 0x00, 0x00, 0x00, 0x00, 0x00, 0x00, 0x00, 0x00, 0x00,
    0x00, 0x00, 0x00, 0x00, 0x0F, 0xFC, 0x1F, 0xFC, 0x38, 0x00, 0x30, 0x00,
    0x30, 0x00, 0x30, 0x00, 0x30, 0x00, 0x30, 0x00, 0x30, 0x00, 0x3F, 0xE0,
    0x3F, 0xE0, 0x30, 0x00, 0x30, 0x00, 0x30, 0x00, 0x30, 0x00, 0x30, 0x00,
    0x30, 0x00, 0x38, 0x00, 0x1F, 0xFC, 0x0F, 0xFC, 0x00, 0x00, 0x00, 0x00,
    0x00, 0x00, 0x00, 0x00, 0x00, 0x00, 0x00, 0x00, 0x00, 0x00, 0x00, 0x00,
    0x00, 0x00, 0x00, 0x00, 0x00, 0x00, 0x00, 0x00, 0x0F, 0xFC, 0x1F, 0xFC,
    0x38, 0x00, 0x30, 0x00, 0x30, 0x00, 0x30, 0x00, 0x30, 0x00, 0x30, 0x00,
    0x30, 0x00, 0x3F, 0xE0, 0x3F, 0xE0, 0x30, 0x00, 0x30, 0x00, 0x30, 0x00,
    0x30, 0x00, 0x30, 0x00, 0x30, 0x00, 0x30, 0x00, 0x30, 0x00, 0x30, 0x00,
    0x00, 0x00, 0x00, 0x00, 0x00, 0x00, 0x00, 0x00, 0x00, 0x00, 0x00, 0x00,
    0x00, 0x00, 0x00, 0x00, 0x00, 0x00, 0x00, 0x00, 0x00, 0x00, 0x00, 0x00,
    0x0F, 0xFC, 0x1F, 0xFC, 0x38, 0x00, 0x30, 0x00, 0x30, 0x00, 0x30, 0x00,
    0x30, 0x00, 0x30, 0x00, 0x30, 0x00, 0x30, 0xFC, 0x30, 0xFC, 0x30, 0x0C,
    0x30, 0x0C, 0x30, 0x0C, 0x30, 0x0C, 0x30, 0x0C, 0x30, 0x0C, 0x38, 0x0C,
    0x1F, 0xFC, 0x0F, 0xFC, 0x00, 0x00, 0x00, 0x00, 0x00, 0x00, 0x00, 0x00,
    0x00, 0x00, 0x00, 0x00, 0x00, 0x00, 0x00, 0x00, 0x00, 0x00, 0x00, 0x00,
    0x00, 0x00, 0x00, 0x00, 0x30, 0x0C, 0x30, 0x0C, 0x30, 0x0C, 0x30, 0x0C,
    0x30, 0x0C, 0x30, 0x0C, 0x30, 0x0C, 0x30, 0x0C, 0x30, 0x0C, 0x3F, 0xFC,
    0x3F, 0xFC, 0x30, 0x0C, 0x30, 0x0C, 0x30, 0x0C, 0x30, 0x0C, 0x30, 0x0C,
    0x30, 0x0C, 0x30, 0x0C, 0x30, 0x0C, 0x30, 0x0C, 0x00, 0x00, 0x00, 0x00,
    0x00, 0x00, 0x00, 0x00, 0x00, 0x00, 0x00, 0x00, 0x00, 0x00, 0x00, 0x00,
    0x00, 0x00, 0x00, 0x00, 0x00, 0x00, 0x00, 0x00, 0x1F, 0xF8, 0x1F, 0xF8,
    0x01, 0x80, 0x01, 0x80, 0x01, 0x80, 0x01, 0x80, 0x01, 0x80, 0x01, 0x80,
    0x01, 0x80, 0x01, 0x80, 0x01, 0x80, 0x01, 0x80, 0x01, 0x80, 0x01, 0x80,
    0x01, 0x80, 0x01, 0x80, 0x01, 0x80, 0x01, 0x80, 0x1F, 0xF8, 0x1F, 0xF8,
    0x00, 0x00, 0x00, 0x00, 0x00, 0x00, 0x00, 0x00, 0x00, 0x00, 0x00, 0x00,
    0x00, 0x00, 0x00, 0x00, 0x00, 0x00, 0x00, 0x00, 0x00, 0x00, 0x00, 0x00,
    0x1F, 0xF8, 0x1F, 0xF8, 0x01, 0x80, 0x01, 0x80, 0x01, 0x80, 0x01, 0x80,
    0x01, 0x80, 0x01, 0x80, 0x01, 0x80, 0x01, 0x80, 0x01, 0x80, 0x01, 0x80,
    0x01, 0x80, 0x01, 0x80, 0x01, 0x80, 0x01, 0x80, 0x01, 0x80, 0x03, 0x80,
    0x7F, 0x00, 0x7E, 0x00, 0x00, 0x00, 0x00, 0x00, 0x00, 0x00, 0x00, 0x00,
    0x00, 0x00, 0x00, 0x00, 0x00, 0x00, 0x00, 0x00, 0x00, 0x00, 0x00, 0x00,
    0x00, 0x00, 0x00, 0x00, 0x30, 0x0C, 0x30, 0x0C, 0x30, 0x0C, 0x30, 0x0C,
    0x30, 0x0C, 0x30, 0x0C, 0x30, 0x18, 0x30, 0x30, 0x30, 0x60, 0x3F, 0xC0,
    0x3F, 0xC0, 0x30, 0x60, 0x30, 0x30, 0x30, 0x18, 0x30, 0x0C, 0x30, 0x0C,
    0x30, 0x0C, 0x30, 0x0C, 0x30, 0x0C, 0x30, 0x0C, 0x00, 0x00, 0x00, 0x00,
    0x00, 0x00, 0x00, 0x00, 0x00, 0x00, 0x00, 0x00, 0x00, 0x00, 0x00, 0x00,
    0x00, 0x00, 0x00, 0x00, 0x00, 0x00, 0x00, 0x00, 0x30, 0x00, 0x30, 0x00,
    0x30, 0x00, 0x30, 0x00, 0x30, 0x00, 0x30, 0x00, 0x30, 0x00, 0x30, 0x00,
    0x30, 0x00, 0x30, 0x00, 0x30, 0x00, 0x30, 0x00, 0x30, 0x00, 0x30, 0x00,
    0x30, 0x00, 0x30, 0x00, 0x30, 0x00, 0x38, 0x00, 0x1F, 0xFC, 0x0F, 0xFC,
    0x00, 0x00, 0x00, 0x00, 0x00, 0x00, 0x00, 0x00, 0x00, 0x00, 0x00, 0x00,
    0x00, 0x00, 0x00, 0x00, 0x00, 0x00, 0x00, 0x00, 0x00, 0x00, 0x00, 0x00,
    0x30, 0x0C, 0x38, 0x1C, 0x3C, 0x3C, 0x3E, 0x7C, 0x37, 0xEC, 0x33, 0xCC,
    0x31, 0x8C, 0x30, 0x0C, 0x30, 0x0C, 0x30, 0x0C, 0x30, 0x0C, 0x30, 0x0C,
    0x30, 0x0C, 0x30, 0x0C, 0x30, 0x0C, 0x30, 0x0C, 0x30, 0x0C, 0x30, 0x0C,
    0x30, 0x0C, 0x30, 0x0C, 0x00, 0x00, 0x00, 0x00, 0x00, 0x00, 0x00, 0x00,
    0x00, 0x00, 0x00, 0x00, 0x00, 0x00, 0x00, 0x00, 0x00, 0x00, 0x00, 0x00,
    0x00, 0x00, 0x00, 0x00, 0x30, 0x0C, 0x30, 0x0C, 0x38, 0x0C, 0x38, 0x0C,
    0x3C, 0x0C, 0x3C, 0x0C, 0x36, 0x0C, 0x36, 0x0C, 0x33, 0x0C, 0x33, 0x0C,
    0x31, 0x8C, 0x31, 0x8C, 0x30, 0xCC, 0x30, 0xCC, 0x30, 0x6C, 0x30, 0x6C,
    0x30, 0x3C, 0x30, 0x3C, 0x30, 0x1C, 0x30, 0x1C, 0x00, 0x00, 0x00, 0x00,
    0x00, 0x00, 0x00, 0x00, 0x00, 0x00, 0x00, 0x00, 0x00, 0x00, 0x00, 0x00,
    0x00, 0x00, 0x00, 0x00, 0x00, 0x00, 0x00, 0x00, 0x0F, 0xF0, 0x1F, 0xF8,
    0x38, 0x1C, 0x30, 0x0C, 0x30, 0x0C, 0x30, 0x0C, 0x30, 0x0C, 0x30, 0x0C,
    0x30, 0x0C, 0x30, 0x0C, 0x30, 0x0C, 0x30, 0x0C, 0x30, 0x0C, 0x30, 0x0C,
    0x30, 0x0C, 0x30, 0x0C, 0x30, 0x0C, 0x38, 0x1C, 0x1F, 0xF8, 0x0F, 0xF0,
    0x00, 0x00, 0x00, 0x00, 0x00, 0x00, 0x00, 0x00, 0x00, 0x00, 0x00, 0x00,
    0x00, 0x00, 0x00, 0x00, 0x00, 0x00, 0x00, 0x00, 0x00, 0x00, 0x00, 0x00,
    0x3F, 0xF0, 0x3F, 0xF8, 0x30, 0x1C, 0x30, 0x0C, 0x30, 0x0C, 0x30, 0x0C,
    0x30, 0x0C, 0x30, 0x0C, 0x30, 0x1C, 0x3F, 0xF8, 0x3F, 0xF0, 0x30, 0x00,
    0x30, 0x00, 0x30, 0x00, 0x30, 0x00, 0x30, 0x00, 0x30, 0x00, 0x30, 0x00,
    0x30, 0x00, 0x30, 0x00, 0x00, 0x00, 0x00, 0x00, 0x00, 0x00, 0x00, 0x00,
    0x00, 0x00, 0x00, 0x00, 0x00, 0x00, 0x00, 0x00, 0x00, 0x00, 0x00, 0x00,
    0x00, 0x00, 0x00, 0x00, 0x0F, 0xF0, 0x1F, 0xF8, 0x38, 0x1C, 0x30, 0x0C,
    0x30, 0x0C, 0x30, 0x0C, 0x30, 0x0C, 0x30, 0x0C, 0x30, 0x0C, 0x30, 0x0C,
    0x30, 0x0C, 0x30, 0x0C, 0x30, 0x0C, 0x30, 0x0C, 0x31, 0x8C, 0x31, 0x8C,
    0x30, 0xCC, 0x38, 0xDC, 0x1F, 0xF8, 0x0F, 0xF0, 0x00, 0x30, 0x00, 0x30,
    0x00, 0x18, 0x00, 0x18, 0x00, 0x00, 0x00, 0x00, 0x00, 0x00, 0x00, 0x00,
    0x00, 0x00, 0x00, 0x00, 0x00, 0x00, 0x00, 0x00, 0x3F, 0xF0, 0x3F, 0xF8,
    0x30, 0x1C, 0x30, 0x0C, 0x30, 0x0C, 0x30, 0x0C, 0x30, 0x0C, 0x30, 0x0C,
    0x30, 0x18, 0x3F, 0xF0, 0x3F, 0xF0, 0x30, 0x18, 0x30, 0x0C, 0x30, 0x0C,
    0x30, 0x0C, 0x30, 0x0C, 0x30, 0x0C, 0x30, 0x0C, 0x30, 0x0C, 0x30, 0x0C,
    0x00, 0x00, 0x00, 0x00, 0x00, 0x00, 0x00, 0x00, 0x00, 0x00, 0x00, 0x00,
    0x00, 0x00, 0x00, 0x00, 0x00, 0x00, 0x00, 0x00, 0x00, 0x00, 0x00, 0x00,
    0x0F, 0xFC, 0x1F, 0xFC, 0x38, 0x00, 0x30, 0x00, 0x30, 0x00, 0x30, 0x00,
    0x30, 0x00, 0x30, 0x00, 0x38, 0x00, 0x1F, 0xF0, 0x0F, 0xF8, 0x00, 0x1C,
    0x00, 0x0C, 0x00, 0x0C, 0x00, 0x0C, 0x00, 0x0C, 0x00, 0x0C, 0x00, 0x1C,
    0x3F, 0xF8, 0x3F, 0xF0, 0x00, 0x00, 0x00, 0x00, 0x00, 0x00, 0x00, 0x00,
    0x00, 0x00, 0x00, 0x00, 0x00, 0x00, 0x00, 0x00, 0x00, 0x00, 0x00, 0x00,
    0x00, 0x00, 0x00, 0x00, 0x7F, 0xFE, 0x7F, 0xFE, 0x01, 0x80, 0x01, 0x80,
    0x01, 0x80, 0x01, 0x80, 0x01, 0x80, 0x01, 0x80, 0x01, 0x80, 0x01, 0x80,
    0x01, 0x80, 0x01, 0x80, 0x01, 0x80, 0x01, 0x80, 0x01, 0x80, 0x01, 0x80,
    0x01, 0x80, 0x01, 0x80, 0x01, 0x80, 0x01, 0x80, 0x00, 0x00, 0x00, 0x00,
    0x00, 0x00, 0x00, 0x00, 0x00, 0x00, 0x00, 0x00, 0x00, 0x00, 0x00, 0x00,
    0x00, 0x00, 0x00, 0x00, 0x00, 0x00, 0x00, 0x00, 0x30, 0x0C, 0x30, 0x0C,
    0x30, 0x0C, 0x30, 0x0C, 0x30, 0x0C, 0x30, 0x0C, 0x30, 0x0C, 0x30, 0x0C,
    0x30, 0x0C, 0x30, 0x0C, 0x30, 0x0C, 0x30, 0x0C, 0x30, 0x0C, 0x30, 0x0C,
    0x30, 0x0C, 0x30, 0x0C, 0x30, 0x0C, 0x38, 0x0C, 0x1F, 0xFC, 0x0F, 0xFC,
    0x00, 0x00, 0x00, 0x00, 0x00, 0x00, 0x00, 0x00, 0x00, 0x00, 0x00, 0x00,
    0x00, 0x00, 0x00, 0x00, 0x00, 0x00, 0x00, 0x00, 0x00, 0x00, 0x00, 0x00,
    0x30, 0x0C, 0x30, 0x0C, 0x30, 0x0C, 0x30, 0x0C, 0x30, 0x0C, 0x30, 0x0C,
    0x30, 0x0C, 0x30, 0x0C, 0x30, 0x0C, 0x30, 0x0C, 0x30, 0x0C, 0x30, 0x0C,
    0x30, 0x0C, 0x30, 0x0C, 0x38, 0x1C, 0x1C, 0x38, 0x0E, 0x70, 0x07, 0xE0,
    0x03, 0xC0, 0x01, 0x80, 0x00, 0x00, 0x00, 0x00, 0x00, 0x00, 0x00, 0x00,
    0x00, 0x00, 0x00, 0x00, 0x00, 0x00, 0x00, 0x00, 0x00, 0x00, 0x00, 0x00,
    0x00, 0x00, 0x00, 0x00, 0x30, 0x0C, 0x30, 0x0C, 0x30, 0x0C, 0x30, 0x0C,
    0x30, 0x0C, 0x30, 0x0C, 0x30, 0x0C, 0x30, 0x0C, 0x30, 0x0C, 0x30, 0x0C,
    0x30, 0x0C, 0x30, 0x0C, 0x30, 0x0C, 0x31, 0x8C, 0x33, 0xCC, 0x37, 0xEC,
    0x3E, 0x7C, 0x3C, 0x3C, 0x38, 0x1C, 0x30, 0x0C, 0x00, 0x00, 0x00, 0x00,
    0x00, 0x00, 0x00, 0x00, 0x00, 0x00, 0x00, 0x00, 0x00, 0x00, 0x00, 0x00,
    0x00, 0x00, 0x00, 0x00, 0x00, 0x00, 0x00, 0x00, 0x30, 0x0C, 0x30, 0x0C,
    0x30, 0x0C, 0x30, 0x0C, 0x30, 0x0C, 0x30, 0x0C, 0x38, 0x1C, 0x1C, 0x38,
    0x0E, 0x70, 0x07, 0xE0, 0x07, 0xE0, 0x0E, 0x70, 0x1C, 0x38, 0x38, 0x1C,
    0x30, 0x0C, 0x30, 0x0C, 0x30, 0x0C, 0x30, 0x0C, 0x30, 0x0C, 0x30, 0x0C,
    0x00, 0x00, 0x00, 0x00, 0x00, 0x00, 0x00, 0x00, 0x00, 0x00, 0x00, 0x00,
    0x00, 0x00, 0x00, 0x00, 0x00, 0x00, 0x00, 0x00, 0x00, 0x00, 0x00, 0x00,
    0x30, 0x0C, 0x30, 0x0C, 0x30, 0x0C, 0x30, 0x0C, 0x30, 0x0C, 0x30, 0x0C,
    0x30, 0x0C, 0x30, 0x0C, 0x38, 0x0C, 0x1F, 0xFC, 0x0F, 0xFC, 0x00, 0x0C,
    0x00, 0x0C, 0x00, 0x0C, 0x00, 0x0C, 0x00, 0x0C, 0x00, 0x0C, 0x00, 0x1C,
    0x3F, 0xF8, 0x3F, 0xF0, 0x00, 0x00, 0x00, 0x00, 0x00, 0x00, 0x00, 0x00,
    0x00, 0x00, 0x00, 0x00, 0x00, 0x00, 0x00, 0x00, 0x00, 0x00, 0x00, 0x00,
    0x00, 0x00, 0x00, 0x00, 0x3F, 0xFC, 0x3F, 0xFC, 0x00, 0x0C, 0x00, 0x0C,
    0x00, 0x0C, 0x00, 0x0C, 0x00, 0x18, 0x00, 0x30, 0x00, 0x60, 0x00, 0xC0,
    0x01, 0x80, 0x03, 0x00, 0x06, 0x00, 0x0C, 0x00, 0x18, 0x00, 0x30, 0x00,
    0x30, 0x00, 0x30, 0x00, 0x3F, 0xFC, 0x3F, 0xFC, 0x00, 0x00, 0x00, 0x00,
    0x00, 0x00, 0x00, 0x00, 0x00, 0x00, 0x00, 0x00, 0x00, 0x00, 0x00, 0x00,
    0x0F, 0xFC, 0x0F, 0xFC, 0x0C, 0x00, 0x0C, 0x00, 0x0C, 0x00, 0x0C, 0x00,
    0x0C, 0x00, 0x0C, 0x00, 0x0C, 0x00, 0x0C, 0x00, 0x0C, 0x00, 0x0C, 0x00,
    0x0C, 0x00, 0x0C, 0x00, 0x0C, 0x00, 0x0C, 0x00, 0x0C, 0x00, 0x0C, 0x00,
    0x0C, 0x00, 0x0C, 0x00, 0x0C, 0x00, 0x0C, 0x00, 0x0C, 0x00, 0x0C, 0x00,
    0x0C, 0x00, 0x0C, 0x00, 0x0F, 0xFC, 0x0F, 0xFC, 0x00, 0x00, 0x00, 0x00,
    0x00, 0x00, 0x00, 0x00, 0x00, 0x00, 0x60, 0x00, 0x60, 0x00, 0x30, 0x00,
    0x30, 0x00, 0x18, 0x00, 0x18, 0x00, 0x0C, 0x00, 0x0C, 0x00, 0x06, 0x00,
    0x06, 0x00, 0x03, 0x00, 0x03, 0x00, 0x01, 0x80, 0x01, 0x80, 0x00, 0xC0,
    0x00, 0xC0, 0x00, 0x60, 0x00, 0x60, 0x00, 0x30, 0x00, 0x30, 0x00, 0x18,
    0x00, 0x18, 0x00, 0x0C, 0x00, 0x0C, 0x00, 0x06, 0x00, 0x06, 0x00, 0x00,
    0x00, 0x00, 0x00, 0x00, 0x00, 0x00, 0x00, 0x00, 0x3F, 0xF0, 0x3F, 0xF0,
    0x00, 0x30, 0x00, 0x30, 0x00, 0x30, 0x00, 0x30, 0x00, 0x30, 0x00, 0x30,
    0x00, 0x30, 0x00, 0x30, 0x00, 0x30, 0x00, 0x30, 0x00, 0x30, 0x00, 0x30,
    0x00, 0x30, 0x00, 0x30, 0x00, 0x30, 0x00, 0x30, 0x00, 0x30, 0x00, 0x30,
    0x00, 0x30, 0x00, 0x30, 0x00, 0x30, 0x00, 0x30, 0x00, 0x30, 0x00, 0x30,
    0x3F, 0xF0, 0x3F, 0xF0, 0x00, 0x00, 0x00, 0x00, 0x00, 0x00, 0x00, 0x00,
    0x00, 0x00, 0x00, 0x00, 0x01, 0x80, 0x03, 0xC0, 0x07, 0xE0, 0x0E, 0x70,
    0x1C, 0x38, 0x38, 0x1C, 0x70, 0x0E, 0x60, 0x06, 0x00, 0x00, 0x00, 0x00,
    0x00, 0x00, 0x00, 0x00, 0x00, 0x00, 0x00, 0x00, 0x00, 0x00, 0x00, 0x00,
    0x00, 0x00, 0x00, 0x00, 0x00, 0x00, 0x00, 0x00, 0x00, 0x00, 0x00, 0x00,
    0x00, 0x00, 0x00, 0x00, 0x00, 0x00, 0x00, 0x00, 0x00, 0x00, 0x00, 0x00,
    0x00, 0x00, 0x00, 0x00, 0x00, 0x00, 0x00, 0x00, 0x00, 0x00, 0x00, 0x00,
    0x00, 0x00, 0x00, 0x00, 0x00, 0x00, 0x00, 0x00, 0x00, 0x00, 0x00, 0x00,
    0x00, 0x00, 0x00, 0x00, 0x00, 0x00, 0x00, 0x00, 0x00, 0x00, 0x00, 0x00,
    0x00, 0x00, 0x00, 0x00, 0x00, 0x00, 0x00, 0x00, 0x00, 0x00, 0x00, 0x00,
    0x00, 0x00, 0x00, 0x00, 0x00, 0x00, 0x00, 0x00, 0x7F, 0xFE, 0x7F, 0xFE,
    0x00, 0x00, 0x00, 0x00, 0x00, 0x00, 0x00, 0x00, 0x00, 0x00, 0x00, 0x00,
    0x06, 0x00, 0x07, 0x00, 0x03, 0x80, 0x01, 0xC0, 0x00, 0xE0, 0x00, 0x60,
    0x00, 0x00, 0x00, 0x00, 0x00, 0x00, 0x00, 0x00, 0x00, 0x00, 0x00, 0x00,
    0x00, 0x00, 0x00, 0x00, 0x00, 0x00, 0x00, 0x00, 0x00, 0x00, 0x00, 0x00,
    0x00, 0x00, 0x00, 0x00, 0x00, 0x00, 0x00, 0x00, 0x00, 0x00, 0x00, 0x00,
    0x00, 0x00, 0x00, 0x00, 0x00, 0x00, 0x00, 0x00, 0x00, 0x00, 0x00, 0x00,
    0x00, 0x00, 0x00, 0x00, 0x00, 0x00, 0x00, 0x00, 0x00, 0x00, 0x00, 0x00,
    0x00, 0x00, 0x00, 0x00, 0x00, 0x00, 0x00, 0x00, 0x1F, 0xF0, 0x1F, 0xF8,
    0x00, 0x1C, 0x00, 0x0C, 0x00, 0x0C, 0x0F, 0xFC, 0x1F, 0xFC, 0x38, 0x0C,
    0x30, 0x0C, 0x30, 0x0C, 0x30, 0x0C, 0x38, 0x0C, 0x1F, 0xFC, 0x0F, 0xFC,
    0x00, 0x00, 0x00, 0x00, 0x00, 0x00, 0x00, 0x00, 0x00, 0x00, 0x00, 0x00,
    0x00, 0x00, 0x00, 0x00, 0x00, 0x00, 0x00, 0x00, 0x00, 0x00, 0x00, 0x00,
    0x30, 0x00, 0x30, 0x00, 0x30, 0x00, 0x30, 0x00, 0x30, 0x00, 0x30, 0x00,
    0x3F, 0xF0, 0x3F, 0xF8, 0x30, 0x1C, 0x30, 0x0C, 0x30, 0x0C, 0x30, 0x0C,
    0x30, 0x0C, 0x30, 0x0C, 0x30, 0x0C, 0x30, 0x0C, 0x30, 0x0C, 0x30, 0x1C,
    0x3F, 0xF8, 0x3F, 0xF0, 0x00, 0x00, 0x00, 0x00, 0x00, 0x00, 0x00, 0x00,
    0x00, 0x00, 0x00, 0x00, 0x00, 0x00, 0x00, 0x00, 0x00, 0x00, 0x00, 0x00,
    0x00, 0x00, 0x00, 0x00, 0x00, 0x00, 0x00, 0x00, 0x00, 0x00, 0x00, 0x00,
    0x00, 0x00, 0x00, 0x00, 0x0F, 0xFC, 0x1F, 0xFC, 0x38, 0x00, 0x30, 0x00,
    0x30, 0x00, 0x30, 0x00, 0x30, 0x00, 0x30, 0x00, 0x30, 0x00, 0x30, 0x00,
    0x30, 0x00, 0x38, 0x00, 0x1F, 0xFC, 0x0F, 0xFC, 0x00, 0x00, 0x00, 0x00,
    0x00, 0x00, 0x00, 0x00, 0x00, 0x00, 0x00, 0x00, 0x00, 0x00, 0x00, 0x00,
    0x00, 0x00, 0x00, 0x00, 0x00, 0x00, 0x00, 0x00, 0x00, 0x0C, 0x00, 0x0C,
    0x00, 0x0C, 0x00, 0x0C, 0x00, 0x0C, 0x00, 0x0C, 0x0F, 0xFC, 0x1F, 0xFC,
    0x38, 0x0C, 0x30, 0x0C, 0x30, 0x0C, 0x30, 0x0C, 0x30, 0x0C, 0x30, 0x0C,
    0x30, 0x0C, 0x30, 0x0C, 0x30, 0x0C, 0x38, 0x0C, 0x1F, 0xFC, 0x0F, 0xFC,
    0x00, 0x00, 0x00, 0x00, 0x00, 0x00, 0x00, 0x00, 0x00, 0x00, 0x00, 0x00,
    0x00, 0x00, 0x00, 0x00, 0x00, 0x00, 0x00, 0x00, 0x00, 0x00, 0x00, 0x00,
    0x00, 0x00, 0x00, 0x00, 0x00, 0x00, 0x00, 0x00, 0x00, 0x00, 0x00, 0x00,
    0x0F, 0xFC, 0x1F, 0xFC, 0x38, 0x0C, 0x30, 0x0C, 0x30, 0x0C, 0x30, 0x0C,
    0x3F, 0xFC, 0x3F, 0xFC, 0x30, 0x00, 0x30, 0x00, 0x30, 0x00, 0x38, 0x00,
    0x1F, 0xFC, 0x0F, 0xFC, 0x00, 0x00, 0x00, 0x00, 0x00, 0x00, 0x00, 0x00,
    0x00, 0x00, 0x00, 0x00, 0x00, 0x00, 0x00, 0x00, 0x00, 0x00, 0x00, 0x00,
    0x00, 0x00, 0x00, 0x00, 0x01, 0xF8, 0x03, 0xF8, 0x07, 0x00, 0x06, 0x00,
    0x06, 0x00, 0x06, 0x00, 0x06, 0x00, 0x06, 0x00, 0x1F, 0xE0, 0x1F, 0xE0,
    0x06, 0x00, 0x06, 0x00, 0x06, 0x00, 0x06, 0x00, 0x06, 0x00, 0x06, 0x00,
    0x06, 0x00, 0x06, 0x00, 0x06, 0x00, 0x06, 0x00, 0x00, 0x00, 0x00, 0x00,
    0x00, 0x00, 0x00, 0x00, 0x00, 0x00, 0x00, 0x00, 0x00, 0x00, 0x00, 0x00,
    0x00, 0x00, 0x00, 0x00, 0x00, 0x00, 0x00, 0x00, 0x00, 0x00, 0x00, 0x00,
    0x00, 0x00, 0x00, 0x00, 0x00, 0x00, 0x00, 0x00, 0x0F, 0xFC, 0x1F, 0xFC,
    0x38, 0x0C, 0x30, 0x0C, 0x30, 0x0C, 0x30, 0x0C, 0x30, 0x0C, 0x30, 0x0C,
    0x30, 0x0C, 0x30, 0x0C, 0x30, 0x0C, 0x38, 0x1C, 0x1F, 0xF8, 0x0F, 0xF0,
    0x00, 0x18, 0x00, 0x0C, 0x00, 0x0C, 0x00, 0x1C, 0x3F, 0xF8, 0x3F, 0xF0,
    0x00, 0x00, 0x00, 0x00, 0x00, 0x00, 0x00, 0x00, 0x00, 0x00, 0x00, 0x00,
    0x30, 0x00, 0x30, 0x00, 0x30, 0x00, 0x30, 0x00, 0x30, 0x00, 0x30, 0x00,
    0x3F, 0xF0, 0x3F, 0xF8, 0x30, 0x1C, 0x30, 0x0C, 0x30, 0x0C, 0x30, 0x0C,
    0x30, 0x0C, 0x30, 0x0C, 0x30, 0x0C, 0x30, 0x0C, 0x30, 0x0C, 0x30, 0x0C,
    0x30, 0x0C, 0x30, 0x0C, 0x00, 0x00, 0x00, 0x00, 0x00, 0x00, 0x00, 0x00,
    0x00, 0x00, 0x00, 0x00, 0x00, 0x00, 0x00, 0x00, 0x00, 0x00, 0x00, 0x00,
    0x00, 0x00, 0x00, 0x00, 0x01, 0x80, 0x01, 0x80, 0x01, 0x80, 0x00, 0x00,
    0x00, 0x00, 0x00, 0x00, 0x07, 0x80, 0x07, 0x80, 0x01, 0x80, 0x01, 0x80,
    0x01, 0x80, 0x01, 0x80, 0x01, 0x80, 0x01, 0x80, 0x01, 0x80, 0x01, 0x80,
    0x01, 0x80, 0x01, 0x80, 0x01, 0xE0, 0x01, 0xE0, 0x00, 0x00, 0x00, 0x00,
    0x00, 0x00, 0x00, 0x00, 0x00, 0x00, 0x00, 0x00, 0x00, 0x00, 0x00, 0x00,
    0x00, 0x00, 0x00, 0x00, 0x00, 0x00, 0x00, 0x00, 0x01, 0x80, 0x01, 0x80,
    0x01, 0x80, 0x00, 0x00, 0x00, 0x00, 0x00, 0x00, 0x01, 0x80, 0x01, 0x80,
    0x01, 0x80, 0x01, 0x80, 0x01, 0x80, 0x01, 0x80, 0x01, 0x80, 0x01, 0x80,
    0x01, 0x80, 0x01, 0x80, 0x01, 0x80, 0x01, 0x80, 0x01, 0x80, 0x01, 0x80,
    0x01, 0x80, 0x01, 0x80, 0x01, 0x80, 0x03, 0x80, 0x1F, 0x00, 0x1E, 0x00,
    0x00, 0x00, 0x00, 0x00, 0x00, 0x00, 0x00, 0x00, 0x00, 0x00, 0x00, 0x00,
    0x18, 0x00, 0x18, 0x00, 0x18, 0x00, 0x18, 0x00, 0x18, 0x00, 0x18, 0x00,
    0x18, 0x30, 0x18, 0x70, 0x18, 0xE0, 0x19, 0xC0, 0x1B, 0x80, 0x1F, 0x00,
    0x1F, 0x00, 0x1B, 0x80, 0x19, 0xC0, 0x18, 0xE0, 0x18, 0x70, 0x18, 0x38,
    0x18, 0x1C, 0x18, 0x0C, 0x00, 0x00, 0x00, 0x00, 0x00, 0x00, 0x00, 0x00,
    0x00, 0x00, 0x00, 0x00, 0x00, 0x00, 0x00, 0x00, 0x00, 0x00, 0x00, 0x00,
    0x00, 0x00, 0x00, 0x00, 0x06, 0x00, 0x06, 0x00, 0x06, 0x00, 0x06, 0x00,
    0x06, 0x00, 0x06, 0x00, 0x06, 0x00, 0x06, 0x00, 0x06, 0x00, 0x06, 0x00,
    0x06, 0x00, 0x06, 0x00, 0x06, 0x00, 0x06, 0x00, 0x06, 0x00, 0x06, 0x00,
    0x06, 0x00, 0x07, 0x00, 0x03, 0xF8, 0x01, 0xF8, 0x00, 0x00, 0x00, 0x00,
    0x00, 0x00, 0x00, 0x00, 0x00, 0x00, 0x00, 0x00, 0x00, 0x00, 0x00, 0x00,
    0x00, 0x00, 0x00, 0x00, 0x00, 0x00, 0x00, 0x00, 0x00, 0x00, 0x00, 0x00,
    0x00, 0x00, 0x00, 0x00, 0x00, 0x00, 0x00, 0x00, 0x3E, 0x70, 0x3E, 0x78,
    0x31, 0x9C, 0x31, 0x8C, 0x31, 0x8C, 0x31, 0x8C, 0x31, 0x8C, 0x31, 0x8C,
    0x31, 0x8C, 0x31, 0x8C, 0x30, 0x0C, 0x30, 0x0C, 0x30, 0x0C, 0x30, 0x0C,
    0x00, 0x00, 0x00, 0x00, 0x00, 0x00, 0x00, 0x00, 0x00, 0x00, 0x00, 0x00,
    0x00, 0x00, 0x00, 0x00, 0x00, 0x00, 0x00, 0x00, 0x00, 0x00, 0x00, 0x00,
    0x00, 0x00, 0x00, 0x00, 0x00, 0x00, 0x00, 0x00, 0x00, 0x00, 0x00, 0x00,
    0x3F, 0xF0, 0x3F, 0xF8, 0x30, 0x1C, 0x30, 0x0C, 0x30, 0x0C, 0x30, 0x0C,
    0x30, 0x0C, 0x30, 0x0C, 0x30, 0x0C, 0x30, 0x0C, 0x30, 0x0C, 0x30, 0x0C,
    0x30, 0x0C, 0x30, 0x0C, 0x00, 0x00, 0x00, 0x00, 0x00, 0x00, 0x00, 0x00,
    0x00, 0x00, 0x00, 0x00, 0x00, 0x00, 0x00, 0x00, 0x00, 0x00, 0x00, 0x00,
    0x00, 0x00, 0x00, 0x00, 0x00, 0x00, 0x00, 0x00, 0x00, 0x00, 0x00, 0x00,
    0x00, 0x00, 0x00, 0x00, 0x0F, 0xF0, 0x1F, 0xF8, 0x38, 0x1C, 0x30, 0x0C,
    0x30, 0x0C, 0x30, 0x0C, 0x30, 0x0C, 0x30, 0x0C, 0x30, 0x0C, 0x30, 0x0C,
    0x30, 0x0C, 0x38, 0x1C, 0x1F, 0xF8, 0x0F, 0xF0, 0x00, 0x00, 0x00, 0x00,
    0x00, 0x00, 0x00, 0x00, 0x00, 0x00, 0x00, 0x00, 0x00, 0x00, 0x00, 0x00,
    0x00, 0x00, 0x00, 0x00, 0x00, 0x00, 0x00, 0x00, 0x00, 0x00, 0x00, 0x00,
    0x00, 0x00, 0x00, 0x00, 0x00, 0x00, 0x00, 0x00, 0x3F, 0xF0, 0x3F, 0xF8,
    0x30, 0x1C, 0x30, 0x0C, 0x30, 0x0C, 0x30, 0x0C, 0x30, 0x0C, 0x30, 0x0C,
    0x30, 0x0C, 0x30, 0x0C, 0x30, 0x0C, 0x30, 0x1C, 0x3F, 0xF8, 0x3F, 0xF0,
    0x30, 0x00, 0x30, 0x00, 0x30, 0x00, 0x30, 0x00, 0x30, 0x00, 0x30, 0x00,
    0x00, 0x00, 0x00, 0x00, 0x00, 0x00, 0x00, 0x00, 0x00, 0x00, 0x00, 0x00,
    0x00, 0x00, 0x00, 0x00, 0x00, 0x00, 0x00, 0x00, 0x00, 0x00, 0x00, 0x00,
    0x0F, 0xFC, 0x1F, 0xFC, 0x38, 0x0C, 0x30, 0x0C, 0x30, 0x0C, 0x30, 0x0C,
    0x30, 0x0C, 0x30, 0x0C, 0x30, 0x0C, 0x30, 0x0C, 0x30, 0x0C, 0x38, 0x0C,
    0x1F, 0xFC, 0x0F, 0xFC, 0x00, 0x0C, 0x00, 0x0C, 0x00, 0x0C, 0x00, 0x0C,
    0x00, 0x0C, 0x00, 0x0C, 0x00, 0x00, 0x00, 0x00, 0x00, 0x00, 0x00, 0x00,
    0x00, 0x00, 0x00, 0x00, 0x00, 0x00, 0x00, 0x00, 0x00, 0x00, 0x00, 0x00,
    0x00, 0x00, 0x00, 0x00, 0x0F, 0xFC, 0x1F, 0xFC, 0x38, 0x0C, 0x30, 0x0C,
    0x30, 0x00, 0x30, 0x00, 0x30, 0x00, 0x30, 0x00, 0x30, 0x00, 0x30, 0x00,
    0x30, 0x00, 0x30, 0x00, 0x30, 0x00, 0x30, 0x00, 0x00, 0x00, 0x00, 0x00,
    0x00, 0x00, 0x00, 0x00, 0x00, 0x00, 0x00, 0x00, 0x00, 0x00, 0x00, 0x00,
    0x00, 0x00, 0x00, 0x00, 0x00, 0x00, 0x00, 0x00, 0x00, 0x00, 0x00, 0x00,
    0x00, 0x00, 0x00, 0x00, 0x00, 0x00, 0x00, 0x00, 0x0F, 0xFC, 0x1F, 0xFC,
    0x38, 0x00, 0x30, 0x00, 0x30, 0x00, 0x38, 0x00, 0x1F, 0xF0, 0x0F, 0xF8,
    0x00, 0x1C, 0x00, 0x0C, 0x00, 0x0C, 0x00, 0x1C, 0x3F, 0xF8, 0x3F, 0xF0,
    0x00, 0x00, 0x00, 0x00, 0x00, 0x00, 0x00, 0x00, 0x00, 0x00, 0x00, 0x00,
    0x00, 0x00, 0x00, 0x00, 0x00, 0x00, 0x00, 0x00, 0x00, 0x00, 0x00, 0x00,
    0x06, 0x00, 0x06, 0x00, 0x06, 0x00, 0x06, 0x00, 0x06, 0x00, 0x06, 0x00,
    0x1F, 0xE0, 0x1F, 0xE0, 0x06, 0x00, 0x06, 0x00, 0x06, 0x00, 0x06, 0x00,
    0x06, 0x00, 0x06, 0x00, 0x06, 0x00, 0x06, 0x00, 0x06, 0x00, 0x07, 0x00,
    0x03, 0xF8, 0x01, 0xF8, 0x00, 0x00, 0x00, 0x00, 0x00, 0x00, 0x00, 0x00,
    0x00, 0x00, 0x00, 0x00, 0x00, 0x00, 0x00, 0x00, 0x00, 0x00, 0x00, 0x00,
    0x00, 0x00, 0x00, 0x00, 0x00, 0x00, 0x00, 0x00, 0x00, 0x00, 0x00, 0x00,
    0x00, 0x00, 0x00, 0x00, 0x30, 0x0C, 0x30, 0x0C, 0x30, 0x0C, 0x30, 0x0C,
    0x30, 0x0C, 0x30, 0x0C, 0x30, 0x0C, 0x30, 0x0C, 0x30, 0x0C, 0x30, 0x0C,
    0x30, 0x0C, 0x38, 0x0C, 0x1F, 0xFC, 0x0F, 0xFC, 0x00, 0x00, 0x00, 0x00,
    0x00, 0x00, 0x00, 0x00, 0x00, 0x00, 0x00, 0x00, 0x00, 0x00, 0x00, 0x00,
    0x00, 0x00, 0x00, 0x00, 0x00, 0x00, 0x00, 0x00, 0x00, 0x00, 0x00, 0x00,
    0x00, 0x00, 0x00, 0x00, 0x00, 0x00, 0x00, 0x00, 0x30, 0x0C, 0x30, 0x0C,
    0x30, 0x0C, 0x30, 0x0C, 0x30, 0x0C, 0x30, 0x0C, 0x30, 0x0C, 0x30, 0x0C,
    0x38, 0x1C, 0x1C, 0x38, 0x0E, 0x70, 0x07, 0xE0, 0x03, 0xC0, 0x01, 0x80,
    0x00, 0x00, 0x00, 0x00, 0x00, 0x00, 0x00, 0x00, 0x00, 0x00, 0x00, 0x00,
    0x00, 0x00, 0x00, 0x00, 0x00, 0x00, 0x00, 0x00, 0x00, 0x00, 0x00, 0x00,
    0x00, 0x00, 0x00, 0x00, 0x00, 0x00, 0x00, 0x00, 0x00, 0x00, 0x00, 0x00,
    0x30, 0x0C, 0x30, 0x0C, 0x30, 0x0C, 0x30, 0x0C, 0x31, 0x8C, 0x31, 0x8C,
    0x31, 0x8C, 0x31, 0x8C, 0x31, 0x8C, 0x31, 0x8C, 0x31, 0x8C, 0x39, 0x8C,
    0x1E, 0x7C, 0x0E, 0x7C, 0x00, 0x00, 0x00, 0x00, 0x00, 0x00, 0x00, 0x00,
    0x00, 0x00, 0x00, 0x00, 0x00, 0x00, 0x00, 0x00, 0x00, 0x00, 0x00, 0x00,
    0x00, 0x00, 0x00, 0x00, 0x00, 0x00, 0x00, 0x00, 0x00, 0x00, 0x00, 0x00,
    0x00, 0x00, 0x00, 0x00, 0x30, 0x0C, 0x38, 0x1C, 0x1C, 0x38, 0x0E, 0x70,
    0x07, 0xE0, 0x03, 0xC0, 0x03, 0xC0, 0x07, 0xE0, 0x0E, 0x70, 0x1C, 0x38,
    0x18, 0x18, 0x38, 0x1C, 0x30, 0x0C, 0x30, 0x0C, 0x00, 0x00, 0x00, 0x00,
    0x00, 0x00, 0x00, 0x00, 0x00, 0x00, 0x00, 0x00, 0x00, 0x00, 0x00, 0x00,
    0x00, 0x00, 0x00, 0x00, 0x00, 0x00, 0x00, 0x00, 0x00, 0x00, 0x00, 0x00,
    0x00, 0x00, 0x00, 0x00, 0x00, 0x00, 0x00, 0x00, 0x30, 0x0C, 0x30, 0x0C,
    0x30, 0x0C, 0x30, 0x0C, 0x30, 0x0C, 0x30, 0x0C, 0x30, 0x0C, 0x30, 0x0C,
    0x30, 0x0C, 0x30, 0x0C, 0x30, 0x0C, 0x38, 0x0C, 0x1F, 0xFC, 0x0F, 0xFC,
    0x00, 0x0C, 0x00, 0x0C, 0x00, 0x0C, 0x00, 0x1C, 0x3F, 0xF8, 0x3F, 0xF0,
    0x00, 0x00, 0x00, 0x00, 0x00, 0x00, 0x00, 0x00, 0x00, 0x00, 0x00, 0x00,
    0x00, 0x00, 0x00, 0x00, 0x00, 0x00, 0x00, 0x00, 0x00, 0x00, 0x00, 0x00,
    0x3F, 0xFC, 0x3F, 0xFC, 0x00, 0x0C, 0x00, 0x18, 0x00, 0x30, 0x00, 0x60,
    0x00, 0xC0, 0x01, 0x80, 0x03, 0x00, 0x06, 0x00, 0x0C, 0x00, 0x18, 0x00,
    0x3F, 0xFC, 0x3F, 0xFC, 0x00, 0x00, 0x00, 0x00, 0x00, 0x00, 0x00, 0x00,
    0x00, 0x00, 0x00, 0x00, 0x00, 0x00, 0x00, 0x00, 0x00, 0xFC, 0x01, 0xFC,
    0x03, 0x80, 0x03, 0x00, 0x03, 0x00, 0x03, 0x00, 0x03, 0x00, 0x03, 0x00,
    0x03, 0x00, 0x03, 0x00, 0x03, 0x00, 0x07, 0x00, 0x3E, 0x00, 0x3C, 0x00,
    0x3C, 0x00, 0x3E, 0x00, 0x07, 0x00, 0x03, 0x00, 0x03, 0x00, 0x03, 0x00,
    0x03, 0x00, 0x03, 0x00, 0x03, 0x00, 0x03, 0x00, 0x03, 0x00, 0x03, 0x80,
    0x01, 0xFC, 0x00, 0xFC, 0x00, 0x00, 0x00, 0x00, 0x00, 0x00, 0x00, 0x00,
    0x00, 0x00, 0x00, 0x00, 0x01, 0x80, 0x01, 0x80, 0x01, 0x80, 0x01, 0x80,
    0x01, 0x80, 0x01, 0x80, 0x01, 0x80, 0x01, 0x80, 0x01, 0x80, 0x01, 0x80,
    0x01, 0x80, 0x01, 0x80, 0x01, 0x80, 0x01, 0x80, 0x01, 0x80, 0x01, 0x80,
    0x01, 0x80, 0x01, 0x80, 0x01, 0x80, 0x01, 0x80, 0x01, 0x80, 0x01, 0x80,
    0x01, 0x80, 0x01, 0x80, 0x00, 0x00, 0x00, 0x00, 0x00, 0x00, 0x00, 0x00,
    0x00, 0x00, 0x00, 0x00, 0x3F, 0x00, 0x3F, 0x80, 0x01, 0xC0, 0x00, 0xC0,
    0x00, 0xC0, 0x00, 0xC0, 0x00, 0xC0, 0x00, 0xC0, 0x00, 0xC0, 0x00, 0xC0,
    0x00, 0xC0, 0x00, 0xE0, 0x00, 0x7C, 0x00, 0x3C, 0x00, 0x3C, 0x00, 0x7C,
    0x00, 0xE0, 0x00, 0xC0, 0x00, 0xC0, 0x00, 0xC0, 0x00, 0xC0, 0x00, 0xC0,
    0x00, 0xC0, 0x00, 0xC0, 0x00, 0xC0, 0x01, 0xC0, 0x3F, 0x80, 0x3F, 0x00,
    0x00, 0x00, 0x00, 0x00, 0x00, 0x00, 0x00, 0x00, 0x00, 0x00, 0x00, 0x00,
    0x00, 0x00, 0x00, 0x00, 0x00, 0x00, 0x00, 0x00, 0x00, 0x00, 0x00, 0x00,
    0x00, 0x00, 0x00, 0x00, 0x00, 0x00, 0x00, 0x00, 0x0E, 0x0C, 0x1F, 0x0C,
    0x3B, 0x9C, 0x31, 0xF8, 0x30, 0xF0, 0x00, 0x00, 0x00, 0x00, 0x00, 0x00,
    0x00, 0x00, 0x00, 0x00, 0x00, 0x00, 0x00, 0x00, 0x00, 0x00, 0x00, 0x00,
    0x00, 0x00, 0x00, 0x00, 0x00, 0x00, 0x00, 0x00, 0x00, 0x00, 0x00, 0x00,
    0x00, 0x00, 0x00, 0x00, 0x00, 0x00, 0x03, 0xC0, 0x07, 0xE0, 0x0E, 0x70,
    0x0C, 0x30, 0x0C, 0x30, 0x0C, 0x30, 0x0E, 0x70, 0x07, 0xE0, 0x03, 0xC0,
    0x00, 0x00, 0x00, 0x00, 0x00, 0x00, 0x00, 0x00, 0x00, 0x00, 0x00, 0x00,
    0x00, 0x00, 0x00, 0x00, 0x00, 0x00, 0x00, 0x00, 0x00, 0x00, 0x00, 0x00,
    0x00, 0x00, 0x00, 0x00, 0x00, 0x00, 0x00, 0x00, 0x00, 0x00, 0x00, 0x00,
    0x00, 0x00, 0x0C, 0x30, 0x0C, 0x30, 0x0C, 0x30, 0x00, 0x00, 0x00, 0x00,
    0x0F, 0xF0, 0x1F, 0xF8, 0x38, 0x1C, 0x30, 0x0C, 0x30, 0x0C, 0x30, 0x0C,
    0x30, 0x0C, 0x30, 0x0C, 0x30, 0x0C, 0x3F, 0xFC, 0x3F, 0xFC, 0x30, 0x0C,
    0x30, 0x0C, 0x30, 0x0C, 0x30, 0x0C, 0x30, 0x0C, 0x30, 0x0C, 0x30, 0x0C,
    0x30, 0x0C, 0x30, 0x0C, 0x00, 0x00, 0x00, 0x00, 0x00, 0x00, 0x00, 0x00,
    0x00, 0x00, 0x00, 0x00, 0x00, 0x00, 0x0C, 0x30, 0x0C, 0x30, 0x0C, 0x30,
    0x00, 0x00, 0x00, 0x00, 0x0F, 0xF0, 0x1F, 0xF8, 0x38, 0x1C, 0x30, 0x0C,
    0x30, 0x0C, 0x30, 0x0C, 0x30, 0x0C, 0x30, 0x0C, 0x30, 0x0C, 0x30, 0x0C,
    0x30, 0x0C, 0x30, 0x0C, 0x30, 0x0C, 0x30, 0x0C, 0x30, 0x0C, 0x30, 0x0C,
    0x30, 0x0C, 0x38, 0x1C, 0x1F, 0xF8, 0x0F, 0xF0, 0x00, 0x00, 0x00, 0x00,
    0x00, 0x00, 0x00, 0x00, 0x00, 0x00, 0x00, 0x00, 0x00, 0x00, 0x0C, 0x30,
    0x0C, 0x30, 0x0C, 0x30, 0x00, 0x00, 0x00, 0x00, 0x30, 0x0C, 0x30, 0x0C,
    0x30, 0x0C, 0x30, 0x0C, 0x30, 0x0C, 0x30, 0x0C, 0x30, 0x0C, 0x30, 0x0C,
    0x30, 0x0C, 0x30, 0x0C, 0x30, 0x0C, 0x30, 0x0C, 0x30, 0x0C, 0x30, 0x0C,
    0x30, 0x0C, 0x30, 0x0C, 0x30, 0x0C, 0x38, 0x0C, 0x1F, 0xFC, 0x0F, 0xFC,
    0x00, 0x00, 0x00, 0x00, 0x00, 0x00, 0x00, 0x00, 0x00, 0x00, 0x00, 0x00,
    0x00, 0x00, 0x00, 0x00, 0x00, 0x00, 0x00, 0x00, 0x00, 0x00, 0x00, 0x00,
    0x0F, 0xC0, 0x1F, 0xE0, 0x38, 0x70, 0x30, 0x30, 0x30, 0x30, 0x30, 0x30,
    0x30, 0x30, 0x30, 0x70, 0x30, 0xE0, 0x33, 0xC0, 0x33, 0xF0, 0x30, 0x78,
    0x30, 0x1C, 0x30, 0x0C, 0x30, 0x0C, 0x30, 0x0C, 0x36, 0x0C, 0x37, 0x1C,
    0x33, 0xF8, 0x31, 0xF0, 0x00, 0x00, 0x00, 0x00, 0x00, 0x00, 0x00, 0x00,
    0x00, 0x00, 0x00, 0x00, 0x00, 0x00, 0x00, 0x00, 0x00, 0x00, 0x00, 0x00,
    0x00, 0x00, 0x00, 0x00, 0x0C, 0x30, 0x0C, 0x30, 0x0C, 0x30, 0x00, 0x00,
    0x00, 0x00, 0x00, 0x00, 0x1F, 0xF0, 0x1F, 0xF8, 0x00, 0x1C, 0x00, 0x0C,
    0x00, 0x0C, 0x0F, 0xFC, 0x1F, 0xFC, 0x38, 0x0C, 0x30, 0x0C, 0x30, 0x0C,
    0x30, 0x0C, 0x38, 0x0C, 0x1F, 0xFC, 0x0F, 0xFC, 0x00, 0x00, 0x00, 0x00,
    0x00, 0x00, 0x00, 0x00, 0x00, 0x00, 0x00, 0x00, 0x00, 0x00, 0x00, 0x00,
    0x00, 0x00, 0x00, 0x00, 0x00, 0x00, 0x00, 0x00, 0x0C, 0x30, 0x0C, 0x30,
    0x0C, 0x30, 0x00, 0x00, 0x00, 0x00, 0x00, 0x00, 0x0F, 0xF0, 0x1F, 0xF8,
    0x38, 0x1C, 0x30, 0x0C, 0x30, 0x0C, 0x30, 0x0C, 0x30, 0x0C, 0x30, 0x0C,
    0x30, 0x0C, 0x30, 0x0C, 0x30, 0x0C, 0x38, 0x1C, 0x1F, 0xF8, 0x0F, 0xF0,
    0x00, 0x00, 0x00, 0x00, 0x00, 0x00, 0x00, 0x00, 0x00, 0x00, 0x00, 0x00,
    0x00, 0x00, 0x00, 0x00, 0x00, 0x00, 0x00, 0x00, 0x00, 0x00, 0x00, 0x00,
    0x0C, 0x30, 0x0C, 0x30, 0x0C, 0x30, 0x00, 0x00, 0x00, 0x00, 0x00, 0x00,
    0x30, 0x0C, 0x30, 0x0C, 0x30, 0x0C, 0x30, 0x0C, 0x30, 0x0C, 0x30, 0x0C,
    0x30, 0x0C, 0x30, 0x0C, 0x30, 0x0C, 0x30, 0x0C, 0x30, 0x0C, 0x38, 0x0C,
    0x1F, 0xFC, 0x0F, 0xFC, 0x00, 0x00, 0x00, 0x00, 0x00, 0x00, 0x00, 0x00,
    0x00, 0x00, 0x00, 0x00, 0x00, 0x00, 0x00, 0x00, 0x00, 0x00, 0x00, 0x00,
    0x00, 0x00, 0x00, 0x00, 0x00, 0x00, 0x00, 0x00, 0x00, 0x00, 0x00, 0x00,
    0x00, 0x00, 0x00, 0x00, 0x06, 0x00, 0x0E, 0x00, 0x1C, 0x00, 0x38, 0x00,
    0x7F, 0xFE, 0x7F, 0xFE, 0x38, 0x00, 0x1C, 0x00, 0x0E, 0x00, 0x06, 0x00,
    0x00, 0x00, 0x00, 0x00, 0x00, 0x00, 0x00, 0x00, 0x00, 0x00, 0x00, 0x00,
    0x00, 0x00, 0x00, 0x00, 0x00, 0x00, 0x00, 0x00, 0x00, 0x00, 0x00, 0x00,
    0x00, 0x00, 0x00, 0x00, 0x00, 0x00, 0x00, 0x00, 0x01, 0x80, 0x03, 0xC0,
    0x07, 0xE0, 0x0D, 0xB0, 0x19, 0x98, 0x01, 0x80, 0x01, 0x80, 0x01, 0x80,
    0x01, 0x80, 0x01, 0x80, 0x01, 0x80, 0x01, 0x80, 0x01, 0x80, 0x01, 0x80,
    0x01, 0x80, 0x01, 0x80, 0x01, 0x80, 0x01, 0x80, 0x01, 0x80, 0x01, 0x80,
    0x00, 0x00, 0x00, 0x00, 0x00, 0x00, 0x00, 0x00, 0x00, 0x00, 0x00, 0x00,
    0x00, 0x00, 0x00, 0x00, 0x00, 0x00, 0x00, 0x00, 0x00, 0x00, 0x00, 0x00,
    0x00, 0x00, 0x00, 0x00, 0x00, 0x00, 0x00, 0x00, 0x00, 0x00, 0x00, 0x00,
    0x00, 0x60, 0x00, 0x70, 0x00, 0x38, 0x00, 0x1C, 0x7F, 0xFE, 0x7F, 0xFE,
    0x00, 0x1C, 0x00, 0x38, 0x00, 0x70, 0x00, 0x60, 0x00, 0x00, 0x00, 0x00,
    0x00, 0x00, 0x00, 0x00, 0x00, 0x00, 0x00, 0x00, 0x00, 0x00, 0x00, 0x00,
    0x00, 0x00, 0x00, 0x00, 0x00, 0x00, 0x00, 0x00, 0x00, 0x00, 0x00, 0x00,
    0x00, 0x00, 0x00, 0x00, 0x01, 0x80, 0x01, 0x80, 0x01, 0x80, 0x01, 0x80,
    0x01, 0x80, 0x01, 0x80, 0x01, 0x80, 0x01, 0x80, 0x01, 0x80, 0x01, 0x80,
    0x01, 0x80, 0x01, 0x80, 0x01, 0x80, 0x01, 0x80, 0x01, 0x80, 0x19, 0x98,
    0x0D, 0xB0, 0x07, 0xE0, 0x03, 0xC0, 0x01, 0x80, 0x00, 0x00, 0x00, 0x00,
    0x00, 0x00, 0x00, 0x00, 0x00, 0x00, 0x00, 0x00, 0x00, 0x00, 0x00, 0x00,
    0x00, 0x00, 0x00, 0x00, 0x00, 0x00, 0x00, 0x00, 0x00, 0x00, 0x00, 0x00,
    0x00, 0x00, 0x00, 0x00, 0x00, 0x00, 0x00, 0x00, 0x00, 0x00, 0x00, 0x00,
    0x00, 0x00, 0xFF, 0xFF, 0xFF, 0xFF, 0x00, 0x00, 0x00, 0x00, 0x00, 0x00,
    0x00, 0x00, 0x00, 0x00, 0x00, 0x00, 0x00, 0x00, 0x00, 0x00, 0x00, 0x00,
    0x00, 0x00, 0x00, 0x00, 0x00, 0x00, 0x00, 0x00, 0x00, 0x00, 0x00, 0x00,
    0x01, 0x80, 0x01, 0x80, 0x01, 0x80, 0x01, 0x80, 0x01, 0x80, 0x01, 0x80,
    0x01, 0x80, 0x01, 0x80, 0x01, 0x80, 0x01, 0x80, 0x01, 0x80, 0x01, 0x80,
    0x01, 0x80, 0x01, 0x80, 0x01, 0x80, 0x01, 0x80, 0x01, 0x80, 0x01, 0x80,
    0x01, 0x80, 0x01, 0x80, 0x01, 0x80, 0x01, 0x80, 0x01, 0x80, 0x01, 0x80,
    0x01, 0x80, 0x01, 0x80, 0x01, 0x80, 0x01, 0x80, 0x01, 0x80, 0x01, 0x80,
    0x01, 0x80, 0x01, 0x80, 0x00, 0x00, 0x00, 0x00, 0x00, 0x00, 0x00, 0x00,
    0x00, 0x00, 0x00, 0x00, 0x00, 0x00, 0x00, 0x00, 0x00, 0x00, 0x00, 0x00,
    0x00, 0x00, 0x00, 0x00, 0x00, 0x00, 0x00, 0x00, 0x00, 0x00, 0x01, 0xFF,
    0x01, 0xFF, 0x01, 0x80, 0x01, 0x80, 0x01, 0x80, 0x01, 0x80, 0x01, 0x80,
    0x01, 0x80, 0x01, 0x80, 0x01, 0x80, 0x01, 0x80, 0x01, 0x80, 0x01, 0x80,
    0x01, 0x80, 0x01, 0x80, 0x01, 0x80, 0x01, 0x80, 0x00, 0x00, 0x00, 0x00,
    0x00, 0x00, 0x00, 0x00, 0x00, 0x00, 0x00, 0x00, 0x00, 0x00, 0x00, 0x00,
    0x00, 0x00, 0x00, 0x00, 0x00, 0x00, 0x00, 0x00, 0x00, 0x00, 0x00, 0x00,
    0x00, 0x00, 0xFF, 0x80, 0xFF, 0x80, 0x01, 0x80, 0x01, 0x80, 0x01, 0x80,
    0x01, 0x80, 0x01, 0x80, 0x01, 0x80, 0x01, 0x80, 0x01, 0x80, 0x01, 0x80,
    0x01, 0x80, 0x01, 0x80, 0x01, 0x80, 0x01, 0x80, 0x01, 0x80, 0x01, 0x80,
    0x01, 0x80, 0x01, 0x80, 0x01, 0x80, 0x01, 0x80, 0x01, 0x80, 0x01, 0x80,
    0x01, 0x80, 0x01, 0x80, 0x01, 0x80, 0x01, 0x80, 0x01, 0x80, 0x01, 0x80,
    0x01, 0x80, 0x01, 0x80, 0x01, 0x80, 0x01, 0xFF, 0x01, 0xFF, 0x00, 0x00,
    0x00, 0x00, 0x00, 0x00, 0x00, 0x00, 0x00, 0x00, 0x00, 0x00, 0x00, 0x00,
    0x00, 0x00, 0x00, 0x00, 0x00, 0x00, 0x00, 0x00, 0x00, 0x00, 0x00, 0x00,
    0x00, 0x00, 0x00, 0x00, 0x01, 0x80, 0x01, 0x80, 0x01, 0x80, 0x01, 0x80,
    0x01, 0x80, 0x01, 0x80, 0x01, 0x80, 0x01, 0x80, 0x01, 0x80, 0x01, 0x80,
    0x01, 0x80, 0x01, 0x80, 0x01, 0x80, 0x01, 0x80, 0x01, 0x80, 0xFF, 0x80,
    0xFF, 0x80, 0x00, 0x00, 0x00, 0x00, 0x00, 0x00, 0x00, 0x00, 0x00, 0x00,
    0x00, 0x00, 0x00, 0x00, 0x00, 0x00, 0x00, 0x00, 0x00, 0x00, 0x00, 0x00,
    0x00, 0x00, 0x00, 0x00, 0x00, 0x00, 0x00, 0x00, 0x00, 0x00, 0x00, 0x00,
    0x00, 0x00, 0x00, 0x00, 0x30, 0x00, 0x30, 0x00, 0x30, 0x30, 0x30, 0x78,
    0x30, 0xFC, 0x31, 0xFE, 0x30, 0x30, 0x30, 0x30, 0x30, 0x30, 0x30, 0x30,
    0x30, 0x60, 0x30, 0xC0, 0x21, 0x80, 0x03, 0x00, 0x06, 0x00, 0x0C, 0x00,
    0x18, 0x00, 0x30, 0x00, 0x30, 0x00, 0x30, 0x00, 0x30, 0x00, 0x30, 0x00,
    0x30, 0x00, 0x30, 0x00, 0x00, 0x00, 0x00, 0x00, 0x00, 0x00, 0x00, 0x00,
    0x80, 0x00, 0xC0, 0x00, 0xE0, 0x00, 0xF0, 0x00, 0xF8, 0x00, 0xFC, 0x00,
    0xFE, 0x00, 0xFF, 0x00, 0xFF, 0x80, 0xFF, 0xC0, 0xFF, 0xE0, 0xFF, 0xF0,
    0xFF, 0xF8, 0xFF, 0xFC, 0xFF, 0xFE, 0xFF, 0xFF, 0xFF, 0xFF, 0xFF, 0xFE,
    0xFF, 0xFC, 0xFF, 0xF8, 0xFF, 0xF0, 0xFF, 0xE0, 0xFF, 0xC0, 0xFF, 0x80,
    0xFF, 0x00, 0xFE, 0x00, 0xFC, 0x00, 0xF8, 0x00, 0xF0, 0x00, 0xE0, 0x00,
    0xC0, 0x00, 0x80, 0x00, 0x80, 0x00, 0xC0, 0x00, 0x60, 0x00, 0x30, 0x00,
    0x18, 0x00, 0x0C, 0x00, 0x06, 0x00, 0x03, 0x00, 0x01, 0x80, 0x00, 0xC0,
    0x00, 0x60, 0x00, 0x30, 0x00, 0x18, 0x00, 0x0C, 0x00, 0x06, 0x00, 0x03,
    0x00, 0x03, 0x00, 0x06, 0x00, 0x0C, 0x00, 0x18, 0x00, 0x30, 0x00, 0x60,
    0x00, 0xC0, 0x01, 0x80, 0x03, 0x00, 0x06, 0x00, 0x0C, 0x00, 0x18, 0x00,
    0x30, 0x00, 0x60, 0x00, 0xC0, 0x00, 0x80, 0x00, 0x00, 0x01, 0x00, 0x03,
    0x00, 0x07, 0x00, 0x0F, 0x00, 0x1F, 0x00, 0x3F, 0x00, 0x7F, 0x00, 0xFF,
    0x01, 0xFF, 0x03, 0xFF, 0x07, 0xFF, 0x0F, 0xFF, 0x1F, 0xFF, 0x3F, 0xFF,
    0x7F, 0xFF, 0xFF, 0xFF, 0xFF, 0xFF, 0x7F, 0xFF, 0x3F, 0xFF, 0x1F, 0xFF,
    0x0F, 0xFF, 0x07, 0xFF, 0x03, 0xFF, 0x01, 0xFF, 0x00, 0xFF, 0x00, 0x7F,
    0x00, 0x3F, 0x00, 0x1F, 0x00, 0x0F, 0x00, 0x07, 0x00, 0x03, 0x00, 0x01,
    0x00, 0x01, 0x00, 0x03, 0x00, 0x06, 0x00, 0x0C, 0x00, 0x18, 0x00, 0x30,
    0x00, 0x60, 0x00, 0xC0, 0x01, 0x80, 0x03, 0x00, 0x06, 0x00, 0x0C, 0x00,
    0x18, 0x00, 0x30, 0x00, 0x60, 0x00, 0xC0, 0x00, 0xC0, 0x00, 0x60, 0x00,
    0x30, 0x00, 0x18, 0x00, 0x0C, 0x00, 0x06, 0x00, 0x03, 0x00, 0x01, 0x80,
    0x00, 0xC0, 0x00, 0x60, 0x00, 0x30, 0x00, 0x18, 0x00, 0x0C, 0x00, 0x06,
    0x00, 0x03, 0x00, 0x01, 0x00, 0x00, 0x00, 0x00, 0x00, 0x03, 0xC0, 0x00,
    0x00, 0x07, 0xE0, 0x00, 0x00, 0x0C, 0x30, 0x00, 0x00, 0x0C, 0x10, 0x00,
    0x00, 0x0F, 0x10, 0x00, 0x00, 0x08, 0x10, 0x00, 0x00, 0x08, 0x10, 0x00,
    0x00, 0x0F, 0x10, 0x00, 0x00, 0x0F, 0x10, 0x00, 0x00, 0x08, 0x10, 0x00,
    0x00, 0x0F, 0x10, 0x00, 0x00, 0x0F, 0x10, 0x00, 0x00, 0x08, 0x10, 0x00,
    0x00, 0x09, 0x90, 0x00, 0x00, 0x09, 0x90, 0x00, 0x00, 0x09, 0x90, 0x00,
    0x00, 0x09, 0x90, 0x00, 0x00, 0x09, 0x90, 0x00, 0x00, 0x19, 0x98, 0x00,
    0x00, 0x39, 0x9C, 0x00, 0x00, 0x33, 0xCC, 0x00, 0x00, 0x67, 0xE6, 0x00,
    0x00, 0x6F, 0xF6, 0x00, 0x00, 0x6F, 0xF6, 0x00, 0x00, 0x6F, 0xF6, 0x00,
    0x00, 0x67, 0xE6, 0x00, 0x00, 0x33, 0xCC, 0x00, 0x00, 0x18, 0x18, 0x00,
    0x00, 0x0F, 0xF0, 0x00, 0x00, 0x07, 0xE0, 0x00, 0x00, 0x00, 0x00, 0x00,
    0x00, 0x00, 0x00, 0x00, 0x00, 0x00, 0x30, 0x00, 0x00, 0x00, 0x70, 0x00,
    0x01, 0x80, 0xF0, 0x00, 0x01, 0xC1, 0x90, 0x00, 0x01, 0xF1, 0x98, 0x00,
    0x01, 0xBB, 0x18, 0x00, 0x01, 0x8F, 0xF8, 0xF8, 0x01, 0xBC, 0x3F, 0xF8,
    0x00, 0xF0, 0x0E, 0x30, 0x00, 0xE0, 0x07, 0x20, 0x07, 0xC0, 0x03, 0x60,
    0x7F, 0x80, 0x01, 0xC0, 0x61, 0x80, 0x01, 0x80, 0x71, 0x00, 0x00, 0xC0,
    0x1D, 0x00, 0x00, 0xF0, 0x07, 0x00, 0x00, 0xB8, 0x03, 0x00, 0x00, 0x8E,
    0x01, 0x80, 0x01, 0x86, 0x03, 0x80, 0x01, 0xFE, 0x06, 0xC0, 0x03, 0xE0,
    0x0C, 0x60, 0x07, 0x00, 0x0C, 0x70, 0x0F, 0x00, 0x1F, 0xFE, 0x79, 0x80,
    0x0F, 0x1F, 0xF1, 0x80, 0x00, 0x18, 0xDD, 0x80, 0x00, 0x19, 0x8F, 0x80,
    0x00, 0x09, 0x03, 0x80, 0x00, 0x0B, 0x00, 0x00, 0x00, 0x0E, 0x00, 0x00,
    0x00, 0x0C, 0x00, 0x00, 0x00, 0x00, 0x00, 0x00, 0x00, 0x00, 0x00, 0x00,
    0x00, 0x00, 0x00, 0x00, 0x00, 0x00, 0x00, 0x00, 0x00, 0x00, 0x00, 0x00,
    0x00, 0x00, 0x00, 0x00, 0x00, 0x00, 0xFC, 0x00, 0x00, 0x01, 0xFF, 0x00,
    0x00, 0x07, 0x01, 0x80, 0x00, 0x04, 0x00, 0xC0, 0x00, 0x0C, 0x00, 0x60,
    0x00, 0x38, 0x00, 0x60, 0x00, 0xFC, 0x00, 0x20, 0x01, 0x86, 0x00, 0x20,
    0x03, 0x03, 0x00, 0x20, 0x02, 0x03, 0x00, 0x20, 0x06, 0x01, 0x00, 0x38,
    0x1E, 0x00, 0x00, 0x0C, 0x30, 0x00, 0x00, 0x06, 0x60, 0x00, 0x00, 0x06,
    0x60, 0x00, 0x00, 0x06, 0x60, 0x00, 0x00, 0x06, 0x60, 0x00, 0x00, 0x06,
    0x30, 0x00, 0x00, 0x0C, 0x1F, 0xE0, 0x00, 0x78, 0x03, 0x7F, 0xC0, 0xE0,
    0x00, 0x1F, 0xFF, 0x80, 0x00, 0x00, 0x3F, 0x00, 0x00, 0x00, 0x00, 0x00,
    0x00, 0x00, 0x00, 0x00, 0x00, 0x00, 0x00, 0x00, 0x00, 0x00, 0x00, 0x00,
    0x00, 0x00, 0x00, 0x00, 0x00, 0x00, 0x00, 0x00, 0x00, 0x00, 0xFC, 0x00,
    0x00, 0x03, 0xFF, 0x00, 0x00, 0x07, 0x01, 0x80, 0x00, 0x0E, 0x00, 0xC0,
    0x00, 0x0C, 0x00, 0x60, 0x00, 0x78, 0x00, 0x60, 0x01, 0xFC, 0x00, 0x20,
    0x01, 0x86, 0x00, 0x20, 0x03, 0x03, 0x00, 0x20, 0x02, 0x01, 0x00, 0x30,
    0x0E, 0x01, 0x00, 0x38, 0x3E, 0x00, 0x00, 0x0C, 0x60, 0x00, 0x00, 0x06,
    0x60, 0x00, 0x00, 0x06, 0x60, 0x00, 0x00, 0x06, 0x60, 0x00, 0x00, 0x06,
    0x3F, 0xFF, 0xFF, 0xFC, 0x1F, 0xFF, 0xFF, 0xF0, 0x00, 0x00, 0x00, 0x00,
    0x03, 0x00, 0x80, 0x20, 0x07, 0x01, 0xC0, 0x60, 0x07, 0x03, 0xC0, 0xE0,
    0x0F, 0x03, 0x80, 0xE0, 0x06, 0x01, 0x80, 0xC0, 0x00, 0x10, 0x08, 0x00,
    0x00, 0x30, 0x18, 0x00, 0x00, 0x70, 0x38, 0x00, 0x00, 0x70, 0x38, 0x00,
    0x00, 0x70, 0x38, 0x00, 0x00, 0x00, 0x00, 0x00, 0x00, 0x00, 0x00, 0x00,
    0x00, 0x00, 0x00, 0x00, 0x00, 0x08, 0x10, 0x00, 0x00, 0x08, 0x10, 0x00,
    0x00, 0x1C, 0x38, 0x00, 0x00, 0x1E, 0x78, 0x00, 0x06, 0x1F, 0xF8, 0x60,
    0x07, 0xDE, 0x7B, 0xE0, 0x03, 0xF0, 0x0F, 0xC0, 0x03, 0xC0, 0x03, 0xC0,
    0x03, 0x80, 0x01, 0xC0, 0x01, 0x00, 0x00, 0x80, 0x1F, 0x00, 0x00, 0xF8,
    0x7E, 0x19, 0x98, 0x7E, 0x1E, 0x19, 0x98, 0x78, 0x0E, 0x19, 0x98, 0x70,
    0x04, 0x00, 0xC0, 0x20, 0x04, 0x00, 0xC0, 0x20, 0x0C, 0x01, 0x80, 0x30,
    0x1E, 0x00, 0x00, 0x78, 0x7E, 0x07, 0xE0, 0x7E, 0x1F, 0x03, 0xC0, 0xF8,
    0x01, 0x00, 0x00, 0x80, 0x03, 0x80, 0x01, 0xC0, 0x03, 0xC0, 0x03, 0xC0,
    0x03, 0xF0, 0x0F, 0xC0, 0x07, 0xDE, 0x7B, 0xE0, 0x06, 0x1F, 0xF8, 0x60,
    0x00, 0x1E, 0x78, 0x00, 0x00, 0x1C, 0x38, 0x00, 0x00, 0x08, 0x10, 0x00,
    0x00, 0x08, 0x10, 0x00, 0x00, 0x00, 0x00, 0x00, 0x00, 0x00, 0x00, 0x00,
    0x00, 0x00, 0x02, 0x00, 0x00, 0x00, 0x03, 0x80, 0x00, 0x00, 0x01, 0xC0,
    0x00, 0x00, 0x01, 0x60, 0x00, 0x00, 0x01, 0xB0, 0x00, 0x00, 0x01, 0x98,
    0x00, 0x00, 0x01, 0x88, 0x00, 0x00, 0x01, 0x8C, 0x00, 0x00, 0x01, 0x8C,
    0x00, 0x00, 0x01, 0x86, 0x00, 0x00, 0x01, 0x86, 0x00, 0x00, 0x01, 0x86,
    0x00, 0x00, 0x01, 0x86, 0x00, 0x00, 0x01, 0x06, 0x00, 0x00, 0x03, 0x06,
    0x00, 0x00, 0x03, 0x06, 0x00, 0x00, 0x06, 0x06, 0x00, 0x00, 0x0C, 0x06,
    0x00, 0x00, 0x1C, 0x0C, 0x60, 0x00, 0x38, 0x0C, 0x78, 0x00, 0xE0, 0x18,
    0x3F, 0xFF, 0xC0, 0x18, 0x1B, 0xFE, 0x00, 0x30, 0x18, 0x00, 0x00, 0x60,
    0x0E, 0x00, 0x00, 0xC0, 0x07, 0x00, 0x03, 0x80, 0x01, 0xC0, 0x0F, 0x00,
    0x00, 0xFF, 0xFC, 0x00, 0x00, 0x1F, 0xF0, 0x00, 0x00, 0x00, 0x00, 0x00,
    0x00, 0x00, 0x00, 0x00
};

const BitmapGlyph Spleen16x32Glyphs[] PROGMEM = {
    { 0x0020,     0, 16, 32, 16,   0, -26 },
    { 0x0021,    64, 16, 32, 16,   0, -26 },
    { 0x0022,   128, 16, 32, 16,   0, -26 },
    { 0x0023,   192, 16, 32, 16,   0, -26 },
    { 0x0024,   256, 16, 32, 16,   0, -26 },
    { 0x0025,   320, 16, 32, 16,   0, -26 },
    { 0x0026,   384, 16, 32, 16,   0, -26 },
    { 0x0027,   448, 16, 32, 16,   0, -26 },
    { 0x0028,   512, 16, 32, 16,   0, -26 },
    { 0x0029,   576, 16, 32, 16,   0, -26 },
    { 0x002A,   640, 16, 32, 16,   0, -26 },
    { 0x002B,   704, 16, 32, 16,   0, -26 },
    { 0x002C,   768, 16, 32, 16,   0, -26 },
    { 0x002D,   832, 16, 32, 16,   0, -26 },
    { 0x002E,   896, 16, 32, 16,   0, -26 },
    { 0x002F,   960, 16, 32, 16,   0, -26 },
    { 0x0030,  1024, 16, 32, 16,   0, -26 },
    { 0x0031,  1088, 16, 32, 16,   0, -26 },
    { 0x0032,  1152, 16, 32, 16,   0, -26 },
    { 0x0033,  1216, 16, 32, 16,   0, -26 },
    { 0x0034,  1280, 16, 32, 16,   0, -26 },
    { 0x0035,  1344, 16, 32, 16,   0, -26 },
    { 0x0036,  1408, 16, 32, 16,   0, -26 },
    { 0x0037,  1472, 16, 32, 16,   0, -26 },
    { 0x0038,  1536, 16, 32, 16,   0, -26 },
    { 0x0039,  1600, 16, 32, 16,   0, -26 },
    { 0x003A,  1664, 16, 32, 16,   0, -26 },
    { 0x003B,  1728, 16, 32, 16,   0, -26 },
    { 0x003C,  1792, 16, 32, 16,   0, -26 },
    { 0x003D,  1856, 16, 32, 16,   0, -26 },
    { 0x003E,  1920, 16, 32, 16,   0, -26 },
    { 0x003F,  1984, 16, 32, 16,   0, -26 },
    { 0x0040,  2048, 16, 32, 16,   0, -26 },
    { 0x0041,  2112, 16, 32, 16,   0, -26 },
    { 0x0042,  2176, 16, 32, 16,   0, -26 },
    { 0x0043,  2240, 16, 32, 16,   0, -26 },
    { 0x0044,  2304, 16, 32, 16,   0, -26 },
    { 0x0045,  2368, 16, 32, 16,   0, -26 },
    { 0x0046,  2432, 16, 32, 16,   0, -26 },
    { 0x0047,  2496, 16, 32, 16,   0, -26 },
    { 0x0048,  2560, 16, 32, 16,   0, -26 },
    { 0x0049,  2624, 16, 32, 16,   0, -26 },
    { 0x004A,  2688, 16, 32, 16,   0, -26 },
    { 0x004B,  2752, 16, 32, 16,   0, -26 },
    { 0x004C,  2816, 16, 32, 16,   0, -26 },
    { 0x004D,  2880, 16, 32, 16,   0, -26 },
    { 0x004E,  2944, 16, 32, 16,   0, -26 },
    { 0x004F,  3008, 16, 32, 16,   0, -26 },
    { 0x0050,  3072, 16, 32, 16,   0, -26 },
    { 0x0051,  3136, 16, 32, 16,   0, -26 },
    { 0x0052,  3200, 16, 32, 16,   0, -26 },
    { 0x0053,  3264, 16, 32, 16,   0, -26 },
    { 0x0054,  3328, 16, 32, 16,   0, -26 },
    { 0x0055,  3392, 16, 32, 16,   0, -26 },
    { 0x0056,  3456, 16, 32, 16,   0, -26 },
    { 0x0057,  3520, 16, 32, 16,   0, -26 },
    { 0x0058,  3584, 16, 32, 16,   0, -26 },
    { 0x0059,  3648, 16, 32, 16,   0, -26 },
    { 0x005A,  3712, 16, 32, 16,   0, -26 },
    { 0x005B,  3776, 16, 32, 16,   0, -26 },
    { 0x005C,  3840, 16, 32, 16,   0, -26 },
    { 0x005D,  3904, 16, 32, 16,   0, -26 },
    { 0x005E,  3968, 16, 32, 16,   0, -26 },
    { 0x005F,  4032, 16, 32, 16,   0, -26 },
    { 0x0060,  4096, 16, 32, 16,   0, -26 },
    { 0x0061,  4160, 16, 32, 16,   0, -26 },
    { 0x0062,  4224, 16, 32, 16,   0, -26 },
    { 0x0063,  4288, 16, 32, 16,   0, -26 },
    { 0x0064,  4352, 16, 32, 16,   0, -26 },
    { 0x0065,  4416, 16, 32, 16,   0, -26 },
    { 0x0066,  4480, 16, 32, 16,   0, -26 },
    { 0x0067,  4544, 16, 32, 16,   0, -26 },
    { 0x0068,  4608, 16, 32, 16,   0, -26 },
    { 0x0069,  4672, 16, 32, 16,   0, -26 },
    { 0x006A,  4736, 16, 32, 16,   0, -26 },
    { 0x006B,  4800, 16, 32, 16,   0, -26 },
    { 0x006C,  4864, 16, 32, 16,   0, -26 },
    { 0x006D,  4928, 16, 32, 16,   0, -26 },
    { 0x006E,  4992, 16, 32, 16,   0, -26 },
    { 0x006F,  5056, 16, 32, 16,   0, -26 },
    { 0x0070,  5120, 16, 32, 16,   0, -26 },
    { 0x0071,  5184, 16, 32, 16,   0, -26 },
    { 0x0072,  5248, 16, 32, 16,   0, -26 },
    { 0x0073,  5312, 16, 32, 16,   0, -26 },
    { 0x0074,  5376, 16, 32, 16,   0, -26 },
    { 0x0075,  5440, 16, 32, 16,   0, -26 },
    { 0x0076,  5504, 16, 32, 16,   0, -26 },
    { 0x0077,  5568, 16, 32, 16,   0, -26 },
    { 0x0078,  5632, 16, 32, 16,   0, -26 },
    { 0x0079,  5696, 16, 32, 16,   0, -26 },
    { 0x007A,  5760, 16, 32, 16,   0, -26 },
    { 0x007B,  5824, 16, 32, 16,   0, -26 },
    { 0x007C,  5888, 16, 32, 16,   0, -26 },
    { 0x007D,  5952, 16, 32, 16,   0, -26 },
    { 0x007E,  6016, 16, 32, 16,   0, -26 },
    { 0x00B0,  6080, 16, 32, 16,   0, -26 },
    { 0x00C4,  6144, 16, 32, 16,   0, -26 },
    { 0x00D6,  6208, 16, 32, 16,   0, -26 },
    { 0x00DC,  6272, 16, 32, 16,   0, -26 },
    { 0x00DF,  6336, 16, 32, 16,   0, -26 },
    { 0x00E4,  6400, 16, 32, 16,   0, -26 },
    { 0x00F6,  6464, 16, 32, 16,   0, -26 },
    { 0x00FC,  6528, 16, 32, 16,   0, -26 },
    { 0x2190,  6592, 16, 32, 16,   0, -26 },
    { 0x2191,  6656, 16, 32, 16,   0, -26 },
    { 0x2192,  6720, 16, 32, 16,   0, -26 },
    { 0x2193,  6784, 16, 32, 16,   0, -26 },
    { 0x2500,  6848, 16, 32, 16,   0, -26 },
    { 0x2502,  6912, 16, 32, 16,   0, -26 },
    { 0x250C,  6976, 16, 32, 16,   0, -26 },
    { 0x2510,  7040, 16, 32, 16,   0, -26 },
    { 0x2514,  7104, 16, 32, 16,   0, -26 },
    { 0x2518,  7168, 16, 32, 16,   0, -26 },
    { 0xE0A0,  7232, 16, 32, 16,   0, -26 },
    { 0xE0B0,  7296, 16, 32, 16,   0, -26 },
    { 0xE0B1,  7360, 16, 32, 16,   0, -26 },
    { 0xE0B2,  7424, 16, 32, 16,   0, -26 },
    { 0xE0B3,  7488, 16, 32, 16,   0, -26 },
    { 0x1F321,  7552, 32, 32, 32,   0, -26 },
    { 0x2600,  7680, 32, 32, 32,   0, -26 },
    { 0x2601,  7808, 32, 32, 32,   0, -26 },
    { 0x1F327,  7936, 32, 32, 32,   0, -26 },
    { 0x1F31E,  8064, 32, 32, 32,   0, -26 },
    { 0x1F319,  8192, 32, 32, 32,   0, -26 }
};

const BitmapFont Spleen16x32 = {
    Spleen16x32Bitmaps,
    Spleen16x32Glyphs,
    124,
    32,
    26
};
